site_id,observed_date,streamflow_cfs_max,classification
06006000,2008-06-23,156.0,Q2
06006000,2011-06-30,245.0,Q10
06006000,2012-06-06,154.0,Q2
06006000,2014-05-29,155.0,Q2
06006000,2017-06-13,181.0,Q2
06006000,2018-06-01,175.0,Q2
06006000,2019-06-08,184.0,Q2
06006000,2022-06-13,231.0,Q10
06006000,2023-06-15,184.0,Q2
06012500,2009-06-03,651.0,Q2
06012500,2011-06-13,895.0,Q25
06012500,2014-06-01,717.0,Q2
06012500,2015-06-03,769.0,Q5
06012500,2016-06-06,655.0,Q2
06012500,2018-04-29,698.0,Q2
06012500,2019-06-05,707.0,Q2
06012500,2020-05-01,707.0,Q2
06012500,2021-06-23,665.0,Q2
06012500,2023-05-30,783.0,Q5
06016000,2010-06-18,1130.0,Q10
06016000,2011-08-01,1170.0,Q10
06016000,2013-07-18,1050.0,Q2
06016000,2017-03-15,1010.0,Q2
06016000,2018-06-19,1200.0,Q25
06016000,2023-07-23,1020.0,Q2
06017000,2009-06-22,452.0,Q2
06017000,2009-10-19,459.0,Q2
06017000,2010-06-18,584.0,Q2
06017000,2011-06-10,801.0,Q10
06017000,2017-03-15,700.0,Q5
06017000,2018-06-22,881.0,Q10
06017000,2019-05-06,585.0,Q2
06017000,2020-05-02,480.0,Q2
06017000,2024-04-16,717.0,Q5
06018500,2009-06-22,584.0,Q2
06018500,2009-10-20,776.0,Q5
06018500,2010-05-30,603.0,Q2
06018500,2010-06-19,713.0,Q2
06018500,2010-11-09,630.0,Q2
06018500,2011-06-12,863.0,Q5
06018500,2017-03-16,759.0,Q5
06018500,2018-06-24,1020.0,Q10
06018500,2019-04-10,683.0,Q2
06018500,2024-04-14,723.0,Q2
06019500,2008-05-20,1190.0,Q2
06019500,2009-05-20,989.0,Q2
06019500,2010-06-05,1150.0,Q2
06019500,2011-06-08,1860.0,Q50
06019500,2017-05-13,1130.0,Q2
06019500,2018-05-25,1040.0,Q2
06019500,2020-06-01,1030.0,Q2
06019500,2022-06-14,1430.0,Q5
06019500,2023-05-26,1280.0,Q5
06020600,2008-05-22,1040.0,Q2
06020600,2010-06-05,1070.0,Q2
06020600,2011-06-10,1750.0,Q10
06020600,2014-05-29,953.0,Q2
06020600,2017-05-14,1120.0,Q2
06020600,2018-05-25,948.0,Q2
06020600,2020-06-01,946.0,Q2
06020600,2022-06-14,1660.0,Q10
06020600,2023-05-26,1350.0,Q5
06023100,2010-06-19,2830.0,Q25
06023100,2011-07-01,2900.0,Q25
06023100,2018-06-28,1450.0,Q5
06023100,2018-10-02,932.0,Q2
06023100,2023-09-05,902.0,Q2
06024450,2009-04-23,2630.0,Q2
06024450,2009-06-08,2190.0,Q2
06024450,2009-06-22,2360.0,Q2
06024450,2010-06-06,2030.0,Q2
06024450,2010-06-17,3970.0,Q5
06024450,2011-05-26,2030.0,Q2
06024450,2011-06-10,3500.0,Q5
06024450,2012-04-28,2370.0,Q2
06024450,2017-06-14,4550.0,Q10
06024450,2018-06-02,3160.0,Q2
06024450,2018-06-19,2220.0,Q2
06024450,2020-06-18,4510.0,Q10
06024540,2008-05-22,4900.0,Q2
06024540,2009-05-27,4690.0,Q2
06024540,2010-06-18,5630.0,Q2
06024540,2011-06-10,6660.0,Q5
06024540,2012-04-28,4280.0,Q2
06024540,2014-05-28,4770.0,Q2
06024540,2017-06-15,7300.0,Q10
06024540,2018-06-02,5850.0,Q5
06024540,2018-06-20,5030.0,Q2
06024540,2020-05-22,5110.0,Q2
06024540,2020-06-19,6770.0,Q5
06025250,2008-05-21,7840.0,Q2
06025250,2009-05-25,8090.0,Q2
06025250,2010-06-18,9750.0,Q5
06025250,2011-06-10,11100.0,Q10
06025250,2014-05-27,8520.0,Q2
06025250,2017-06-15,8860.0,Q2
06025250,2018-05-27,10200.0,Q5
06025250,2020-05-22,7100.0,Q2
06025250,2020-06-19,8870.0,Q2
06025500,2008-05-21,7660.0,Q2
06025500,2009-06-01,7980.0,Q2
06025500,2010-06-18,10000.0,Q5
06025500,2011-06-10,11700.0,Q10
06025500,2014-05-27,8640.0,Q2
06025500,2017-06-15,9330.0,Q5
06025500,2018-05-27,10300.0,Q5
06025500,2020-05-22,6830.0,Q2
06025500,2020-06-19,8780.0,Q2
06026210,2008-05-21,8260.0,Q2
06026210,2009-06-01,8470.0,Q2
06026210,2010-06-18,10400.0,Q5
06026210,2011-06-10,11900.0,Q10
06026210,2014-05-29,8390.0,Q2
06026210,2017-06-15,9100.0,Q2
06026210,2018-05-27,11100.0,Q10
06026210,2020-05-22,6940.0,Q2
06026210,2020-06-19,8450.0,Q2
06026420,2009-06-02,8120.0,Q2
06026420,2010-06-19,9500.0,Q5
06026420,2011-06-13,11500.0,Q10
06026420,2012-04-28,6140.0,Q2
06026420,2014-05-28,7950.0,Q2
06026420,2017-06-16,7710.0,Q2
06026420,2018-05-26,9250.0,Q5
06026420,2020-06-20,7760.0,Q2
06026420,2022-06-14,5790.0,Q2
06026500,2008-05-22,8320.0,Q2
06026500,2009-06-02,9150.0,Q2
06026500,2010-06-19,11600.0,Q5
06026500,2011-06-11,13400.0,Q10
06026500,2012-04-28,7670.0,Q2
06026500,2014-05-30,9350.0,Q2
06026500,2017-06-16,10400.0,Q2
06026500,2018-05-28,12400.0,Q5
06026500,2020-06-20,9560.0,Q2
06033000,2009-05-30,1470.0,Q2
06033000,2010-06-17,2140.0,Q5
06033000,2011-06-07,3650.0,Q50
06033000,2014-05-25,1570.0,Q2
06033000,2018-05-11,2740.0,Q10
06033000,2018-06-20,1940.0,Q5
06033000,2019-05-17,1510.0,Q2
06033000,2020-05-20,1450.0,Q2
06033000,2023-05-05,1500.0,Q2
06035000,2010-07-03,374.0,Q5
06035000,2011-07-01,368.0,Q5
06035000,2014-06-27,245.0,Q2
06035000,2015-06-04,281.0,Q2
06035000,2017-06-13,300.0,Q2
06035000,2018-06-22,389.0,Q5
06035000,2019-04-21,244.0,Q2
06035000,2019-06-08,393.0,Q5
06035000,2022-06-13,281.0,Q2
06035000,2023-06-04,430.0,Q10
06036650,2008-06-07,8600.0,Q2
06036650,2009-06-02,10100.0,Q2
06036650,2010-06-20,14700.0,Q10
06036650,2011-06-13,17700.0,Q25
06036650,2014-05-31,9840.0,Q2
06036650,2017-06-17,10300.0,Q2
06036650,2018-06-03,14600.0,Q10
06036650,2019-05-19,8300.0,Q2
06036650,2020-06-21,9930.0,Q2
06036650,2022-06-14,8820.0,Q2
06036650,2023-05-29,8890.0,Q2
06036805,2010-06-05,398.0,Q5
06036805,2011-06-08,477.0,Q10
06036805,2014-05-28,314.0,Q2
06036805,2017-06-22,331.0,Q2
06036805,2018-05-23,341.0,Q2
06036805,2019-06-08,302.0,Q2
06036805,2022-06-13,585.0,Q50
06036805,2023-06-19,381.0,Q2
06036905,2008-06-03,972.0,Q2
06036905,2009-05-20,1020.0,Q2
06036905,2010-06-05,1140.0,Q2
06036905,2011-06-08,1630.0,Q25
06036905,2013-05-14,947.0,Q2
06036905,2014-05-28,1170.0,Q2
06036905,2017-05-25,1030.0,Q2
06036905,2018-05-23,1260.0,Q5
06036905,2022-06-13,1470.0,Q10
06037100,2008-05-20,959.0,Q5
06037100,2009-05-20,863.0,Q5
06037100,2011-06-08,1010.0,Q10
06037100,2014-05-26,621.0,Q2
06037100,2017-05-13,791.0,Q2
06037100,2018-05-24,877.0,Q5
06037100,2022-06-13,1150.0,Q10
06037500,2008-05-20,1710.0,Q2
06037500,2009-05-19,1570.0,Q2
06037500,2010-06-05,1650.0,Q2
06037500,2011-06-08,2520.0,Q10
06037500,2014-05-25,1580.0,Q2
06037500,2017-05-13,1470.0,Q2
06037500,2018-05-24,1960.0,Q5
06037500,2022-06-13,2580.0,Q25
06038500,2008-06-05,2690.0,Q2
06038500,2008-08-31,3710.0,Q10
06038500,2010-06-09,2670.0,Q2
06038500,2011-06-19,3230.0,Q5
06038500,2015-06-02,2260.0,Q2
06038500,2018-05-26,2360.0,Q2
06038500,2018-06-20,2510.0,Q2
06038500,2020-06-06,2740.0,Q2
06038500,2022-06-15,3330.0,Q10
06038500,2023-05-28,2790.0,Q2
06038800,2008-06-03,3530.0,Q2
06038800,2008-09-02,3720.0,Q5
06038800,2010-06-10,3550.0,Q2
06038800,2011-06-24,4050.0,Q5
06038800,2014-05-29,3200.0,Q2
06038800,2018-05-27,3680.0,Q5
06038800,2020-06-07,3600.0,Q2
06038800,2022-06-18,3970.0,Q5
06038800,2023-05-30,3520.0,Q2
06040800,2008-06-23,4170.0,Q2
06040800,2010-06-12,4310.0,Q2
06040800,2011-06-24,6080.0,Q10
06040800,2014-05-29,4330.0,Q2
06040800,2018-05-28,5110.0,Q2
06040800,2020-06-01,6100.0,Q10
06040800,2022-06-14,6890.0,Q10
06040800,2023-05-25,4910.0,Q2
06041000,2008-06-23,5390.0,Q2
06041000,2010-06-11,5540.0,Q2
06041000,2011-06-24,7120.0,Q10
06041000,2014-05-29,5560.0,Q2
06041000,2018-05-27,6510.0,Q5
06041000,2020-06-01,6180.0,Q5
06041000,2022-06-13,6790.0,Q10
06041000,2023-05-28,5440.0,Q2
06043500,2008-06-23,6010.0,Q2
06043500,2011-06-30,8410.0,Q25
06043500,2014-05-29,6560.0,Q2
06043500,2018-06-01,6390.0,Q2
06043500,2019-06-07,5600.0,Q2
06043500,2020-06-01,7030.0,Q5
06043500,2022-06-13,8640.0,Q25
06043500,2024-06-10,5730.0,Q2
06050000,2018-05-23,325.0,Q2
06050000,2020-06-01,418.0,Q2
06050000,2022-06-13,420.0,Q2
06050000,2023-06-04,321.0,Q2
06050000,2024-06-11,385.0,Q2
06052500,2008-06-23,6270.0,Q2
06052500,2010-06-05,6110.0,Q2
06052500,2011-06-30,7980.0,Q10
06052500,2014-05-29,6650.0,Q2
06052500,2018-06-02,7220.0,Q5
06052500,2020-06-01,6440.0,Q2
06052500,2022-06-14,8670.0,Q25
06054500,2008-06-07,19100.0,Q2
06054500,2009-06-02,18300.0,Q2
06054500,2010-06-20,21800.0,Q2
06054500,2011-06-15,29500.0,Q25
06054500,2014-05-30,21200.0,Q2
06054500,2017-06-07,17400.0,Q2
06054500,2018-06-02,27700.0,Q10
06054500,2020-06-02,17900.0,Q2
06054500,2022-06-14,23300.0,Q5
06054500,2023-06-04,19200.0,Q2
06061500,2008-05-25,285.0,Q2
06061500,2009-05-20,261.0,Q2
06061500,2010-06-16,464.0,Q5
06061500,2011-06-07,1030.0,Q50
06061500,2014-03-09,278.0,Q2
06061500,2014-05-27,255.0,Q2
06061500,2015-05-17,297.0,Q2
06061500,2018-06-20,555.0,Q10
06061500,2019-05-27,257.0,Q2
06061500,2023-06-03,459.0,Q5
06062500,2009-05-19,334.0,Q2
06062500,2010-06-16,323.0,Q2
06062500,2011-06-07,742.0,Q25
06062500,2014-05-24,279.0,Q2
06062500,2018-05-09,508.0,Q5
06062500,2018-06-19,811.0,Q25
06062500,2019-05-26,246.0,Q2
06062500,2020-05-21,259.0,Q2
06062500,2020-06-29,286.0,Q2
06062500,2023-05-05,367.0,Q2
06062500,2023-06-08,456.0,Q5
06065500,2008-06-04,14900.0,Q2
06065500,2009-05-28,11500.0,Q2
06065500,2009-06-23,10700.0,Q2
06065500,2010-06-17,18400.0,Q5
06065500,2011-07-01,23000.0,Q25
06065500,2014-05-29,11300.0,Q2
06065500,2017-06-16,11700.0,Q2
06065500,2018-06-01,19500.0,Q10
06065500,2019-04-28,11400.0,Q2
06065500,2020-07-01,12000.0,Q2
06065500,2023-06-08,14500.0,Q2
06066500,2008-06-04,16000.0,Q5
06066500,2009-05-28,11700.0,Q2
06066500,2009-06-24,11200.0,Q2
06066500,2010-06-17,18900.0,Q5
06066500,2011-07-02,23200.0,Q10
06066500,2014-06-01,11500.0,Q2
06066500,2017-06-17,11800.0,Q2
06066500,2018-06-01,20000.0,Q10
06066500,2019-04-28,11500.0,Q2
06066500,2020-07-05,11600.0,Q2
06066500,2023-06-09,15300.0,Q2
06071300,2008-05-26,1500.0,Q10
06071300,2009-05-06,607.0,Q2
06071300,2011-06-10,2460.0,Q50
06071300,2014-03-10,475.0,Q2
06071300,2017-05-18,696.0,Q2
06071300,2019-04-26,473.0,Q2
06071300,2019-05-28,789.0,Q2
06071300,2020-05-21,503.0,Q2
06071300,2021-05-27,739.0,Q2
06071300,2023-05-05,728.0,Q2
06073500,2008-05-25,5250.0,Q5
06073500,2009-05-20,1840.0,Q2
06073500,2009-07-27,1680.0,Q2
06073500,2011-06-09,4530.0,Q5
06073500,2018-05-11,1790.0,Q2
06073500,2018-06-19,11000.0,Q25
06073500,2019-05-27,6000.0,Q10
06073500,2020-05-20,2470.0,Q2
06073500,2021-05-26,2160.0,Q2
06076690,2010-06-12,1000.0,Q2
06076690,2011-06-10,2330.0,Q25
06076690,2015-06-02,844.0,Q2
06076690,2018-03-16,1010.0,Q2
06076690,2018-03-24,811.0,Q2
06076690,2018-05-23,1090.0,Q2
06076690,2018-06-20,944.0,Q2
06076690,2019-03-27,1170.0,Q5
06076690,2020-06-01,584.0,Q2
06076690,2020-06-30,657.0,Q2
06076690,2023-04-12,2110.0,Q10
06076690,2023-06-04,1060.0,Q2
06077200,2008-06-15,1450.0,Q2
06077200,2010-06-05,2110.0,Q2
06077200,2011-06-09,4080.0,Q50
06077200,2014-05-27,1410.0,Q2
06077200,2018-05-11,2450.0,Q5
06077200,2019-05-18,1920.0,Q2
06077200,2020-05-22,1610.0,Q2
06077200,2023-04-12,2500.0,Q5
06077200,2023-05-06,2680.0,Q10
06077500,2008-06-15,2850.0,Q2
06077500,2010-05-20,3290.0,Q5
06077500,2011-06-10,5760.0,Q25
06077500,2013-06-04,2610.0,Q2
06077500,2018-05-11,2770.0,Q2
06077500,2019-05-18,2560.0,Q2
06077500,2020-05-22,2430.0,Q2
06077500,2023-04-12,3160.0,Q2
06077500,2023-05-06,4560.0,Q10
06077500,2024-05-14,2130.0,Q2
06078500,2008-05-23,3920.0,Q5
06078500,2014-05-24,2470.0,Q2
06078500,2017-05-07,2380.0,Q2
06078500,2017-06-05,2320.0,Q2
06078500,2018-05-09,4120.0,Q5
06078500,2018-06-19,2400.0,Q2
06078500,2020-06-01,2640.0,Q2
06078500,2021-06-05,2630.0,Q2
06078500,2022-06-21,2380.0,Q2
06078500,2023-05-06,3200.0,Q2
06079000,2008-05-19,4370.0,Q2
06079000,2009-06-01,3550.0,Q2
06079000,2014-05-24,3380.0,Q2
06079000,2017-06-02,3000.0,Q2
06079000,2018-05-26,4840.0,Q2
06079000,2018-06-19,6330.0,Q10
06079000,2020-05-21,3900.0,Q2
06079000,2021-06-05,3910.0,Q2
06085800,2008-05-26,8130.0,Q2
06085800,2009-06-01,4580.0,Q2
06085800,2011-06-09,14000.0,Q10
06085800,2012-06-07,7620.0,Q2
06085800,2018-05-12,8680.0,Q2
06085800,2018-06-19,18100.0,Q10
06085800,2019-05-27,11900.0,Q5
06085800,2020-06-01,4970.0,Q2
06088500,2008-06-12,677.0,Q2
06088500,2010-06-18,988.0,Q25
06088500,2011-06-09,984.0,Q25
06088500,2014-06-19,762.0,Q5
06088500,2018-06-20,715.0,Q2
06088500,2020-06-30,726.0,Q2
06088500,2022-06-21,595.0,Q2
06089000,2008-05-27,8060.0,Q2
06089000,2011-06-10,15200.0,Q10
06089000,2012-06-07,6600.0,Q2
06089000,2018-05-12,7110.0,Q2
06089000,2018-06-21,18200.0,Q25
06089000,2019-05-29,9820.0,Q5
06089000,2020-06-02,5050.0,Q2
06090500,2013-06-04,3530.0,Q10
06090500,2019-05-18,1350.0,Q2
06090500,2020-05-21,1760.0,Q2
06090500,2023-05-06,3620.0,Q10
06090500,2024-05-14,1490.0,Q2
06091700,2011-05-24,4240.0,Q2
06091700,2011-06-07,6450.0,Q10
06091700,2012-04-27,3630.0,Q2
06091700,2013-05-14,4380.0,Q2
06091700,2014-05-23,3820.0,Q2
06091700,2014-06-17,5160.0,Q5
06091700,2015-03-16,3360.0,Q2
06091700,2018-05-08,4210.0,Q2
06091700,2018-06-19,3250.0,Q2
06091700,2019-05-26,6980.0,Q10
06091700,2022-06-20,4240.0,Q2
06093200,2009-05-31,1260.0,Q2
06093200,2011-06-07,3530.0,Q50
06093200,2012-06-06,1380.0,Q2
06093200,2013-05-14,1570.0,Q2
06093200,2013-06-19,1540.0,Q2
06093200,2014-05-24,1320.0,Q2
06093200,2017-05-24,1400.0,Q2
06093200,2018-05-09,1510.0,Q2
06093200,2018-06-19,1730.0,Q2
06093200,2019-05-27,2520.0,Q10
06093200,2020-05-31,1380.0,Q2
06093200,2020-06-30,1460.0,Q2
06099000,2017-03-19,1420.0,Q2
06099000,2018-04-16,2180.0,Q5
06099000,2018-05-10,1270.0,Q2
06099000,2018-06-21,1670.0,Q2
06099000,2019-05-18,1190.0,Q2
06099000,2019-05-28,2200.0,Q5
06099000,2020-07-02,1300.0,Q2
06099000,2022-06-21,2040.0,Q5
06099000,2023-06-11,1170.0,Q2
06099500,2008-05-26,14800.0,Q10
06099500,2011-06-10,18800.0,Q10
06099500,2014-06-19,13400.0,Q5
06099500,2018-05-12,7170.0,Q2
06099500,2018-06-20,10900.0,Q5
06099500,2019-05-28,16700.0,Q10
06099500,2022-06-21,7310.0,Q2
06101500,2008-06-07,3980.0,Q5
06101500,2011-05-19,2580.0,Q2
06101500,2011-08-02,2780.0,Q2
06101500,2013-06-19,2020.0,Q2
06101500,2014-06-03,4040.0,Q5
06101500,2017-06-08,2330.0,Q2
06101500,2018-05-31,4320.0,Q10
06101500,2019-07-23,3600.0,Q5
06101500,2020-06-13,3050.0,Q2
06102050,2008-06-08,4270.0,Q5
06102050,2011-07-21,2990.0,Q2
06102050,2014-06-04,3870.0,Q2
06102050,2017-06-01,2330.0,Q2
06102050,2018-03-29,2350.0,Q2
06102050,2018-04-18,12300.0,Q50
06102050,2019-05-31,4140.0,Q2
06102050,2019-07-15,3840.0,Q2
06102050,2020-06-15,3110.0,Q2
06102050,2022-07-09,2470.0,Q2
06102050,2023-04-10,3840.0,Q2
06102500,2008-05-26,3570.0,Q10
06102500,2009-05-31,1050.0,Q2
06102500,2011-06-07,2020.0,Q5
06102500,2018-05-27,853.0,Q2
06102500,2018-06-19,11100.0,Q50
06102500,2019-05-27,3560.0,Q10
06108000,2008-05-27,1220.0,Q2
06108000,2008-06-13,685.0,Q2
06108000,2009-05-05,1050.0,Q2
06108000,2011-06-10,4240.0,Q10
06108000,2017-03-17,601.0,Q2
06108000,2018-03-30,1200.0,Q2
06108000,2018-04-12,1240.0,Q2
06108000,2018-05-13,1080.0,Q2
06108000,2018-06-21,4720.0,Q10
06108000,2019-03-24,3170.0,Q5
06108000,2019-04-11,1120.0,Q2
06108000,2019-05-28,7380.0,Q25
06108000,2020-05-22,833.0,Q2
06108000,2020-06-10,838.0,Q2
06108000,2020-07-03,1180.0,Q2
06108000,2021-05-28,718.0,Q2
06108800,2008-05-29,924.0,Q2
06108800,2009-05-07,639.0,Q2
06108800,2011-03-17,664.0,Q2
06108800,2011-06-12,3910.0,Q10
06108800,2017-03-18,488.0,Q2
06108800,2018-03-25,2160.0,Q5
06108800,2018-06-24,3210.0,Q10
06108800,2019-05-30,6520.0,Q25
06108800,2020-05-24,742.0,Q2
06108800,2020-07-04,849.0,Q2
06108800,2021-05-30,589.0,Q2
06114700,2008-06-14,3370.0,Q2
06114700,2011-06-10,13600.0,Q10
06114700,2013-06-04,9420.0,Q5
06114700,2014-03-10,4870.0,Q2
06114700,2014-08-24,3650.0,Q2
06114700,2016-10-04,3310.0,Q2
06114700,2018-03-24,7170.0,Q5
06114700,2019-03-24,15900.0,Q25
06114700,2023-06-04,4800.0,Q2
06114700,2024-05-09,3920.0,Q2
06119600,2008-05-25,980.0,Q2
06119600,2010-06-18,985.0,Q2
06119600,2011-05-25,4780.0,Q50
06119600,2014-03-07,1070.0,Q2
06119600,2014-05-25,1700.0,Q5
06119600,2017-05-18,821.0,Q2
06119600,2018-05-11,2240.0,Q5
06119600,2018-06-20,1820.0,Q5
06119600,2019-03-26,873.0,Q2
06119600,2019-04-09,855.0,Q2
06119600,2019-04-21,1850.0,Q5
06119600,2019-05-18,1480.0,Q2
06119600,2020-05-21,788.0,Q2
06119600,2023-04-12,1290.0,Q2
06119600,2023-05-06,925.0,Q2
06119600,2023-06-04,1300.0,Q2
06120500,2010-06-20,1440.0,Q2
06120500,2011-05-25,5520.0,Q25
06120500,2014-03-09,1080.0,Q2
06120500,2014-05-26,1600.0,Q2
06120500,2015-06-02,1580.0,Q2
06120500,2018-05-11,3210.0,Q10
06120500,2019-03-26,1130.0,Q2
06120500,2019-04-10,1220.0,Q2
06120500,2019-04-22,1760.0,Q2
06120500,2019-05-27,2100.0,Q5
06120500,2020-05-21,1190.0,Q2
06120500,2023-04-13,1570.0,Q2
06120500,2023-05-07,1100.0,Q2
06120500,2023-06-05,2800.0,Q5
06123030,2010-06-21,1290.0,Q2
06123030,2011-05-26,8900.0,Q25
06123030,2014-05-27,1790.0,Q2
06123030,2015-06-05,2510.0,Q5
06123030,2018-06-20,4460.0,Q10
06123030,2019-04-11,1300.0,Q2
06123030,2019-04-23,1730.0,Q2
06123030,2019-05-28,2540.0,Q5
06123030,2020-05-22,1350.0,Q2
06123030,2023-04-13,1100.0,Q2
06123030,2023-05-07,918.0,Q2
06123030,2023-05-16,1130.0,Q2
06123030,2023-06-06,3200.0,Q5
06126500,2011-05-26,15000.0,Q25
06126500,2014-03-10,11000.0,Q10
06126500,2014-05-28,1470.0,Q2
06126500,2014-08-25,1440.0,Q2
06126500,2015-06-06,2480.0,Q2
06126500,2017-02-11,2750.0,Q2
06126500,2018-03-17,3900.0,Q2
06126500,2018-04-14,1540.0,Q2
06126500,2018-06-01,7320.0,Q5
06126500,2019-03-26,3870.0,Q2
06126500,2019-04-11,2010.0,Q2
06126500,2019-04-24,2010.0,Q2
06126500,2019-05-29,3890.0,Q2
06126500,2020-05-23,1580.0,Q2
06126500,2023-06-09,3900.0,Q2
06127500,2010-06-23,1340.0,Q2
06127500,2011-06-08,12700.0,Q25
06127500,2014-05-29,1560.0,Q2
06127500,2014-08-25,1450.0,Q2
06127500,2015-06-06,2550.0,Q2
06127500,2018-06-02,6060.0,Q10
06127500,2019-05-30,3640.0,Q5
06127500,2020-05-24,1520.0,Q2
06127500,2023-04-14,1220.0,Q2
06127500,2023-06-10,3430.0,Q5
06130500,2008-05-25,4730.0,Q2
06130500,2011-05-23,25100.0,Q10
06130500,2013-06-05,8670.0,Q2
06130500,2014-03-12,9600.0,Q2
06130500,2014-08-25,20800.0,Q10
06130500,2018-03-21,8510.0,Q2
06130500,2018-04-12,8910.0,Q2
06130500,2018-06-02,11800.0,Q5
06130500,2018-06-25,7600.0,Q2
06130500,2019-05-28,7340.0,Q2
06130500,2023-06-03,12900.0,Q5
06130500,2023-06-24,5470.0,Q2
06131200,2009-06-21,519.0,Q2
06131200,2009-07-13,274.0,Q2
06131200,2009-08-15,712.0,Q5
06131200,2010-05-25,287.0,Q2
06131200,2011-05-10,464.0,Q2
06131200,2011-05-21,363.0,Q2
06131200,2011-05-31,276.0,Q2
06131200,2012-06-09,453.0,Q2
06131200,2013-05-27,618.0,Q5
06131200,2013-05-31,673.0,Q5
06131200,2013-06-14,631.0,Q5
06131200,2013-06-20,585.0,Q2
06131200,2013-08-04,202.0,Q2
06131200,2014-06-01,256.0,Q2
06131200,2014-06-18,761.0,Q5
06131200,2014-08-24,306.0,Q2
06131200,2018-03-23,429.0,Q2
06131200,2018-05-23,458.0,Q2
06131200,2018-06-29,396.0,Q2
06131200,2019-03-22,1280.0,Q10
06131200,2019-07-09,724.0,Q5
06131200,2022-07-07,201.0,Q2
06133500,2008-06-12,194.0,Q2
06133500,2010-05-29,222.0,Q2
06133500,2010-06-17,556.0,Q10
06133500,2011-05-24,390.0,Q5
06133500,2011-06-07,329.0,Q2
06133500,2012-03-29,211.0,Q2
06133500,2014-04-08,210.0,Q2
06133500,2014-06-18,315.0,Q2
06133500,2017-03-15,739.0,Q10
06133500,2018-04-16,280.0,Q2
06133500,2018-04-21,308.0,Q2
06133500,2020-04-07,188.0,Q2
06133500,2020-04-10,250.0,Q2
06133500,2020-04-21,579.0,Q10
06133500,2023-04-11,196.0,Q2
06139500,2010-06-23,1530.0,Q5
06139500,2011-04-03,332.0,Q2
06139500,2011-06-08,1210.0,Q5
06139500,2013-06-06,2240.0,Q5
06139500,2017-06-13,291.0,Q2
06139500,2018-04-18,4300.0,Q10
06139500,2019-03-27,834.0,Q2
06139500,2023-04-12,2540.0,Q10
06139500,2024-05-12,628.0,Q2
06142400,2008-06-15,218.0,Q2
06142400,2010-05-19,429.0,Q2
06142400,2010-06-19,492.0,Q5
06142400,2011-06-04,571.0,Q5
06142400,2013-06-04,1490.0,Q25
06142400,2016-05-11,298.0,Q2
06142400,2016-06-01,258.0,Q2
06142400,2016-07-26,239.0,Q2
06142400,2018-03-28,328.0,Q2
06142400,2018-04-11,347.0,Q2
06142400,2023-06-03,667.0,Q5
06142400,2024-05-08,553.0,Q5
06154400,2011-06-08,951.0,Q2
06154400,2013-06-03,2810.0,Q10
06154400,2014-08-24,533.0,Q2
06154400,2016-05-11,846.0,Q2
06154400,2016-10-04,868.0,Q2
06154400,2017-03-17,364.0,Q2
06154400,2018-03-28,1690.0,Q5
06154400,2018-04-11,1490.0,Q5
06154400,2019-03-22,554.0,Q2
06154400,2023-04-08,2140.0,Q10
06154400,2023-06-03,1900.0,Q5
06166000,2008-06-18,1110.0,Q2
06166000,2011-04-09,2550.0,Q2
06166000,2011-06-13,3350.0,Q5
06166000,2013-06-09,1730.0,Q2
06166000,2014-08-28,3760.0,Q5
06166000,2016-05-15,2390.0,Q2
06166000,2016-10-07,15000.0,Q25
06166000,2018-04-19,2260.0,Q2
06166000,2019-03-26,1550.0,Q2
06166000,2019-07-03,911.0,Q2
06166000,2020-03-04,1160.0,Q2
06166000,2023-04-10,1960.0,Q2
06167500,2011-04-13,4930.0,Q5
06167500,2011-05-12,1740.0,Q2
06167500,2011-06-09,8210.0,Q10
06167500,2013-06-05,2050.0,Q2
06167500,2014-08-25,5830.0,Q5
06167500,2016-05-13,3110.0,Q2
06167500,2016-10-05,6350.0,Q5
06167500,2018-04-18,5740.0,Q5
06167500,2019-03-23,2190.0,Q2
06167500,2020-03-02,1990.0,Q2
06167500,2023-04-10,5030.0,Q5
06167500,2023-06-04,3450.0,Q2
06177500,2011-04-02,118.0,Q2
06177500,2011-05-10,304.0,Q2
06177500,2011-05-22,365.0,Q2
06177500,2013-05-31,228.0,Q2
06177500,2014-03-14,149.0,Q2
06177500,2014-05-25,99.8,Q2
06177500,2014-06-18,2830.0,Q10
06177500,2018-03-23,142.0,Q2
06177500,2018-05-27,447.0,Q2
06177500,2019-03-22,3150.0,Q25
06177500,2019-07-09,278.0,Q2
06177500,2020-02-29,586.0,Q5
06186500,2008-07-05,7130.0,Q5
06186500,2009-06-30,7010.0,Q5
06186500,2010-06-30,5440.0,Q2
06186500,2011-07-12,9560.0,Q25
06186500,2014-06-17,6260.0,Q2
06186500,2017-06-28,7430.0,Q5
06186500,2018-06-21,7070.0,Q5
06186500,2020-06-09,5690.0,Q2
06186500,2022-07-02,5280.0,Q2
06187915,2010-06-05,1250.0,Q5
06187915,2011-07-01,1230.0,Q2
06187915,2012-06-05,1030.0,Q2
06187915,2014-05-27,1130.0,Q2
06187915,2017-06-08,1140.0,Q2
06187915,2018-05-30,1040.0,Q2
06187915,2020-05-31,1430.0,Q10
06187915,2022-06-13,1610.0,Q25
06188000,2009-05-20,13800.0,Q2
06188000,2010-06-05,17600.0,Q5
06188000,2011-06-24,15500.0,Q2
06188000,2013-05-14,11700.0,Q2
06188000,2014-05-29,14900.0,Q2
06188000,2017-06-06,12000.0,Q2
06188000,2018-05-27,11700.0,Q2
06188000,2020-06-01,13000.0,Q2
06188000,2022-06-13,33500.0,Q100
06190540,2018-05-27,32.6,Q5
06191000,2008-05-20,1260.0,Q2
06191000,2009-05-20,1510.0,Q2
06191000,2010-06-05,2110.0,Q10
06191000,2011-06-09,1450.0,Q2
06191000,2012-05-23,1220.0,Q2
06191000,2012-06-06,1280.0,Q2
06191000,2014-05-27,1420.0,Q2
06191000,2018-05-26,1470.0,Q2
06191000,2019-06-07,1320.0,Q2
06191000,2020-06-01,1330.0,Q2
06191000,2022-06-13,2540.0,Q25
06191000,2023-05-24,1240.0,Q2
06191500,2008-06-25,22700.0,Q2
06191500,2010-06-05,26000.0,Q2
06191500,2011-06-30,30300.0,Q5
06191500,2014-05-29,26300.0,Q2
06191500,2017-06-06,23300.0,Q2
06191500,2018-05-27,25700.0,Q2
06191500,2020-06-01,28900.0,Q2
06191500,2022-06-13,54700.0,Q100
06192500,2008-06-25,26300.0,Q2
06192500,2010-06-05,28100.0,Q2
06192500,2011-06-30,40600.0,Q10
06192500,2014-05-29,32700.0,Q2
06192500,2017-06-06,26300.0,Q2
06192500,2018-05-27,33600.0,Q2
06192500,2020-06-01,30600.0,Q2
06192500,2022-06-13,55200.0,Q50
06195600,2009-05-21,2060.0,Q2
06195600,2010-06-05,2600.0,Q2
06195600,2011-05-25,4360.0,Q10
06195600,2014-05-26,3170.0,Q5
06195600,2018-05-11,4950.0,Q10
06195600,2018-06-20,2370.0,Q2
06195600,2019-04-10,2120.0,Q2
06195600,2019-04-22,2760.0,Q2
06195600,2023-04-12,4980.0,Q10
06195600,2023-05-05,2120.0,Q2
06195600,2023-06-04,2250.0,Q2
06200000,2011-06-30,9370.0,Q10
06200000,2014-05-29,6880.0,Q2
06200000,2018-05-27,6640.0,Q2
06200000,2019-06-07,6430.0,Q2
06200000,2020-06-01,10400.0,Q10
06200000,2021-06-06,7220.0,Q2
06200000,2022-06-13,11300.0,Q25
06200000,2024-06-11,6240.0,Q2
06204050,2008-07-06,897.0,Q2
06204050,2010-07-01,1120.0,Q5
06204050,2011-07-06,1210.0,Q10
06204050,2012-06-27,801.0,Q2
06204050,2013-06-27,866.0,Q2
06204050,2014-07-04,975.0,Q2
06204050,2017-06-22,996.0,Q2
06204050,2018-07-11,855.0,Q2
06204050,2019-07-02,773.0,Q2
06204050,2022-06-19,1040.0,Q5
06204070,2008-07-06,1180.0,Q5
06204070,2009-07-02,910.0,Q2
06204070,2010-07-01,1320.0,Q10
06204070,2011-07-07,1390.0,Q10
06204070,2014-07-04,944.0,Q2
06204070,2017-06-22,1090.0,Q2
06204070,2018-06-19,958.0,Q2
06204070,2019-07-02,944.0,Q2
06204070,2022-06-19,1200.0,Q5
06205000,2011-05-25,9160.0,Q2
06205000,2011-06-30,10500.0,Q5
06205000,2017-06-06,8610.0,Q2
06205000,2018-06-19,7610.0,Q2
06205000,2019-06-07,8070.0,Q2
06205000,2020-06-02,9180.0,Q2
06205000,2021-06-06,7890.0,Q2
06205000,2022-06-13,16900.0,Q100
06205000,2024-06-11,7660.0,Q2
06207500,2010-06-05,10100.0,Q2
06207500,2011-07-01,12500.0,Q2
06207500,2012-06-06,10300.0,Q2
06207500,2014-05-29,11700.0,Q2
06207500,2017-06-06,11300.0,Q2
06207500,2017-06-22,10000.0,Q2
06207500,2018-05-28,11800.0,Q2
06207500,2018-06-18,11300.0,Q2
06207500,2019-06-08,10100.0,Q2
06207500,2020-06-01,13400.0,Q5
06207500,2022-06-13,23700.0,Q100
06208500,2017-02-11,3000.0,Q2
06208500,2017-06-09,9530.0,Q5
06208500,2018-05-29,10500.0,Q5
06208500,2019-06-08,9200.0,Q5
06208500,2020-06-02,11400.0,Q5
06208500,2021-06-06,7810.0,Q2
06208500,2022-06-14,22000.0,Q10
06208500,2023-05-25,6800.0,Q2
06208500,2024-06-11,8430.0,Q2
06209500,2011-06-30,1970.0,Q10
06209500,2017-06-05,1260.0,Q2
06209500,2017-06-22,1150.0,Q2
06209500,2019-06-07,1420.0,Q2
06209500,2020-05-31,1420.0,Q2
06209500,2022-06-13,3020.0,Q50
06209500,2024-06-10,1990.0,Q10
06211000,2008-05-27,687.0,Q2
06211000,2011-05-10,579.0,Q2
06211000,2011-05-25,4690.0,Q50
06211000,2014-04-27,582.0,Q2
06211000,2015-05-29,831.0,Q2
06211000,2017-05-18,566.0,Q2
06211000,2018-05-23,1080.0,Q2
06211000,2019-05-28,1370.0,Q5
06211000,2022-05-31,702.0,Q2
06211000,2023-04-11,633.0,Q2
06211000,2023-06-08,1340.0,Q5
06211000,2023-06-24,1220.0,Q5
06211000,2024-05-24,612.0,Q2
06211500,2008-05-27,292.0,Q2
06211500,2009-04-21,228.0,Q2
06211500,2014-04-10,272.0,Q2
06211500,2014-04-27,276.0,Q2
06211500,2015-05-29,313.0,Q2
06211500,2018-05-23,1540.0,Q50
06211500,2019-05-28,582.0,Q5
06211500,2022-05-31,249.0,Q2
06211500,2023-04-11,390.0,Q2
06211500,2023-06-24,462.0,Q5
06211500,2023-10-13,209.0,Q2
06211500,2024-05-24,263.0,Q2
06214500,2010-06-06,47800.0,Q2
06214500,2011-07-02,70600.0,Q10
06214500,2014-05-30,58600.0,Q2
06214500,2017-06-07,48200.0,Q2
06214500,2018-05-28,62300.0,Q5
06214500,2019-06-08,53500.0,Q2
06214500,2020-06-02,60200.0,Q5
06214500,2022-06-15,83600.0,Q25
06218500,2009-06-02,1590.0,Q2
06218500,2011-07-01,2040.0,Q10
06218500,2014-05-30,1750.0,Q5
06218500,2015-06-02,1490.0,Q2
06218500,2017-06-09,2010.0,Q10
06218500,2018-06-18,2180.0,Q10
06218500,2019-06-08,1450.0,Q2
06218500,2020-06-01,1880.0,Q5
06221400,2017-06-17,3550.0,Q50
06221400,2018-06-18,1610.0,Q2
06221400,2019-06-08,1800.0,Q2
06221400,2020-06-01,1360.0,Q2
06221400,2020-06-29,2840.0,Q10
06221400,2021-06-06,1340.0,Q2
06221400,2022-06-12,1860.0,Q2
06221400,2023-06-21,2150.0,Q5
06224000,2010-06-08,4240.0,Q5
06224000,2011-07-01,4310.0,Q10
06224000,2016-06-10,3100.0,Q2
06224000,2017-06-08,3220.0,Q2
06224000,2017-06-18,4830.0,Q10
06224000,2018-06-18,3250.0,Q2
06224000,2019-06-08,3830.0,Q5
06224000,2021-06-06,2850.0,Q2
06224000,2022-06-12,3550.0,Q2
06224000,2023-06-20,3340.0,Q2
06225000,2009-06-27,1990.0,Q2
06225000,2010-06-08,2160.0,Q2
06225000,2011-07-01,2110.0,Q2
06225000,2015-06-17,2020.0,Q2
06225000,2016-06-12,1860.0,Q2
06225000,2017-06-09,2550.0,Q5
06225000,2017-06-23,3070.0,Q10
06225500,2010-06-08,8790.0,Q2
06225500,2011-07-04,11800.0,Q5
06225500,2014-05-30,8520.0,Q2
06225500,2015-06-11,9990.0,Q2
06225500,2017-06-08,15100.0,Q10
06227600,2009-06-27,8870.0,Q2
06227600,2010-06-09,10500.0,Q5
06227600,2011-07-07,11900.0,Q5
06227600,2015-06-11,9900.0,Q2
06227600,2017-06-08,12800.0,Q10
06227600,2018-05-28,9600.0,Q2
06227600,2018-06-19,12100.0,Q5
06227600,2022-06-13,9690.0,Q2
06227600,2023-06-21,9480.0,Q2
06228000,2010-06-09,6370.0,Q2
06228000,2011-07-02,11200.0,Q10
06228000,2014-05-31,6350.0,Q2
06228000,2015-06-12,7790.0,Q2
06228000,2017-06-09,11800.0,Q10
06228000,2018-05-29,7590.0,Q2
06228000,2018-06-19,9720.0,Q5
06228000,2019-06-16,6290.0,Q2
06228000,2020-06-30,6380.0,Q2
06228000,2022-06-13,8650.0,Q2
06228000,2023-06-22,9610.0,Q5
06228350,2016-06-10,1840.0,Q2
06228350,2017-06-08,2070.0,Q2
06228350,2017-06-17,2970.0,Q5
06228350,2019-06-08,2240.0,Q2
06228350,2022-06-12,2430.0,Q2
06233000,2010-05-19,692.0,Q2
06233000,2010-06-08,1730.0,Q10
06233000,2011-07-01,903.0,Q2
06233000,2016-05-07,1780.0,Q10
06233000,2017-06-07,1560.0,Q5
06235500,2010-06-09,13300.0,Q25
06235500,2011-07-02,7210.0,Q2
06235500,2016-05-08,11200.0,Q10
06235500,2016-06-11,6780.0,Q2
06235500,2017-02-11,6430.0,Q2
06235500,2017-05-14,5090.0,Q2
06235500,2017-06-09,10000.0,Q5
06235500,2019-06-09,8020.0,Q2
06235500,2022-06-13,6260.0,Q2
06235500,2023-06-21,5410.0,Q2
06235500,2024-06-11,5230.0,Q2
06236100,2009-07-05,10500.0,Q2
06236100,2010-06-09,19200.0,Q5
06236100,2011-07-02,18700.0,Q5
06236100,2021-06-07,9420.0,Q2
06236100,2022-06-13,13800.0,Q2
06236100,2023-06-22,14200.0,Q2
06236100,2024-06-10,9170.0,Q2
06253000,2008-05-26,731.0,Q50
06253000,2011-07-05,515.0,Q2
06253000,2014-06-28,529.0,Q2
06253000,2017-09-15,584.0,Q5
06253000,2018-09-17,524.0,Q2
06253000,2019-09-11,636.0,Q10
06253000,2020-09-09,594.0,Q5
06253000,2023-04-11,523.0,Q2
06253000,2023-08-08,582.0,Q2
06274300,2008-05-23,9300.0,Q2
06274300,2009-06-22,9230.0,Q2
06274300,2010-06-17,12000.0,Q5
06274300,2011-06-10,12700.0,Q5
06274300,2011-10-07,9640.0,Q2
06274300,2015-06-12,10500.0,Q2
06274300,2016-10-04,11400.0,Q2
06274300,2017-06-13,11000.0,Q2
06274300,2018-06-08,10500.0,Q2
06274300,2019-05-29,11400.0,Q2
06274300,2023-06-25,14300.0,Q10
06276500,2010-06-17,3290.0,Q2
06276500,2011-06-25,3530.0,Q2
06276500,2015-06-01,4940.0,Q5
06276500,2016-06-11,3660.0,Q2
06276500,2017-06-08,5090.0,Q10
06276500,2018-05-28,2630.0,Q2
06278300,2011-06-29,1480.0,Q10
06278300,2018-05-28,1090.0,Q2
06278300,2020-05-31,1080.0,Q2
06278300,2022-06-12,1140.0,Q2
06278500,2008-06-17,1670.0,Q2
06278500,2010-06-11,1790.0,Q2
06278500,2011-06-30,4850.0,Q25
06278500,2012-06-04,1610.0,Q2
06278500,2014-05-29,2330.0,Q2
06278500,2018-05-28,3070.0,Q5
06279500,2009-06-22,11900.0,Q2
06279500,2010-06-18,13600.0,Q2
06279500,2011-06-11,14800.0,Q5
06279500,2011-10-08,11200.0,Q2
06279500,2015-06-12,15300.0,Q5
06279500,2016-10-05,14000.0,Q2
06279500,2017-06-10,15400.0,Q5
06279500,2018-05-29,14600.0,Q5
06279500,2019-05-30,12600.0,Q2
06279500,2022-06-14,12900.0,Q2
06279500,2023-06-25,15400.0,Q5
06279940,2008-06-24,9650.0,Q2
06279940,2010-06-07,9450.0,Q2
06279940,2011-06-30,9940.0,Q5
06279940,2014-05-28,7750.0,Q2
06279940,2017-06-22,8690.0,Q2
06279940,2018-06-18,8230.0,Q2
06279940,2020-05-31,9240.0,Q2
06279940,2022-06-13,16900.0,Q100
06280300,2008-06-24,5200.0,Q2
06280300,2011-06-29,7560.0,Q100
06280300,2015-06-11,4980.0,Q2
06280300,2016-06-09,5120.0,Q2
06280300,2017-06-09,6320.0,Q2
06280300,2017-06-21,7030.0,Q5
06280300,2018-05-27,5240.0,Q2
06280300,2022-06-13,5610.0,Q2
06281000,2010-06-07,5710.0,Q2
06281000,2010-06-17,4800.0,Q2
06281000,2011-06-30,7530.0,Q25
06281000,2015-06-11,5700.0,Q2
06281000,2017-06-09,6790.0,Q10
06281000,2020-06-01,5550.0,Q2
06281000,2020-06-29,5030.0,Q2
06281000,2022-06-13,6070.0,Q5
06281000,2024-06-10,5110.0,Q2
06285100,2008-07-09,6660.0,Q2
06285100,2009-06-18,9410.0,Q10
06285100,2011-07-21,7300.0,Q5
06285100,2015-06-17,5830.0,Q2
06285100,2017-07-02,5540.0,Q2
06285100,2018-06-19,8660.0,Q10
06285100,2019-05-28,5570.0,Q2
06285100,2020-06-30,8450.0,Q10
06285100,2023-06-24,6630.0,Q2
06289000,2008-06-19,1480.0,Q2
06289000,2010-06-10,1790.0,Q5
06289000,2011-06-30,1720.0,Q5
06289000,2014-05-28,2050.0,Q10
06289000,2018-05-28,2260.0,Q10
06289000,2019-06-07,1690.0,Q2
06289000,2020-05-31,1430.0,Q2
06289000,2022-06-11,1440.0,Q2
06289600,2008-05-24,131.0,Q2
06289600,2011-05-22,475.0,Q10
06289600,2013-05-20,147.0,Q2
06289600,2015-05-29,333.0,Q5
06289600,2017-05-18,147.0,Q2
06289600,2018-05-28,175.0,Q2
06289600,2018-06-01,292.0,Q5
06289600,2019-05-28,368.0,Q5
06289820,2008-05-23,248.0,Q2
06289820,2011-05-22,732.0,Q10
06289820,2013-05-20,241.0,Q2
06289820,2014-05-29,170.0,Q2
06289820,2015-05-29,345.0,Q2
06289820,2017-05-18,182.0,Q2
06289820,2019-05-28,992.0,Q25
06294000,2017-04-02,869.0,Q2
06294000,2017-04-29,2330.0,Q5
06294000,2018-03-17,740.0,Q2
06294000,2018-06-01,3780.0,Q10
06294000,2019-03-25,5910.0,Q25
06294000,2019-06-01,3220.0,Q5
06294000,2020-03-09,779.0,Q2
06294000,2020-06-02,1170.0,Q2
06294000,2021-06-07,908.0,Q2
06294000,2022-05-01,1230.0,Q2
06294000,2022-06-02,1670.0,Q2
06294000,2023-04-13,2400.0,Q5
06294000,2023-06-27,3060.0,Q5
06294000,2024-04-09,742.0,Q2
06294000,2024-05-10,1720.0,Q2
06295113,2008-05-26,103.0,Q2
06295113,2010-05-27,143.0,Q2
06295113,2011-05-22,1720.0,Q100
06295113,2018-04-19,108.0,Q2
06295113,2018-05-30,148.0,Q2
06295113,2019-03-23,188.0,Q2
06295113,2023-04-30,102.0,Q2
06295113,2023-05-28,122.0,Q2
06295113,2023-06-26,163.0,Q2
06295113,2024-05-11,119.0,Q2
06295113,2024-05-26,84.1,Q2
06298000,2008-05-20,2060.0,Q2
06298000,2010-05-28,1660.0,Q2
06298000,2011-06-09,2390.0,Q2
06298000,2014-05-29,2530.0,Q2
06298000,2017-05-13,1670.0,Q2
06298000,2018-05-28,2540.0,Q2
06298000,2019-05-28,2230.0,Q2
06299980,2008-05-23,2460.0,Q2
06299980,2011-05-22,3880.0,Q5
06299980,2014-05-31,2990.0,Q2
06299980,2015-06-04,2810.0,Q2
06299980,2017-05-14,1990.0,Q2
06299980,2018-05-29,4200.0,Q10
06305700,2017-06-07,1920.0,Q2
06305700,2018-05-29,4040.0,Q10
06305700,2019-05-29,5780.0,Q25
06305700,2023-06-17,1780.0,Q2
06306300,2008-05-25,4310.0,Q2
06306300,2010-06-12,3550.0,Q2
06306300,2011-05-22,6220.0,Q5
06306300,2014-05-31,4710.0,Q2
06306300,2015-05-26,4730.0,Q2
06306300,2017-05-19,3860.0,Q2
06306300,2018-05-30,7310.0,Q10
06306300,2019-05-29,10300.0,Q25
06306300,2023-06-11,4720.0,Q2
06307500,2008-06-26,3300.0,Q2
06307500,2010-06-12,3270.0,Q2
06307500,2011-06-11,4850.0,Q5
06307500,2014-05-31,4530.0,Q2
06307500,2015-06-05,4190.0,Q2
06307500,2017-05-19,3410.0,Q2
06307500,2018-05-30,5330.0,Q5
06307500,2019-05-30,8540.0,Q50
06307500,2023-06-12,4070.0,Q2
06307600,2011-05-22,119.0,Q2
06307600,2012-03-05,1020.0,Q25
06307600,2014-03-13,74.2,Q2
06307600,2014-06-30,31.2,Q2
06307600,2015-06-19,55.3,Q2
06307616,2008-06-21,3700.0,Q2
06307616,2010-06-13,3760.0,Q2
06307616,2011-06-12,4430.0,Q5
06307616,2014-06-01,4000.0,Q2
06307616,2015-06-05,3770.0,Q2
06307616,2017-05-20,3390.0,Q2
06307616,2018-05-31,5230.0,Q5
06307616,2019-05-31,7160.0,Q25
06307616,2023-06-13,3600.0,Q2
06307740,2011-03-15,56.9,Q2
06307740,2011-05-25,347.0,Q5
06307740,2012-03-10,115.0,Q2
06307740,2013-06-01,138.0,Q2
06307740,2014-03-11,521.0,Q10
06308500,2008-06-27,3240.0,Q2
06308500,2010-05-26,6190.0,Q5
06308500,2010-06-18,3680.0,Q2
06308500,2011-03-13,5120.0,Q2
06308500,2011-05-11,11300.0,Q25
06308500,2011-05-21,15300.0,Q50
06308500,2013-05-31,5050.0,Q2
06308500,2014-06-18,3740.0,Q2
06308500,2015-06-07,3370.0,Q2
06308500,2018-03-24,4230.0,Q2
06308500,2018-06-03,4140.0,Q2
06308500,2019-03-21,7470.0,Q5
06308500,2019-06-03,5030.0,Q2
06308500,2023-06-20,3480.0,Q2
06308500,2024-05-08,3100.0,Q2
06309200,2008-05-21,763.0,Q2
06309200,2010-04-23,782.0,Q2
06309200,2010-05-20,1600.0,Q25
06309200,2011-05-22,1040.0,Q5
06309200,2011-06-06,1280.0,Q10
06309200,2011-07-12,658.0,Q2
06309200,2013-05-19,725.0,Q2
06309200,2014-05-25,761.0,Q2
06309200,2017-05-07,847.0,Q2
06309200,2019-05-27,1210.0,Q5
06309200,2024-05-17,1040.0,Q5
06311000,2008-06-02,315.0,Q2
06311000,2009-05-21,311.0,Q2
06311000,2010-05-20,403.0,Q2
06311000,2010-05-27,515.0,Q5
06311000,2011-06-13,627.0,Q10
06311000,2014-05-27,257.0,Q2
06311000,2018-04-29,355.0,Q2
06311400,2008-05-22,886.0,Q5
06311400,2010-05-29,407.0,Q2
06311400,2011-06-09,635.0,Q2
06311400,2013-08-08,765.0,Q2
06311400,2017-05-07,569.0,Q2
06311400,2017-06-12,558.0,Q2
06311400,2018-05-23,589.0,Q2
06311400,2020-05-30,1880.0,Q25
06313500,2008-05-25,11400.0,Q10
06313500,2011-05-30,4140.0,Q2
06313500,2013-10-08,3200.0,Q2
06313500,2014-08-07,4420.0,Q2
06313500,2015-05-25,24000.0,Q25
06313500,2015-06-04,7330.0,Q5
06313500,2015-06-11,3820.0,Q2
06317000,2008-05-27,9650.0,Q10
06317000,2011-06-01,5260.0,Q2
06317000,2014-06-28,3530.0,Q2
06317000,2015-05-27,14100.0,Q25
06317000,2019-05-31,10400.0,Q10
06317000,2019-07-15,4380.0,Q2
06317000,2020-03-07,4750.0,Q2
06317000,2022-06-01,4120.0,Q2
06317000,2023-06-14,3330.0,Q2
06317000,2023-06-18,4100.0,Q2
06317000,2023-10-15,3200.0,Q2
06317020,2008-05-25,83.7,Q2
06317020,2008-06-06,77.5,Q2
06317020,2009-04-12,56.1,Q2
06317020,2011-05-30,99.2,Q2
06317020,2011-06-16,75.4,Q2
06317020,2012-03-08,545.0,Q50
06318500,2015-06-11,1450.0,Q5
06318500,2017-05-13,1020.0,Q2
06318500,2017-06-13,1710.0,Q10
06318500,2017-06-17,813.0,Q2
06318500,2018-05-28,1150.0,Q2
06318500,2019-06-08,1230.0,Q2
06318500,2023-06-16,1090.0,Q2
06324500,2008-05-27,12700.0,Q10
06324500,2011-06-01,6840.0,Q2
06324500,2015-05-28,13200.0,Q10
06324500,2017-06-12,5240.0,Q2
06324500,2018-03-16,4790.0,Q2
06324500,2018-05-30,5830.0,Q2
06324500,2019-03-23,5230.0,Q2
06324500,2019-05-31,11800.0,Q10
06324500,2020-03-08,4690.0,Q2
06324500,2022-06-02,5480.0,Q2
06324500,2023-06-18,6930.0,Q2
06324970,2008-05-25,2120.0,Q5
06324970,2008-06-07,1770.0,Q5
06324970,2009-04-10,632.0,Q2
06324970,2011-05-23,1910.0,Q5
06324970,2012-03-09,636.0,Q2
06324970,2013-06-01,903.0,Q2
06324970,2014-03-08,2380.0,Q5
06324970,2015-06-05,850.0,Q2
06324970,2015-06-18,731.0,Q2
06324970,2019-03-22,2690.0,Q5
06324970,2019-05-24,1550.0,Q2
06324970,2019-05-30,863.0,Q2
06326500,2008-05-30,9160.0,Q2
06326500,2010-05-25,8370.0,Q2
06326500,2011-03-17,7730.0,Q2
06326500,2011-05-10,22200.0,Q25
06326500,2011-05-21,24100.0,Q25
06326500,2013-05-31,5460.0,Q2
06326500,2015-06-07,9260.0,Q2
06326500,2018-03-25,10900.0,Q5
06326500,2019-03-24,19400.0,Q10
06326500,2019-06-02,7430.0,Q2
06326500,2023-06-20,5350.0,Q2
06331000,2009-04-12,2700.0,Q2
06331000,2010-05-29,3590.0,Q2
06331000,2011-04-12,7470.0,Q10
06331000,2011-05-04,2130.0,Q2
06331000,2011-05-11,4280.0,Q5
06331000,2011-05-31,1720.0,Q2
06331000,2011-06-23,2060.0,Q2
06331000,2013-04-08,1910.0,Q2
06331000,2014-03-13,1450.0,Q2
06331000,2017-03-20,3210.0,Q2
06331000,2018-04-20,2520.0,Q2
06331000,2019-03-23,4000.0,Q2
06331000,2022-05-15,1560.0,Q2
06331000,2023-04-12,6900.0,Q5
06332000,2017-03-20,1120.0,Q2
06332000,2018-04-19,636.0,Q2
06332000,2019-03-24,1190.0,Q5
06332000,2022-05-13,1190.0,Q5
06332000,2023-04-12,2550.0,Q10
06332000,2024-03-14,626.0,Q2
06332515,2010-03-30,153.0,Q2
06332515,2010-05-25,274.0,Q2
06332515,2010-06-18,197.0,Q2
06332515,2010-08-10,155.0,Q2
06332515,2010-08-12,232.0,Q2
06332515,2011-04-08,246.0,Q2
06332515,2011-05-11,151.0,Q2
06332515,2011-05-21,465.0,Q2
06332515,2011-05-31,219.0,Q2
06332515,2011-07-08,171.0,Q2
06332515,2011-07-23,148.0,Q2
06332515,2011-08-06,293.0,Q2
06332515,2012-06-07,372.0,Q2
06332515,2013-04-04,152.0,Q2
06332515,2013-05-20,322.0,Q2
06332515,2013-05-30,279.0,Q2
06332515,2013-06-04,416.0,Q2
06332515,2015-07-15,170.0,Q2
06332515,2017-03-19,231.0,Q2
06332515,2018-03-28,160.0,Q2
06332515,2018-04-12,150.0,Q2
06332515,2019-03-21,215.0,Q2
06332515,2019-07-10,187.0,Q2
06332515,2022-04-26,275.0,Q2
06332515,2022-05-13,1610.0,Q10
06332515,2023-04-03,222.0,Q2
06332515,2023-04-11,552.0,Q2
06332523,2009-04-13,760.0,Q2
06332523,2010-03-29,275.0,Q2
06332523,2010-05-27,441.0,Q2
06332523,2011-04-11,3530.0,Q10
06332523,2011-06-13,606.0,Q2
06332523,2012-06-09,265.0,Q2
06332523,2017-03-21,868.0,Q2
06332523,2018-04-21,1700.0,Q5
06332523,2018-06-02,457.0,Q2
06332523,2018-06-11,299.0,Q2
06332523,2019-03-24,1500.0,Q5
06332523,2023-04-13,1920.0,Q5
06332770,2010-04-01,350.0,Q2
06332770,2011-04-14,1440.0,Q5
06332770,2011-05-11,319.0,Q2
06332770,2012-06-08,1220.0,Q5
06332770,2017-03-26,1490.0,Q5
06332770,2018-04-21,1670.0,Q5
06332770,2019-03-24,1240.0,Q5
06332770,2023-04-11,2000.0,Q5
06334500,2008-05-07,4700.0,Q2
06334500,2008-05-25,3290.0,Q2
06334500,2008-06-07,4630.0,Q2
06334500,2009-03-19,3490.0,Q2
06334500,2009-04-17,12400.0,Q10
06334500,2010-05-15,2520.0,Q2
06334500,2011-03-19,6180.0,Q2
06334500,2011-05-24,20100.0,Q10
06334500,2013-06-04,2220.0,Q2
06334500,2014-03-13,6680.0,Q2
06334500,2018-04-14,4790.0,Q2
06334500,2019-03-25,8520.0,Q5
06334500,2019-05-23,5090.0,Q2
06334500,2022-05-01,3040.0,Q2
06335500,2008-05-09,10400.0,Q2
06335500,2008-06-09,8100.0,Q2
06335500,2009-03-15,6930.0,Q2
06335500,2009-04-17,21100.0,Q5
06335500,2011-03-21,13300.0,Q2
06335500,2011-05-23,40300.0,Q10
06335500,2013-06-01,6270.0,Q2
06335500,2013-09-08,11300.0,Q2
06335500,2014-03-15,7090.0,Q2
06335500,2018-03-28,9700.0,Q2
06335500,2018-04-15,11500.0,Q2
06335500,2019-03-24,21900.0,Q5
06335500,2019-05-24,9970.0,Q2
06335500,2020-03-08,5310.0,Q2
06335500,2022-05-02,6240.0,Q2
06336000,2008-05-10,8810.0,Q2
06336000,2008-06-10,7690.0,Q2
06336000,2009-03-20,8010.0,Q2
06336000,2009-04-19,20800.0,Q5
06336000,2011-03-22,16300.0,Q5
06336000,2011-05-25,35100.0,Q10
06336000,2013-06-01,8140.0,Q2
06336000,2013-09-10,8400.0,Q2
06336000,2014-03-16,7740.0,Q2
06336000,2014-04-08,7110.0,Q2
06336000,2018-03-30,9230.0,Q2
06336000,2018-04-16,11000.0,Q2
06336000,2019-03-25,27700.0,Q10
06336000,2019-05-26,9410.0,Q2
06336000,2020-03-05,6070.0,Q2
06336000,2022-05-03,5930.0,Q2
06336000,2022-05-14,5700.0,Q2
06336000,2022-07-06,5820.0,Q2
06336600,2009-03-18,760.0,Q2
06336600,2010-06-19,1090.0,Q2
06336600,2011-03-24,1630.0,Q2
06336600,2011-04-03,2560.0,Q5
06336600,2011-05-11,1300.0,Q2
06336600,2011-05-23,1700.0,Q2
06336600,2013-06-02,1290.0,Q2
06336600,2013-07-09,950.0,Q2
06336600,2014-03-12,2420.0,Q5
06336600,2014-04-09,888.0,Q2
06336600,2014-08-16,1140.0,Q2
06336600,2018-03-25,1860.0,Q2
06336600,2019-03-24,2510.0,Q5
06336600,2020-03-02,1210.0,Q2
06336600,2022-07-10,763.0,Q2
06336600,2023-04-10,2350.0,Q5
06337000,2008-05-13,6550.0,Q2
06337000,2008-06-12,6840.0,Q2
06337000,2009-04-20,20800.0,Q5
06337000,2011-03-20,19500.0,Q5
06337000,2011-05-04,7680.0,Q2
06337000,2011-05-27,34000.0,Q10
06337000,2013-06-03,8360.0,Q2
06337000,2014-03-14,29500.0,Q10
06337000,2014-04-09,7080.0,Q2
06337000,2018-03-28,12100.0,Q2
06337000,2018-04-17,11600.0,Q2
06337000,2019-03-27,26600.0,Q5
06337000,2019-05-27,9350.0,Q2
06337000,2020-03-05,6460.0,Q2
06337000,2022-05-05,6060.0,Q2
06337000,2022-05-13,10600.0,Q2
06337000,2022-07-11,6610.0,Q2
06337000,2023-04-12,9620.0,Q2
06339100,2009-03-22,1590.0,Q2
06339100,2010-03-31,596.0,Q2
06339100,2010-05-25,1050.0,Q2
06339100,2011-04-08,1140.0,Q2
06339100,2011-05-04,906.0,Q2
06339100,2011-05-11,898.0,Q2
06339100,2011-05-22,1490.0,Q2
06339100,2011-05-31,1010.0,Q2
06339100,2013-06-01,1350.0,Q2
06339100,2013-06-04,575.0,Q2
06339100,2016-07-11,810.0,Q2
06339100,2017-03-19,646.0,Q2
06339100,2018-03-23,772.0,Q2
06339100,2018-03-26,1120.0,Q2
06339100,2019-03-22,1380.0,Q2
06339100,2019-09-13,739.0,Q2
06339100,2022-05-14,728.0,Q2
06339100,2022-06-15,728.0,Q2
06339100,2023-04-11,2100.0,Q5
06339100,2023-05-29,1120.0,Q2
06339500,2009-04-13,9200.0,Q10
06339500,2010-03-31,3200.0,Q2
06339500,2011-04-07,3470.0,Q2
06339500,2011-05-23,3230.0,Q2
06339500,2013-06-02,4160.0,Q2
06339500,2014-04-09,4760.0,Q5
06339500,2014-05-30,2240.0,Q2
06339500,2014-06-29,2340.0,Q2
06339500,2014-08-18,6640.0,Q5
06339500,2014-08-25,4240.0,Q2
06339500,2018-03-27,2200.0,Q2
06339500,2019-03-22,5030.0,Q5
06339500,2019-09-14,2020.0,Q2
06339500,2023-04-12,7780.0,Q10
06339500,2023-05-12,1830.0,Q2
06340000,2009-03-23,6340.0,Q10
06340000,2009-04-12,4190.0,Q5
06340000,2010-03-31,1450.0,Q2
06340000,2010-09-10,3000.0,Q5
06340000,2011-04-11,2210.0,Q2
06340000,2011-05-22,1560.0,Q2
06340000,2013-05-31,1290.0,Q2
06340000,2014-04-06,1210.0,Q2
06340000,2014-05-30,2110.0,Q2
06340000,2014-06-28,2210.0,Q2
06340000,2014-08-16,1890.0,Q2
06340000,2015-06-03,1370.0,Q2
06340000,2015-06-07,1060.0,Q2
06340000,2017-08-12,993.0,Q2
06340000,2018-03-28,2010.0,Q2
06340000,2019-03-22,2830.0,Q5
06340000,2023-04-13,3210.0,Q5
06340500,2009-03-23,27400.0,Q25
06340500,2010-03-31,6610.0,Q2
06340500,2011-04-08,6850.0,Q2
06340500,2011-05-22,4910.0,Q2
06340500,2013-06-02,5130.0,Q2
06340500,2014-04-09,5830.0,Q2
06340500,2014-05-30,3460.0,Q2
06340500,2014-06-29,3120.0,Q2
06340500,2014-08-19,6540.0,Q2
06340500,2014-08-24,5710.0,Q2
06340500,2018-03-28,4080.0,Q2
06340500,2019-03-23,9110.0,Q5
06340500,2023-04-14,11100.0,Q5
06342260,2009-03-24,1330.0,Q5
06342260,2009-04-15,1700.0,Q10
06342260,2010-03-30,416.0,Q2
06342260,2011-04-08,1250.0,Q5
06342260,2011-04-23,264.0,Q2
06342260,2011-05-10,267.0,Q2
06342260,2011-05-21,737.0,Q2
06342260,2011-06-13,1800.0,Q10
06342260,2011-06-20,1300.0,Q5
06342260,2011-07-08,1790.0,Q10
06342260,2012-03-11,268.0,Q2
06342260,2013-05-21,289.0,Q2
06342260,2013-05-25,285.0,Q2
06342260,2013-06-09,301.0,Q2
06342260,2013-10-16,428.0,Q2
06342260,2013-10-22,296.0,Q2
06342260,2013-11-03,298.0,Q2
06342260,2013-11-19,286.0,Q2
06342260,2014-03-10,651.0,Q2
06342260,2014-04-07,1750.0,Q10
06342260,2015-06-20,277.0,Q2
06342260,2015-06-25,380.0,Q2
06342260,2019-03-23,727.0,Q2
06342260,2022-04-29,278.0,Q2
06342260,2022-05-09,349.0,Q2
06342450,2009-04-13,1690.0,Q5
06342450,2010-03-23,611.0,Q2
06342450,2011-04-08,1800.0,Q5
06342450,2014-03-13,526.0,Q2
06342450,2014-04-07,349.0,Q2
06342450,2015-05-17,652.0,Q2
06342450,2016-08-11,441.0,Q2
06342450,2017-03-28,387.0,Q2
06342450,2018-04-20,391.0,Q2
06342450,2019-03-28,1920.0,Q10
06342450,2022-03-17,651.0,Q2
06343000,2009-03-18,3150.0,Q5
06343000,2009-04-13,1890.0,Q2
06343000,2009-07-09,607.0,Q2
06343000,2010-03-30,1300.0,Q2
06343000,2010-05-26,565.0,Q2
06343000,2011-04-03,3160.0,Q5
06343000,2011-05-03,861.0,Q2
06343000,2011-05-12,699.0,Q2
06343000,2011-05-22,1780.0,Q2
06343000,2011-05-31,1240.0,Q2
06343000,2011-08-06,1150.0,Q2
06343000,2013-06-01,1380.0,Q2
06343000,2013-09-10,665.0,Q2
06343000,2014-04-08,2030.0,Q2
06343000,2014-05-28,466.0,Q2
06343000,2014-08-16,1380.0,Q2
06343000,2014-08-24,504.0,Q2
06343000,2018-03-26,1770.0,Q2
06343000,2018-06-10,879.0,Q2
06343000,2019-03-22,2740.0,Q5
06343000,2019-09-13,719.0,Q2
06343000,2020-03-01,532.0,Q2
06343000,2022-04-30,624.0,Q2
06343000,2022-05-14,575.0,Q2
06343000,2022-07-08,758.0,Q2
06343000,2023-04-11,2850.0,Q5
06344600,2010-03-29,911.0,Q2
06344600,2010-05-25,735.0,Q2
06344600,2011-04-07,1940.0,Q5
06344600,2011-05-04,1060.0,Q2
06344600,2011-05-11,1040.0,Q2
06344600,2011-05-21,1870.0,Q5
06344600,2011-05-30,1520.0,Q2
06344600,2013-05-31,1880.0,Q5
06344600,2013-10-15,335.0,Q2
06344600,2014-04-08,1030.0,Q2
06344600,2014-05-29,417.0,Q2
06344600,2014-08-16,1960.0,Q5
06344600,2014-08-24,482.0,Q2
06344600,2017-02-21,406.0,Q2
06344600,2017-03-18,443.0,Q2
06344600,2018-03-26,1200.0,Q2
06344600,2018-04-12,383.0,Q2
06344600,2019-03-22,2010.0,Q5
06344600,2019-09-13,1070.0,Q2
06344600,2020-03-01,355.0,Q2
06344600,2022-04-27,423.0,Q2
06344600,2022-05-13,530.0,Q2
06344600,2023-04-12,2620.0,Q5
06345500,2009-04-14,12800.0,Q10
06345500,2010-04-01,3340.0,Q2
06345500,2011-04-04,5570.0,Q2
06345500,2011-05-06,1850.0,Q2
06345500,2011-05-13,1860.0,Q2
06345500,2011-05-22,5620.0,Q2
06345500,2011-06-01,3710.0,Q2
06345500,2013-06-01,5380.0,Q2
06345500,2013-10-16,2440.0,Q2
06345500,2014-04-08,8590.0,Q5
06345500,2014-05-25,4130.0,Q2
06345500,2014-08-17,3440.0,Q2
06345500,2018-03-26,4960.0,Q2
06345500,2019-03-24,9120.0,Q5
06345500,2019-09-15,2270.0,Q2
06345500,2023-04-12,10300.0,Q5
06345780,2010-04-01,3670.0,Q2
06345780,2011-04-04,5740.0,Q2
06345780,2011-05-06,1850.0,Q2
06345780,2011-05-13,1830.0,Q2
06345780,2011-05-23,5710.0,Q2
06345780,2011-06-01,3630.0,Q2
06345780,2011-06-13,3390.0,Q2
06345780,2013-05-31,4610.0,Q2
06345780,2013-10-16,2400.0,Q2
06345780,2014-04-09,10500.0,Q5
06345780,2014-05-25,4130.0,Q2
06345780,2014-06-17,1650.0,Q2
06345780,2014-06-28,2780.0,Q2
06345780,2014-08-18,3380.0,Q2
06345780,2018-03-27,6280.0,Q5
06345780,2019-03-24,12100.0,Q10
06345780,2019-09-15,1990.0,Q2
06345780,2021-05-24,2290.0,Q2
06345780,2023-04-12,12200.0,Q10
06347000,2009-03-24,3880.0,Q10
06347000,2009-04-13,6820.0,Q10
06347000,2010-03-30,917.0,Q2
06347000,2010-06-17,428.0,Q2
06347000,2011-03-22,1080.0,Q2
06347000,2011-04-03,1940.0,Q5
06347000,2011-04-23,408.0,Q2
06347000,2011-05-22,917.0,Q2
06347000,2011-06-14,3600.0,Q10
06347000,2013-06-02,393.0,Q2
06347000,2013-06-24,1130.0,Q2
06347000,2014-03-10,1230.0,Q2
06347000,2014-04-08,1350.0,Q2
06347000,2014-05-25,820.0,Q2
06347000,2014-06-30,839.0,Q2
06347000,2014-08-25,737.0,Q2
06347000,2019-03-24,2710.0,Q5
06347000,2023-04-14,2000.0,Q5
06347000,2023-06-26,709.0,Q2
06347000,2023-07-30,1260.0,Q2
06347000,2023-08-05,757.0,Q2
06347500,2009-04-13,9200.0,Q25
06347500,2010-04-01,1970.0,Q2
06347500,2010-06-17,1070.0,Q2
06347500,2011-04-03,3280.0,Q5
06347500,2011-05-22,2700.0,Q5
06347500,2011-06-01,1080.0,Q2
06347500,2011-06-14,5440.0,Q10
06347500,2011-07-11,2600.0,Q5
06347500,2014-04-08,1460.0,Q2
06347500,2014-06-29,1170.0,Q2
06347500,2014-08-25,2700.0,Q5
06347500,2015-06-23,1590.0,Q2
06347500,2019-03-23,4060.0,Q5
06347500,2019-09-21,2060.0,Q2
06347500,2023-04-14,2100.0,Q2
06348300,2009-04-14,20200.0,Q10
06348300,2010-04-01,4260.0,Q2
06348300,2011-04-03,8830.0,Q5
06348300,2011-05-23,5000.0,Q2
06348300,2011-06-14,8660.0,Q5
06348300,2011-07-11,2880.0,Q2
06348300,2013-06-03,4030.0,Q2
06348300,2013-06-24,2180.0,Q2
06348300,2014-03-12,5890.0,Q2
06348300,2014-04-09,4980.0,Q2
06348300,2014-06-29,3260.0,Q2
06348300,2014-08-26,6650.0,Q2
06348300,2019-03-24,12200.0,Q10
06348300,2019-09-22,2800.0,Q2
06348300,2023-04-14,8380.0,Q5
06348500,2009-04-13,6150.0,Q10
06348500,2010-03-31,1240.0,Q2
06348500,2011-04-08,1770.0,Q2
06348500,2011-05-22,1000.0,Q2
06348500,2011-06-13,2760.0,Q5
06348500,2011-07-09,660.0,Q2
06348500,2014-03-10,1260.0,Q2
06348500,2014-04-07,1350.0,Q2
06348500,2014-06-29,1670.0,Q2
06348500,2014-08-17,734.0,Q2
06348500,2015-06-22,2510.0,Q5
06348500,2018-03-28,648.0,Q2
06348500,2019-03-24,1990.0,Q2
06348500,2019-03-28,1180.0,Q2
06348500,2019-09-22,1060.0,Q2
06348500,2022-04-24,704.0,Q2
06348500,2023-04-15,789.0,Q2
06349000,2009-03-24,29200.0,Q25
06349000,2010-04-01,5090.0,Q2
06349000,2011-04-04,10100.0,Q5
06349000,2011-05-23,5480.0,Q2
06349000,2011-06-14,7120.0,Q2
06349000,2011-07-12,3230.0,Q2
06349000,2013-06-04,3780.0,Q2
06349000,2014-04-10,5670.0,Q2
06349000,2014-06-30,4360.0,Q2
06349000,2014-08-26,5990.0,Q2
06349000,2015-06-23,3280.0,Q2
06349000,2019-03-25,15300.0,Q10
06349000,2019-09-22,3920.0,Q2
06349000,2023-04-15,9500.0,Q5
06349600,2009-06-15,749.0,Q5
06349600,2009-06-26,515.0,Q2
06349600,2010-03-19,439.0,Q2
06349600,2010-08-01,745.0,Q5
06349600,2011-07-30,457.0,Q2
06349600,2013-05-30,429.0,Q2
06349600,2015-05-16,654.0,Q5
06349600,2015-06-26,671.0,Q5
06349600,2016-07-11,422.0,Q2
06349600,2016-07-30,484.0,Q2
06349600,2016-08-11,539.0,Q2
06349600,2018-07-03,585.0,Q2
06349600,2018-09-09,416.0,Q2
06349600,2019-03-27,757.0,Q10
06349600,2019-09-21,476.0,Q2
06349600,2022-07-04,586.0,Q2
06349600,2022-08-23,502.0,Q2
06350000,2009-03-23,5630.0,Q5
06350000,2009-04-15,7510.0,Q10
06350000,2010-04-01,2200.0,Q2
06350000,2011-03-25,702.0,Q2
06350000,2011-04-03,4130.0,Q5
06350000,2011-05-23,1300.0,Q2
06350000,2011-06-01,590.0,Q2
06350000,2013-10-17,644.0,Q2
06350000,2014-04-09,2660.0,Q2
06350000,2014-05-29,518.0,Q2
06350000,2014-06-29,1680.0,Q2
06350000,2014-08-31,887.0,Q2
06350000,2015-06-26,816.0,Q2
06350000,2018-03-26,1280.0,Q2
06350000,2018-06-01,2120.0,Q2
06350000,2019-03-24,5870.0,Q5
06350000,2022-04-30,934.0,Q2
06350000,2023-04-12,5770.0,Q5
06351200,2009-03-24,18500.0,Q10
06351200,2009-04-15,13100.0,Q10
06351200,2010-04-02,3160.0,Q2
06351200,2011-03-26,2830.0,Q2
06351200,2011-04-05,6590.0,Q5
06351200,2011-06-14,4610.0,Q2
06351200,2014-04-10,5630.0,Q2
06351200,2014-05-25,2550.0,Q2
06351200,2015-07-16,2610.0,Q2
06351200,2019-03-28,9450.0,Q5
06351200,2019-09-21,3010.0,Q2
06351200,2021-06-09,5540.0,Q2
06351200,2023-04-14,9850.0,Q5
06352000,2009-03-22,7760.0,Q10
06352000,2009-04-13,7040.0,Q10
06352000,2010-04-03,716.0,Q2
06352000,2011-04-03,2890.0,Q5
06352000,2011-04-25,502.0,Q2
06352000,2011-05-24,1470.0,Q2
06352000,2011-06-02,496.0,Q2
06352000,2013-06-02,1400.0,Q2
06352000,2013-10-18,536.0,Q2
06352000,2014-04-09,2630.0,Q5
06352000,2014-06-30,602.0,Q2
06352000,2018-03-29,577.0,Q2
06352000,2018-05-24,579.0,Q2
06352000,2018-06-02,663.0,Q2
06352000,2019-03-25,4610.0,Q5
06352000,2022-04-30,700.0,Q2
06352000,2023-04-12,4070.0,Q5
06353000,2009-04-13,9880.0,Q10
06353000,2010-04-03,2170.0,Q2
06353000,2011-03-22,6010.0,Q5
06353000,2011-04-06,3420.0,Q2
06353000,2014-04-11,2610.0,Q2
06353000,2014-08-24,3950.0,Q2
06353000,2019-03-28,7220.0,Q10
06353000,2019-10-21,1970.0,Q2
06353000,2020-03-02,2020.0,Q2
06353000,2021-06-09,3800.0,Q2
06353000,2023-04-13,4560.0,Q5
06354000,2009-04-12,23100.0,Q10
06354000,2010-04-03,7100.0,Q2
06354000,2011-03-22,12400.0,Q5
06354000,2011-06-15,4590.0,Q2
06354000,2013-05-26,4390.0,Q2
06354000,2014-03-14,7740.0,Q2
06354000,2014-04-11,7820.0,Q2
06354000,2014-08-24,7750.0,Q2
06354000,2019-03-28,21900.0,Q10
06354000,2019-09-22,5100.0,Q2
06354000,2019-10-22,5570.0,Q2
06354000,2021-06-09,15800.0,Q5
06354000,2023-04-14,12800.0,Q5
06354580,2009-03-24,13900.0,Q50
06354580,2010-03-21,2420.0,Q2
06354580,2011-04-07,2500.0,Q2
06354580,2013-06-21,1620.0,Q2
06354580,2014-03-15,1770.0,Q2
06354580,2014-04-09,1880.0,Q2
06354580,2019-04-08,4670.0,Q5
06354580,2019-07-10,2170.0,Q2
06354580,2022-03-19,2720.0,Q2
06354580,2022-04-25,1730.0,Q2
06354580,2022-05-13,1590.0,Q2
06354580,2023-04-21,1050.0,Q2
06354580,2023-06-27,1540.0,Q2
06355500,2009-04-15,5340.0,Q10
06355500,2010-04-01,462.0,Q2
06355500,2010-05-24,465.0,Q2
06355500,2011-03-22,3000.0,Q5
06355500,2011-04-24,562.0,Q2
06355500,2011-05-24,1480.0,Q2
06355500,2013-05-26,1270.0,Q2
06355500,2013-09-09,2420.0,Q5
06355500,2013-10-12,1310.0,Q2
06355500,2014-04-08,1170.0,Q2
06355500,2018-03-27,833.0,Q2
06355500,2019-03-24,5670.0,Q10
06355500,2022-04-28,511.0,Q2
06356500,2008-06-07,1900.0,Q2
06356500,2009-03-22,4520.0,Q5
06356500,2009-04-13,8070.0,Q10
06356500,2010-07-22,1650.0,Q2
06356500,2011-03-19,2720.0,Q2
06356500,2011-04-24,1520.0,Q2
06356500,2011-05-21,3450.0,Q2
06356500,2013-09-08,3020.0,Q2
06356500,2014-04-08,1450.0,Q2
06356500,2014-06-19,12000.0,Q10
06356500,2014-06-29,2640.0,Q2
06356500,2018-03-25,3110.0,Q2
06356500,2019-03-24,11000.0,Q10
06356500,2019-05-23,1560.0,Q2
06356500,2019-06-27,2850.0,Q2
06357800,2009-03-23,32400.0,Q10
06357800,2009-04-13,16900.0,Q5
06357800,2010-03-24,9210.0,Q2
06357800,2011-03-19,15500.0,Q5
06357800,2013-05-31,9720.0,Q2
06357800,2014-03-14,6830.0,Q2
06357800,2014-06-20,17100.0,Q5
06357800,2014-08-25,17400.0,Q5
06357800,2019-03-29,16100.0,Q5
06357800,2019-10-22,9200.0,Q2
06357800,2020-03-01,7000.0,Q2
06357800,2021-06-10,12000.0,Q2
06359500,2008-05-11,4330.0,Q2
06359500,2008-05-27,3780.0,Q2
06359500,2008-06-07,22900.0,Q10
06359500,2009-03-21,8010.0,Q2
06359500,2009-04-15,23500.0,Q10
06359500,2010-05-26,7510.0,Q2
06359500,2011-03-18,18500.0,Q5
06359500,2011-05-10,3930.0,Q2
06359500,2011-05-23,7510.0,Q2
06359500,2011-06-01,4170.0,Q2
06359500,2013-10-12,7990.0,Q2
06359500,2014-03-12,4780.0,Q2
06359500,2014-06-19,12500.0,Q5
06359500,2014-06-29,4590.0,Q2
06359500,2018-06-23,3390.0,Q2
06359500,2019-03-25,20000.0,Q5
06359500,2019-04-17,4510.0,Q2
06359500,2019-05-24,13400.0,Q5
06359500,2019-06-23,4310.0,Q2
06359500,2019-07-07,6990.0,Q2
06359500,2019-07-21,5090.0,Q2
06359500,2019-09-21,4880.0,Q2
06359500,2020-03-05,3360.0,Q2
06359500,2023-05-13,4180.0,Q2
06360500,2008-06-08,25000.0,Q5
06360500,2009-03-25,11300.0,Q2
06360500,2009-04-17,24300.0,Q5
06360500,2009-06-16,12000.0,Q2
06360500,2010-03-24,9850.0,Q2
06360500,2010-05-27,8460.0,Q2
06360500,2010-06-18,21500.0,Q5
06360500,2011-03-20,34200.0,Q10
06360500,2011-05-24,8100.0,Q2
06360500,2011-06-21,9850.0,Q2
06360500,2013-10-14,12600.0,Q2
06360500,2014-03-14,16700.0,Q2
06360500,2014-06-20,20100.0,Q5
06360500,2014-08-24,15600.0,Q2
06360500,2019-03-24,22000.0,Q5
06360500,2019-04-19,7920.0,Q2
06360500,2019-05-26,14000.0,Q2
06360500,2019-07-21,11600.0,Q2
06360500,2020-05-24,8010.0,Q2
06386500,2008-05-25,4000.0,Q5
06386500,2009-07-03,1280.0,Q2
06386500,2010-05-20,1410.0,Q2
06386500,2010-06-15,749.0,Q2
06386500,2010-06-20,946.0,Q2
06386500,2011-03-13,2170.0,Q2
06386500,2013-07-30,868.0,Q2
06386500,2013-08-14,692.0,Q2
06386500,2015-05-17,625.0,Q2
06386500,2015-05-26,2060.0,Q2
06386500,2015-06-05,6220.0,Q10
06386500,2015-06-27,1240.0,Q2
06386500,2015-07-10,612.0,Q2
06386500,2021-08-01,919.0,Q2
06386500,2023-06-25,1210.0,Q2
06386500,2023-07-08,1230.0,Q2
06386500,2023-10-14,1180.0,Q2
06392900,2010-04-13,59.7,Q5
06392900,2011-05-21,154.0,Q50
06392900,2011-05-30,44.0,Q2
06392900,2012-07-23,32.1,Q2
06392900,2013-10-06,48.5,Q2
06392900,2015-06-18,33.9,Q2
06392900,2019-10-09,34.3,Q2
06392900,2020-05-06,31.4,Q2
06392950,2008-07-18,53.5,Q2
06392950,2014-03-05,49.0,Q2
06392950,2014-08-05,269.0,Q50
06392950,2014-08-28,116.0,Q5
06392950,2017-08-02,52.6,Q2
06392950,2019-03-21,85.9,Q2
06392950,2019-06-05,65.0,Q2
06392950,2019-08-11,73.8,Q2
06392950,2020-07-20,85.0,Q2
06395000,2008-05-26,3030.0,Q5
06395000,2008-06-03,1210.0,Q2
06395000,2008-07-18,2750.0,Q5
06395000,2010-05-22,1410.0,Q2
06395000,2010-06-21,1300.0,Q2
06395000,2011-03-15,2680.0,Q2
06395000,2011-05-24,1440.0,Q2
06395000,2011-06-01,1340.0,Q2
06395000,2013-10-12,1870.0,Q2
06395000,2015-05-27,2200.0,Q2
06395000,2015-06-05,6250.0,Q10
06395000,2015-06-17,1610.0,Q2
06395000,2015-07-02,1590.0,Q2
06395000,2018-03-18,1300.0,Q2
06395000,2018-05-20,1760.0,Q2
06395000,2018-06-01,3230.0,Q5
06395000,2018-06-21,1510.0,Q2
06395000,2019-03-22,4980.0,Q10
06395000,2019-05-31,1890.0,Q2
06395000,2019-07-08,1600.0,Q2
06400000,2009-04-19,403.0,Q2
06400000,2009-06-14,696.0,Q2
06400000,2009-07-05,791.0,Q2
06400000,2010-04-26,354.0,Q2
06400000,2010-05-25,2730.0,Q5
06400000,2010-06-15,1080.0,Q2
06400000,2011-05-22,440.0,Q2
06400000,2013-10-15,863.0,Q2
06400000,2014-05-13,907.0,Q2
06400000,2014-05-27,484.0,Q2
06400000,2014-09-30,2350.0,Q5
06400000,2015-06-06,15800.0,Q50
06400000,2015-07-02,683.0,Q2
06400000,2018-05-25,335.0,Q2
06400000,2018-05-31,1540.0,Q2
06400000,2018-06-21,391.0,Q2
06400000,2019-03-21,1980.0,Q5
06400000,2019-05-29,2550.0,Q5
06400000,2019-07-05,2050.0,Q5
06400000,2023-05-14,367.0,Q2
06400875,2010-04-26,161.0,Q2
06400875,2010-05-25,4290.0,Q10
06400875,2010-06-15,1360.0,Q5
06400875,2011-05-21,422.0,Q2
06400875,2012-06-16,117.0,Q2
06400875,2013-10-15,789.0,Q2
06400875,2014-03-10,893.0,Q2
06400875,2014-04-29,162.0,Q2
06400875,2014-05-13,776.0,Q2
06400875,2014-05-27,161.0,Q2
06400875,2014-10-01,1730.0,Q5
06400875,2015-06-06,7100.0,Q10
06400875,2018-05-30,605.0,Q2
06400875,2019-03-21,2510.0,Q5
06400875,2019-05-29,3140.0,Q5
06400875,2024-04-09,254.0,Q2
06401500,2008-07-18,615.0,Q2
06401500,2010-05-26,6150.0,Q5
06401500,2010-06-16,3070.0,Q5
06401500,2011-03-13,2810.0,Q5
06401500,2011-04-06,433.0,Q2
06401500,2011-04-21,296.0,Q2
06401500,2011-04-24,267.0,Q2
06401500,2011-04-30,307.0,Q2
06401500,2011-05-04,247.0,Q2
06401500,2011-05-09,254.0,Q2
06401500,2011-05-24,2090.0,Q2
06401500,2011-06-17,296.0,Q2
06401500,2011-06-23,343.0,Q2
06401500,2011-06-29,384.0,Q2
06401500,2014-03-17,984.0,Q2
06401500,2014-04-03,270.0,Q2
06401500,2014-04-27,299.0,Q2
06401500,2014-05-13,1900.0,Q2
06401500,2014-05-28,522.0,Q2
06401500,2015-02-12,574.0,Q2
06401500,2015-05-15,3750.0,Q5
06401500,2015-06-07,17300.0,Q10
06401500,2015-06-20,2420.0,Q2
06401500,2015-07-06,824.0,Q2
06401500,2016-05-11,238.0,Q2
06401500,2018-03-27,259.0,Q2
06401500,2018-06-02,4380.0,Q5
06401500,2018-06-22,1730.0,Q2
06401500,2018-07-20,379.0,Q2
06401500,2019-03-22,8630.0,Q5
06401500,2019-05-30,4660.0,Q5
06401500,2019-06-21,530.0,Q2
06401500,2019-07-05,1730.0,Q2
06401500,2019-07-20,234.0,Q2
06401500,2020-03-10,1090.0,Q2
06402000,2010-07-29,459.0,Q2
06402000,2010-08-16,370.0,Q2
06402000,2013-07-08,444.0,Q2
06402000,2013-08-07,370.0,Q2
06402000,2014-06-17,670.0,Q5
06402000,2015-06-24,411.0,Q2
06402000,2015-07-05,368.0,Q2
06402000,2015-07-27,460.0,Q2
06402000,2018-05-29,382.0,Q2
06402000,2019-07-04,692.0,Q10
06402000,2021-06-08,628.0,Q5
06402000,2021-06-27,429.0,Q2
06402000,2022-06-06,373.0,Q2
06402000,2023-07-17,788.0,Q10
06402000,2023-07-29,838.0,Q10
06402430,2010-05-25,16.3,Q2
06402430,2010-06-21,16.3,Q2
06402430,2011-05-21,16.3,Q2
06402430,2011-05-30,14.9,Q2
06402430,2013-08-13,140.0,Q25
06402430,2015-07-05,107.0,Q25
06402430,2018-05-29,14.3,Q2
06402430,2018-06-26,13.8,Q2
06402430,2019-03-23,37.2,Q5
06402430,2019-08-03,72.6,Q10
06402430,2020-03-08,13.9,Q2
06402500,2008-07-18,214.0,Q10
06402500,2008-08-05,114.0,Q5
06402500,2008-08-11,160.0,Q5
06402500,2010-05-24,206.0,Q10
06402500,2010-06-20,148.0,Q5
06402500,2010-06-27,54.9,Q2
06402500,2014-06-18,47.6,Q2
06402500,2014-09-30,108.0,Q5
06402500,2015-05-25,229.0,Q10
06402500,2015-06-04,92.9,Q2
06402500,2015-06-16,78.4,Q2
06402500,2015-07-06,126.0,Q5
06402500,2018-05-28,54.1,Q2
06402500,2018-06-20,69.2,Q2
06402500,2019-03-12,250.0,Q10
06402500,2019-05-22,64.1,Q2
06402500,2019-05-28,98.6,Q2
06402500,2019-07-05,53.0,Q2
06402500,2019-08-11,44.1,Q2
06402600,2009-06-14,1240.0,Q2
06402600,2010-05-26,7340.0,Q10
06402600,2010-06-17,3680.0,Q2
06402600,2011-03-14,3660.0,Q2
06402600,2011-05-25,2180.0,Q2
06402600,2011-06-05,1760.0,Q2
06402600,2013-10-15,2420.0,Q2
06402600,2014-05-15,1660.0,Q2
06402600,2015-05-16,5930.0,Q5
06402600,2015-06-08,18500.0,Q25
06402600,2015-07-06,1340.0,Q2
06402600,2018-06-01,4190.0,Q5
06402600,2018-06-25,1900.0,Q2
06402600,2019-03-23,8840.0,Q10
06402600,2019-05-30,5800.0,Q5
06402600,2019-07-07,2000.0,Q2
06403300,2008-05-24,255.0,Q2
06403300,2010-05-25,355.0,Q5
06403300,2010-06-14,145.0,Q2
06403300,2011-05-20,377.0,Q5
06403300,2013-10-12,286.0,Q2
06403300,2014-10-01,203.0,Q2
06403300,2015-05-27,501.0,Q5
06403300,2018-05-22,185.0,Q2
06403300,2018-05-29,253.0,Q2
06403300,2018-06-24,171.0,Q2
06403300,2018-07-15,181.0,Q2
06403300,2018-07-22,153.0,Q2
06403300,2018-07-30,241.0,Q2
06403300,2018-08-15,167.0,Q2
06403300,2019-05-29,623.0,Q10
06403300,2019-07-05,146.0,Q2
06403300,2019-08-03,1050.0,Q25
06403300,2019-08-12,136.0,Q2
06403300,2020-06-26,203.0,Q2
06403300,2023-10-13,132.0,Q2
06403700,2010-05-27,8210.0,Q10
06403700,2010-06-18,3560.0,Q2
06403700,2011-03-15,3690.0,Q2
06403700,2011-05-20,2420.0,Q2
06403700,2011-06-04,1850.0,Q2
06403700,2013-10-15,2190.0,Q2
06403700,2015-05-17,4960.0,Q5
06403700,2015-06-08,18400.0,Q25
06403700,2018-06-01,4970.0,Q5
06403700,2018-06-24,2130.0,Q2
06403700,2019-03-23,8660.0,Q10
06403700,2019-05-29,6690.0,Q5
06403700,2019-07-07,2360.0,Q2
06403700,2023-05-13,2120.0,Q2
06403700,2023-07-31,2150.0,Q2
06403700,2023-10-12,2670.0,Q2
06404000,2008-05-24,906.0,Q5
06404000,2010-05-24,870.0,Q5
06404000,2011-05-20,359.0,Q2
06404000,2011-05-24,323.0,Q2
06404000,2011-05-30,585.0,Q2
06404000,2013-10-11,1280.0,Q5
06404000,2015-05-16,346.0,Q2
06404000,2015-05-24,1500.0,Q10
06404000,2015-06-06,1010.0,Q5
06404000,2015-06-25,453.0,Q2
06404000,2016-05-21,833.0,Q5
06404000,2018-07-18,814.0,Q5
06404000,2018-07-22,514.0,Q2
06404000,2019-05-28,1650.0,Q10
06404998,2008-05-24,203.0,Q5
06404998,2010-04-24,84.6,Q2
06404998,2010-05-24,262.0,Q5
06404998,2011-05-30,128.0,Q2
06404998,2013-10-11,201.0,Q5
06404998,2015-05-24,288.0,Q5
06404998,2018-05-29,72.0,Q2
06404998,2018-07-22,77.3,Q2
06404998,2019-05-28,571.0,Q25
06404998,2023-10-13,69.9,Q2
06406000,2008-05-24,870.0,Q2
06406000,2010-05-24,2270.0,Q10
06406000,2011-05-30,759.0,Q2
06406000,2011-07-06,276.0,Q2
06406000,2013-10-11,900.0,Q2
06406000,2015-05-16,275.0,Q2
06406000,2015-05-24,1560.0,Q5
06406000,2016-05-21,386.0,Q2
06406000,2018-07-18,633.0,Q2
06406000,2019-05-28,2280.0,Q10
06406000,2023-09-13,846.0,Q2
06406500,2008-05-25,665.0,Q5
06406500,2008-06-02,477.0,Q2
06406500,2010-05-26,1120.0,Q10
06406500,2010-06-23,1080.0,Q5
06406500,2011-05-31,702.0,Q5
06406500,2013-10-12,405.0,Q2
06406500,2015-05-26,845.0,Q5
06406500,2018-07-19,292.0,Q2
06406500,2019-05-29,2010.0,Q10
06406500,2022-08-26,341.0,Q2
06407500,2008-05-24,170.0,Q2
06407500,2010-05-24,328.0,Q5
06407500,2011-05-30,320.0,Q5
06407500,2013-10-11,129.0,Q2
06407500,2014-06-28,141.0,Q2
06407500,2014-10-01,123.0,Q2
06407500,2015-06-07,1140.0,Q25
06407500,2018-07-22,188.0,Q2
06407500,2019-05-28,1270.0,Q25
06407500,2020-05-05,139.0,Q2
06408650,2010-05-22,8020.0,Q2
06408650,2010-08-04,8510.0,Q2
06408650,2011-05-20,9790.0,Q2
06408650,2014-09-30,7810.0,Q2
06408650,2015-05-12,9460.0,Q2
06408650,2015-05-16,24300.0,Q50
06408650,2015-06-08,19200.0,Q10
06408650,2015-06-21,14900.0,Q5
06408650,2015-06-26,12200.0,Q2
06408650,2016-07-02,11400.0,Q2
06408650,2018-05-19,9920.0,Q2
06408650,2018-05-28,11300.0,Q2
06408650,2018-06-24,9110.0,Q2
06408650,2019-03-24,10900.0,Q2
06408650,2019-05-22,15400.0,Q5
06408650,2019-05-28,15600.0,Q5
06408650,2019-07-05,11400.0,Q2
06408650,2021-10-13,8900.0,Q2
06408650,2023-05-12,8130.0,Q2
06408650,2023-10-13,12000.0,Q2
06408700,2008-07-06,15.2,Q2
06408700,2010-07-11,15.2,Q2
06408700,2015-06-14,20.0,Q5
06408700,2021-07-22,29.7,Q50
06408700,2022-08-24,13.8,Q2
06409000,2010-04-05,227.0,Q10
06409000,2010-04-07,183.0,Q10
06409000,2010-04-13,206.0,Q10
06409000,2010-05-25,68.1,Q2
06409000,2010-06-13,77.7,Q2
06409000,2010-07-11,106.0,Q2
06409000,2011-05-30,102.0,Q2
06409000,2014-04-11,79.2,Q2
06409000,2015-06-24,77.9,Q2
06409000,2019-06-18,77.0,Q2
06409000,2019-07-24,174.0,Q10
06409000,2020-05-02,87.4,Q2
06409000,2020-12-07,68.1,Q2
06409000,2021-05-23,120.0,Q2
06409000,2023-06-29,279.0,Q25
06410000,2010-05-26,75.0,Q5
06410000,2011-06-11,87.3,Q5
06410000,2015-06-04,78.2,Q5
06410000,2019-07-09,81.3,Q5
06410000,2020-05-07,68.5,Q5
06410000,2021-05-26,65.1,Q2
06410000,2023-06-30,88.1,Q5
06410500,2008-05-24,283.0,Q2
06410500,2008-07-07,1640.0,Q25
06410500,2010-05-22,427.0,Q2
06410500,2010-06-14,267.0,Q2
06410500,2011-05-24,722.0,Q5
06410500,2013-10-12,318.0,Q2
06410500,2014-05-07,316.0,Q2
06410500,2015-05-27,730.0,Q5
06410500,2018-05-30,277.0,Q2
06410500,2018-06-25,279.0,Q2
06410500,2019-07-05,1110.0,Q10
06410500,2023-06-30,291.0,Q2
06411500,2009-04-25,220.0,Q2
06411500,2010-05-26,320.0,Q2
06411500,2011-06-04,478.0,Q10
06411500,2013-10-17,278.0,Q2
06411500,2014-05-11,269.0,Q2
06411500,2014-09-15,236.0,Q2
06411500,2015-05-29,604.0,Q10
06411500,2018-06-23,264.0,Q2
06411500,2019-07-18,568.0,Q10
06411500,2020-05-04,274.0,Q2
06411500,2023-07-03,271.0,Q2
06412500,2008-05-24,285.0,Q2
06412500,2010-05-24,544.0,Q5
06412500,2011-05-30,576.0,Q5
06412500,2013-10-19,305.0,Q2
06412500,2014-05-11,297.0,Q2
06412500,2014-09-13,266.0,Q2
06412500,2015-06-24,918.0,Q10
06412500,2018-06-02,268.0,Q2
06412500,2018-06-24,374.0,Q2
06412500,2019-05-28,1200.0,Q25
06412500,2020-05-03,332.0,Q2
06412500,2023-07-08,291.0,Q2
06414000,2011-05-30,699.0,Q2
06414000,2011-06-25,850.0,Q2
06414000,2013-05-29,1220.0,Q10
06414000,2014-08-05,708.0,Q2
06414000,2015-06-24,1320.0,Q10
06414000,2018-07-21,904.0,Q5
06414000,2019-05-28,1380.0,Q10
06421500,2008-05-25,1140.0,Q2
06421500,2011-05-20,1100.0,Q2
06421500,2011-05-25,1190.0,Q2
06421500,2011-05-31,1510.0,Q2
06421500,2011-06-27,1110.0,Q2
06421500,2013-10-11,1630.0,Q2
06421500,2013-10-15,1990.0,Q5
06421500,2014-10-01,1050.0,Q2
06421500,2015-06-18,3640.0,Q10
06421500,2018-06-21,1210.0,Q2
06421500,2018-06-24,2480.0,Q5
06421500,2018-07-23,1300.0,Q2
06421500,2019-05-29,4110.0,Q25
06421500,2024-04-16,1020.0,Q2
06422500,2008-05-08,401.0,Q5
06422500,2008-06-05,487.0,Q5
06422500,2008-07-07,646.0,Q10
06422500,2008-07-19,391.0,Q2
06422500,2008-08-06,298.0,Q2
06422500,2009-04-16,368.0,Q2
06422500,2010-05-10,190.0,Q2
06422500,2010-06-14,194.0,Q2
06422500,2011-05-24,348.0,Q2
06422500,2013-10-11,220.0,Q2
06422500,2014-05-07,268.0,Q2
06422500,2014-06-28,266.0,Q2
06422500,2015-06-06,711.0,Q10
06422500,2018-06-25,203.0,Q2
06422500,2019-04-17,166.0,Q2
06422500,2019-07-05,1300.0,Q25
06423500,2008-05-23,8890.0,Q2
06423500,2008-06-06,9620.0,Q2
06423500,2010-04-24,8840.0,Q2
06423500,2010-05-25,15000.0,Q5
06423500,2010-06-23,13700.0,Q2
06423500,2011-05-20,17300.0,Q5
06423500,2013-10-15,13700.0,Q2
06423500,2014-05-09,9800.0,Q2
06423500,2015-05-12,8580.0,Q2
06423500,2015-05-16,24900.0,Q10
06423500,2015-06-09,18100.0,Q5
06423500,2019-03-23,13100.0,Q2
06423500,2019-05-22,21000.0,Q10
06423500,2019-07-05,13100.0,Q2
06423500,2019-08-02,21400.0,Q10
06423500,2021-10-13,8940.0,Q2
06423500,2023-10-13,10200.0,Q2
06425100,2008-05-24,2200.0,Q5
06425100,2008-06-06,2390.0,Q5
06425100,2009-04-16,380.0,Q2
06425100,2010-05-13,435.0,Q2
06425100,2010-05-25,3100.0,Q10
06425100,2011-05-24,1280.0,Q2
06425100,2011-06-26,340.0,Q2
06425100,2013-10-11,3800.0,Q10
06425100,2015-05-17,473.0,Q2
06425100,2015-06-02,2610.0,Q5
06425100,2019-05-22,1800.0,Q5
06425100,2019-07-05,1990.0,Q5
06425100,2024-04-16,489.0,Q2
06425500,2008-05-26,1850.0,Q2
06425500,2008-06-06,7000.0,Q5
06425500,2009-04-14,5090.0,Q5
06425500,2009-04-27,1080.0,Q2
06425500,2009-06-16,2610.0,Q2
06425500,2009-07-14,1830.0,Q2
06425500,2010-05-13,1370.0,Q2
06425500,2010-05-25,5090.0,Q5
06425500,2011-05-26,1630.0,Q2
06425500,2011-05-31,1330.0,Q2
06425500,2013-10-15,3180.0,Q2
06425500,2014-03-11,1420.0,Q2
06425500,2015-05-16,1460.0,Q2
06425500,2015-06-01,1340.0,Q2
06425500,2015-06-20,3760.0,Q2
06425500,2018-06-20,1820.0,Q2
06425500,2018-06-25,2080.0,Q2
06425500,2019-03-20,2160.0,Q2
06425500,2019-05-22,5060.0,Q5
06425500,2019-07-07,2840.0,Q2
06425500,2022-06-13,1750.0,Q2
06425500,2023-06-11,1680.0,Q2
06425500,2023-06-24,2250.0,Q2
06425720,2008-05-24,32.9,Q2
06425720,2009-04-09,33.7,Q2
06425720,2009-07-03,85.7,Q2
06425720,2010-05-31,24.0,Q2
06425720,2011-05-25,1010.0,Q25
06425720,2011-10-10,26.6,Q2
06426130,2008-05-24,322.0,Q5
06426130,2011-05-25,160.0,Q2
06426130,2011-05-30,192.0,Q2
06426130,2013-05-30,213.0,Q2
06426130,2014-06-23,148.0,Q2
06426130,2015-05-27,156.0,Q2
06426130,2015-06-04,266.0,Q2
06426130,2016-09-24,229.0,Q2
06426160,2008-05-24,214.0,Q5
06426160,2008-06-05,121.0,Q2
06426160,2010-05-25,165.0,Q2
06426160,2010-06-23,119.0,Q2
06426160,2011-05-25,115.0,Q2
06426160,2011-05-30,124.0,Q2
06426160,2011-06-10,104.0,Q2
06426160,2013-05-30,128.0,Q2
06426160,2014-05-25,123.0,Q2
06426160,2015-06-04,135.0,Q2
06426500,2008-05-25,1370.0,Q5
06426500,2008-06-07,891.0,Q2
06426500,2011-05-31,1380.0,Q5
06426500,2012-03-07,1670.0,Q5
06426500,2013-06-01,530.0,Q2
06426500,2015-05-29,834.0,Q2
06426500,2015-06-15,600.0,Q2
06426500,2015-06-27,832.0,Q2
06426500,2019-03-24,3410.0,Q25
06426500,2019-05-30,2030.0,Q10
06426500,2020-03-02,1240.0,Q5
06428500,2008-05-24,1260.0,Q2
06428500,2008-06-06,5190.0,Q10
06428500,2009-04-14,2390.0,Q2
06428500,2009-06-15,2550.0,Q2
06428500,2010-05-19,1660.0,Q2
06428500,2011-05-23,5840.0,Q10
06428500,2013-06-02,3270.0,Q5
06428500,2013-06-23,2050.0,Q2
06428500,2014-03-11,1310.0,Q2
06428500,2015-05-29,1200.0,Q2
06428500,2015-06-20,2290.0,Q2
06428500,2019-03-29,1590.0,Q2
06428500,2019-05-22,3320.0,Q5
06428500,2019-06-21,1740.0,Q2
06428500,2020-03-11,1220.0,Q2
06428500,2020-05-16,1190.0,Q2
06429500,2007-12-08,10.4,Q2
06429500,2010-04-14,38.8,Q50
06429500,2013-01-11,11.6,Q2
06429500,2013-04-13,10.8,Q2
06429500,2013-05-31,18.7,Q5
06429500,2016-01-24,12.8,Q2
06429500,2019-07-04,11.9,Q2
06429905,2008-06-06,255.0,Q10
06429905,2010-08-03,130.0,Q2
06429905,2011-05-22,164.0,Q5
06429905,2013-05-21,222.0,Q10
06429905,2013-06-03,106.0,Q2
06429905,2014-05-07,115.0,Q2
06429905,2018-07-17,152.0,Q2
06429905,2019-05-27,85.0,Q2
06429905,2020-05-02,88.0,Q2
06430500,2008-06-06,1900.0,Q10
06430500,2010-05-11,356.0,Q2
06430500,2011-01-17,412.0,Q2
06430500,2011-03-10,342.0,Q2
06430500,2011-05-22,800.0,Q2
06430500,2013-05-21,454.0,Q2
06430500,2013-06-01,1340.0,Q5
06430500,2013-06-22,703.0,Q2
06430500,2014-06-27,818.0,Q2
06430500,2015-06-05,1470.0,Q10
06430500,2018-07-18,1040.0,Q5
06430500,2019-05-29,445.0,Q2
06430500,2023-05-27,341.0,Q2
06430532,2008-06-05,561.0,Q5
06430532,2008-08-06,205.0,Q2
06430532,2011-05-22,292.0,Q2
06430532,2013-05-21,407.0,Q2
06430532,2013-06-02,523.0,Q5
06430532,2013-06-23,192.0,Q2
06430532,2014-05-07,284.0,Q2
06430532,2015-06-05,857.0,Q10
06430532,2015-06-18,198.0,Q2
06430532,2018-07-18,203.0,Q2
06430770,2008-05-24,64.6,Q2
06430770,2011-05-23,111.0,Q25
06430770,2019-07-04,81.5,Q5
06430800,2008-05-08,38.8,Q2
06430800,2008-05-17,44.4,Q2
06430800,2008-06-06,55.7,Q2
06430800,2009-04-23,42.9,Q2
06430800,2009-04-30,31.4,Q2
06430800,2010-04-23,34.9,Q2
06430800,2010-05-18,30.3,Q2
06430800,2011-05-09,25.2,Q2
06430800,2011-05-22,97.9,Q5
06430800,2013-05-21,88.9,Q5
06430800,2013-06-01,68.4,Q2
06430800,2013-10-05,41.1,Q2
06430800,2014-04-27,27.2,Q2
06430800,2014-05-07,38.0,Q2
06430800,2015-06-06,54.2,Q2
06430800,2023-08-04,31.3,Q2
06430800,2024-04-16,52.9,Q2
06430850,2011-05-22,66.7,Q5
06430850,2013-06-01,215.0,Q100
06430850,2020-05-02,35.3,Q2
06431500,2008-05-08,395.0,Q2
06431500,2008-06-05,975.0,Q5
06431500,2011-05-23,630.0,Q2
06431500,2013-05-21,1060.0,Q5
06431500,2013-06-01,1830.0,Q25
06431500,2013-10-11,384.0,Q2
06431500,2014-05-07,555.0,Q2
06431500,2019-05-27,381.0,Q2
06431500,2020-05-01,321.0,Q2
06431500,2023-05-13,398.0,Q2
06431500,2023-06-23,2180.0,Q25
06433000,2008-05-08,1280.0,Q2
06433000,2008-06-06,5440.0,Q25
06433000,2009-04-16,1170.0,Q2
06433000,2010-05-11,1040.0,Q2
06433000,2011-03-11,1250.0,Q2
06433000,2011-05-24,2610.0,Q5
06433000,2013-05-21,2120.0,Q2
06433000,2013-06-01,3930.0,Q10
06433000,2013-10-11,2210.0,Q5
06433000,2014-05-08,1430.0,Q2
06433000,2015-06-06,1130.0,Q2
06433000,2015-06-18,1090.0,Q2
06433000,2019-05-22,1640.0,Q2
06433000,2023-05-14,1160.0,Q2
06433000,2023-06-24,2400.0,Q5
06436000,2008-05-28,2310.0,Q2
06436000,2008-06-06,8700.0,Q5
06436000,2009-03-06,2980.0,Q2
06436000,2009-04-14,4090.0,Q2
06436000,2009-06-16,3690.0,Q2
06436000,2010-05-11,2630.0,Q2
06436000,2011-03-11,2040.0,Q2
06436000,2011-05-24,9740.0,Q10
06436000,2013-06-02,4290.0,Q2
06436000,2013-06-23,2880.0,Q2
06436000,2013-10-12,2100.0,Q2
06436000,2015-05-30,2100.0,Q2
06436000,2015-06-21,3230.0,Q2
06436000,2018-06-21,2050.0,Q2
06436000,2018-06-30,2310.0,Q2
06436000,2019-04-15,2320.0,Q2
06436000,2019-05-22,7000.0,Q5
06436000,2023-05-14,2670.0,Q2
06436000,2023-05-28,2420.0,Q2
06436000,2023-06-24,3560.0,Q2
06436000,2023-06-29,1950.0,Q2
06436180,2008-05-08,786.0,Q2
06436180,2008-06-06,1220.0,Q5
06436180,2010-08-03,2070.0,Q10
06436180,2010-10-10,670.0,Q2
06436180,2011-05-22,794.0,Q2
06436180,2013-05-21,1540.0,Q5
06436180,2013-06-01,1440.0,Q5
06436180,2013-10-11,1060.0,Q2
06436180,2015-05-28,898.0,Q2
06436180,2019-07-05,1470.0,Q5
06436180,2021-07-14,558.0,Q2
06436190,2008-05-08,1070.0,Q5
06436190,2008-05-24,424.0,Q2
06436190,2008-06-05,1850.0,Q10
06436190,2009-04-14,485.0,Q2
06436190,2010-08-03,1600.0,Q10
06436190,2010-10-10,767.0,Q2
06436190,2011-05-23,898.0,Q2
06436190,2013-10-11,1090.0,Q5
06436190,2015-05-28,626.0,Q2
06436190,2019-05-28,562.0,Q2
06436190,2019-07-05,1640.0,Q10
06436190,2023-05-13,399.0,Q2
06436190,2024-04-16,459.0,Q2
06436198,2008-05-08,1640.0,Q2
06436198,2008-05-24,1440.0,Q2
06436198,2008-06-05,4500.0,Q10
06436198,2009-04-16,1130.0,Q2
06436198,2010-05-10,717.0,Q2
06436198,2010-08-03,988.0,Q2
06436198,2010-10-10,702.0,Q2
06436198,2011-05-24,2140.0,Q5
06436198,2013-05-21,1260.0,Q2
06436198,2013-05-27,1390.0,Q2
06436198,2013-06-01,1840.0,Q5
06436198,2013-10-11,2520.0,Q5
06436198,2013-10-14,927.0,Q2
06436198,2018-06-20,1010.0,Q2
06436198,2019-05-22,1360.0,Q2
06436198,2019-07-05,1450.0,Q2
06436198,2023-05-14,695.0,Q2
06437000,2008-05-25,7430.0,Q2
06437000,2008-06-06,36100.0,Q10
06437000,2009-04-13,19700.0,Q5
06437000,2011-05-25,24400.0,Q5
06437000,2013-05-30,13200.0,Q2
06437000,2013-10-12,18000.0,Q5
06437000,2014-03-11,6240.0,Q2
06437000,2014-06-19,8270.0,Q2
06437000,2018-06-21,7430.0,Q2
06437000,2019-03-22,6180.0,Q2
06437000,2019-05-22,20200.0,Q5
06437000,2023-05-14,7390.0,Q2
06437000,2023-06-25,7030.0,Q2
06437020,2008-05-08,201.0,Q2
06437020,2008-06-06,201.0,Q2
06437020,2008-08-06,134.0,Q2
06437020,2011-05-22,183.0,Q2
06437020,2013-05-21,215.0,Q2
06437020,2013-06-01,148.0,Q2
06437020,2014-05-07,172.0,Q2
06437020,2015-05-17,211.0,Q2
06437020,2015-05-29,154.0,Q2
06437020,2015-06-14,173.0,Q2
06437020,2015-06-23,157.0,Q2
06437020,2019-05-28,326.0,Q5
06437020,2019-07-04,930.0,Q100
06437020,2023-05-17,196.0,Q2
06437020,2024-04-16,148.0,Q2
06438000,2008-05-24,13100.0,Q2
06438000,2008-06-06,47500.0,Q5
06438000,2009-03-08,13000.0,Q2
06438000,2009-04-13,29500.0,Q5
06438000,2009-07-14,9040.0,Q2
06438000,2010-05-25,17700.0,Q2
06438000,2011-05-25,35800.0,Q5
06438000,2013-05-31,20600.0,Q2
06438000,2013-10-12,25900.0,Q2
06438000,2014-06-20,10000.0,Q2
06438000,2018-06-21,19400.0,Q2
06438000,2019-03-23,12800.0,Q2
06438000,2019-05-22,34200.0,Q5
06438000,2023-05-13,16700.0,Q2
06438000,2023-06-24,19200.0,Q2
06440200,2008-06-06,2660.0,Q5
06440200,2009-04-10,836.0,Q2
06440200,2009-04-12,1050.0,Q2
06440200,2010-03-15,1080.0,Q2
06440200,2010-04-26,821.0,Q2
06440200,2010-06-25,854.0,Q2
06440200,2011-05-21,2240.0,Q2
06440200,2011-05-26,874.0,Q2
06440200,2011-06-28,1010.0,Q2
06440200,2013-10-12,1460.0,Q2
06440200,2013-10-16,1970.0,Q2
06440200,2014-06-16,1350.0,Q2
06440200,2015-05-17,2240.0,Q2
06440200,2015-05-25,4460.0,Q10
06440200,2015-06-18,3300.0,Q5
06440200,2016-04-18,830.0,Q2
06440200,2018-06-22,814.0,Q2
06440200,2019-03-21,2870.0,Q5
06440200,2019-05-10,1380.0,Q2
06440200,2019-05-22,10300.0,Q50
06440200,2019-05-29,1980.0,Q2
06440200,2019-07-06,2710.0,Q5
06440200,2023-05-13,1040.0,Q2
06441500,2008-06-06,8780.0,Q2
06441500,2010-03-10,12700.0,Q5
06441500,2011-06-21,23600.0,Q10
06441500,2013-10-15,7610.0,Q2
06441500,2014-08-24,6410.0,Q2
06441500,2015-05-29,7810.0,Q2
06441500,2015-06-22,11600.0,Q2
06441500,2016-04-28,5730.0,Q2
06441500,2019-03-25,18400.0,Q10
06441500,2019-04-18,6280.0,Q2
06441500,2019-05-09,6710.0,Q2
06441500,2019-05-22,15900.0,Q5
06441500,2022-06-13,5530.0,Q2
06441500,2024-04-16,5400.0,Q2
06445685,2010-03-11,527.0,Q2
06445685,2010-05-28,684.0,Q2
06445685,2010-06-15,655.0,Q2
06445685,2011-03-13,640.0,Q2
06445685,2011-05-20,1040.0,Q2
06445685,2013-10-15,878.0,Q2
06445685,2014-03-12,832.0,Q2
06445685,2014-05-12,1310.0,Q2
06445685,2015-05-16,4520.0,Q25
06445685,2015-06-07,4390.0,Q25
06445685,2017-05-23,531.0,Q2
06445685,2018-05-28,865.0,Q2
06445685,2019-03-21,4560.0,Q25
06445685,2019-05-30,3290.0,Q10
06445685,2019-07-06,885.0,Q2
06445685,2020-03-01,644.0,Q2
06445685,2024-04-08,790.0,Q2
06446000,2010-05-30,774.0,Q2
06446000,2010-06-16,1000.0,Q2
06446000,2011-03-15,955.0,Q2
06446000,2011-05-21,1700.0,Q2
06446000,2013-10-16,1850.0,Q2
06446000,2014-05-13,1580.0,Q2
06446000,2015-05-16,6920.0,Q25
06446000,2015-07-07,912.0,Q2
06446000,2018-05-29,900.0,Q2
06446000,2019-03-22,6400.0,Q25
06446000,2019-05-22,5160.0,Q10
06446000,2019-07-07,884.0,Q2
06446000,2023-04-10,864.0,Q2
06446000,2024-04-09,1240.0,Q2
06446500,2008-06-06,13300.0,Q5
06446500,2011-05-20,11600.0,Q2
06446500,2011-06-27,9230.0,Q2
06446500,2013-10-15,10600.0,Q2
06446500,2014-05-09,10400.0,Q2
06446500,2015-05-12,10100.0,Q2
06446500,2015-05-17,15000.0,Q5
06446500,2015-06-05,11500.0,Q2
06446500,2015-06-18,9130.0,Q2
06446500,2015-06-22,11500.0,Q2
06446500,2016-07-02,11900.0,Q2
06446500,2019-03-24,12500.0,Q2
06446500,2019-05-22,16500.0,Q5
06446500,2019-05-29,11000.0,Q2
06446500,2019-07-05,11200.0,Q2
06446500,2023-05-13,13700.0,Q5
06446500,2023-10-13,12900.0,Q2
06446700,2008-06-06,256.0,Q2
06446700,2009-07-12,328.0,Q2
06446700,2010-08-03,278.0,Q2
06446700,2011-03-14,660.0,Q5
06446700,2013-06-21,430.0,Q2
06446700,2014-06-14,433.0,Q2
06446700,2014-08-28,648.0,Q5
06446700,2014-08-31,378.0,Q2
06446700,2015-05-17,341.0,Q2
06446700,2015-05-29,243.0,Q2
06446700,2015-06-07,341.0,Q2
06446700,2018-06-21,292.0,Q2
06446700,2019-03-24,3280.0,Q100
06446700,2019-05-22,508.0,Q2
06446700,2019-05-29,359.0,Q2
06446700,2019-08-02,337.0,Q2
06446700,2020-05-24,266.0,Q2
06447000,2008-06-06,11900.0,Q2
06447000,2008-07-19,8210.0,Q2
06447000,2011-05-21,9480.0,Q2
06447000,2011-06-27,8920.0,Q2
06447000,2013-10-12,8730.0,Q2
06447000,2013-10-15,11800.0,Q2
06447000,2014-05-09,8380.0,Q2
06447000,2015-05-13,9400.0,Q2
06447000,2015-05-18,17400.0,Q10
06447000,2015-06-05,9360.0,Q2
06447000,2015-06-19,8740.0,Q2
06447000,2015-06-22,8880.0,Q2
06447000,2016-07-03,9240.0,Q2
06447000,2018-06-09,8770.0,Q2
06447000,2018-06-20,14200.0,Q5
06447000,2019-03-25,15600.0,Q5
06447000,2019-05-23,18300.0,Q10
06447000,2019-07-05,9540.0,Q2
06447000,2023-05-13,9680.0,Q2
06447000,2023-06-11,8580.0,Q2
06447000,2023-10-13,10800.0,Q2
06447230,2008-05-23,1630.0,Q2
06447230,2008-06-06,1760.0,Q2
06447230,2011-06-21,1620.0,Q2
06447230,2014-06-03,1470.0,Q2
06447230,2015-06-26,1750.0,Q2
06447230,2015-07-06,1470.0,Q2
06447230,2015-07-28,2200.0,Q5
06447230,2016-09-05,1640.0,Q2
06447230,2018-06-09,1480.0,Q2
06447230,2018-06-17,1560.0,Q2
06447230,2018-06-20,2450.0,Q5
06447230,2019-03-23,2900.0,Q10
06447230,2019-05-22,2120.0,Q2
06447230,2019-05-26,2020.0,Q2
06447230,2019-06-03,1880.0,Q2
06447230,2023-06-10,2130.0,Q2
06447230,2023-08-02,1450.0,Q2
06447230,2023-08-13,1860.0,Q2
06447230,2023-10-13,1720.0,Q2
06447450,2008-06-07,9140.0,Q2
06447450,2010-03-10,8570.0,Q2
06447450,2011-03-17,11100.0,Q2
06447450,2011-05-22,8960.0,Q2
06447450,2011-05-25,9020.0,Q2
06447450,2011-06-22,9550.0,Q2
06447450,2011-06-28,8450.0,Q2
06447450,2013-10-17,8590.0,Q2
06447450,2014-05-10,8520.0,Q2
06447450,2015-05-20,9270.0,Q2
06447450,2015-06-06,8350.0,Q2
06447450,2015-06-20,7330.0,Q2
06447450,2015-06-23,7820.0,Q2
06447450,2016-04-18,8320.0,Q2
06447450,2018-06-21,8430.0,Q2
06447450,2019-03-25,21700.0,Q50
06447450,2019-05-10,7750.0,Q2
06447450,2019-05-28,18500.0,Q25
06447450,2019-07-07,9530.0,Q2
06447450,2023-05-14,9110.0,Q2
06447450,2023-06-12,10000.0,Q2
06447450,2023-10-14,10800.0,Q2
06447500,2009-03-03,167.0,Q2
06447500,2009-04-12,159.0,Q2
06447500,2010-03-08,274.0,Q2
06447500,2011-05-23,240.0,Q2
06447500,2011-06-22,172.0,Q2
06447500,2014-05-16,164.0,Q2
06447500,2015-05-28,391.0,Q5
06447500,2015-06-25,270.0,Q2
06447500,2015-07-06,183.0,Q2
06447500,2018-03-08,233.0,Q2
06447500,2019-03-23,1380.0,Q100
06447500,2019-05-24,604.0,Q10
06447500,2019-07-07,338.0,Q5
06447500,2019-08-06,219.0,Q2
06447500,2020-05-27,187.0,Q2
06447500,2020-06-01,168.0,Q2
06447500,2023-05-16,173.0,Q2
06449000,2011-04-22,104.0,Q2
06449000,2011-07-03,96.2,Q2
06449000,2013-05-30,106.0,Q2
06449000,2014-06-21,101.0,Q2
06449000,2015-06-02,127.0,Q5
06449000,2016-05-22,98.1,Q2
06449000,2019-03-14,144.0,Q5
06449000,2019-04-13,159.0,Q10
06449000,2019-05-29,176.0,Q25
06449000,2021-03-03,98.6,Q2
06449000,2022-12-16,207.0,Q50
06449000,2023-04-07,109.0,Q2
06449000,2024-03-04,99.9,Q2
06449100,2008-06-06,245.0,Q2
06449100,2009-04-15,248.0,Q2
06449100,2010-03-09,430.0,Q2
06449100,2011-03-16,792.0,Q5
06449100,2011-05-26,322.0,Q2
06449100,2011-06-26,288.0,Q2
06449100,2015-06-27,349.0,Q2
06449100,2019-03-24,3540.0,Q50
06449100,2019-06-03,979.0,Q10
06449100,2020-03-07,292.0,Q2
06449100,2022-12-18,279.0,Q2
06449100,2023-02-26,295.0,Q2
06449500,2008-06-05,497.0,Q2
06449500,2010-03-09,632.0,Q2
06449500,2011-03-16,920.0,Q5
06449500,2011-06-21,767.0,Q2
06449500,2011-07-22,702.0,Q2
06449500,2013-07-31,1310.0,Q10
06449500,2014-06-03,580.0,Q2
06449500,2015-05-31,653.0,Q2
06449500,2019-03-25,3650.0,Q100
06450500,2008-06-05,3350.0,Q5
06450500,2010-03-11,1450.0,Q2
06450500,2010-04-24,2300.0,Q2
06450500,2011-06-21,9710.0,Q50
06450500,2014-06-15,1590.0,Q2
06450500,2014-08-28,1610.0,Q2
06450500,2015-05-17,1530.0,Q2
06450500,2017-05-18,2150.0,Q2
06450500,2019-03-23,6720.0,Q25
06450500,2019-04-17,1820.0,Q2
06450500,2019-05-27,5330.0,Q10
06450500,2024-04-27,1860.0,Q2
06452000,2008-06-05,33800.0,Q10
06452000,2010-03-15,10200.0,Q2
06452000,2010-06-17,10900.0,Q2
06452000,2011-05-22,13600.0,Q2
06452000,2011-05-26,13500.0,Q2
06452000,2011-06-22,22100.0,Q5
06452000,2011-06-29,12600.0,Q2
06452000,2013-10-14,10600.0,Q2
06452000,2013-10-17,12200.0,Q2
06452000,2014-05-10,10600.0,Q2
06452000,2015-06-07,11600.0,Q2
06452000,2016-04-30,11700.0,Q2
06452000,2018-06-21,11100.0,Q2
06452000,2019-03-25,39300.0,Q25
06452000,2019-04-17,11100.0,Q2
06452000,2019-05-11,10100.0,Q2
06452000,2019-05-29,30900.0,Q10
06452000,2019-07-07,19500.0,Q5
06452000,2023-06-12,11200.0,Q2
06452000,2024-06-21,12900.0,Q2
06452320,2008-06-06,1020.0,Q2
06452320,2010-03-14,1450.0,Q2
06452320,2010-06-13,1550.0,Q2
06452320,2010-07-25,1200.0,Q2
06452320,2011-03-11,647.0,Q2
06452320,2011-03-17,882.0,Q2
06452320,2016-04-28,1170.0,Q2
06452320,2016-05-23,2120.0,Q5
06452320,2017-01-22,1230.0,Q2
06452320,2017-02-09,677.0,Q2
06452320,2019-03-13,2870.0,Q5
06452320,2019-04-16,765.0,Q2
06452320,2019-05-09,510.0,Q2
06452320,2019-05-22,1630.0,Q2
06452320,2019-07-05,4280.0,Q5
06452320,2019-07-19,1190.0,Q2
06452320,2019-08-10,3740.0,Q5
06452320,2019-09-12,23200.0,Q50
06452320,2020-06-09,2020.0,Q2
06452320,2020-07-08,1380.0,Q2
06452320,2024-06-22,2990.0,Q5
06461500,2008-06-05,2230.0,Q2
06461500,2009-06-14,2350.0,Q2
06461500,2010-06-16,2540.0,Q2
06461500,2014-06-07,2930.0,Q2
06461500,2015-05-28,3210.0,Q5
06461500,2016-05-22,2750.0,Q2
06461500,2019-03-25,6970.0,Q100
06463500,2008-06-05,1170.0,Q2
06463500,2009-07-14,781.0,Q2
06463500,2010-06-12,1480.0,Q5
06463500,2017-08-26,763.0,Q2
06463500,2019-03-14,5740.0,Q100
06463500,2019-05-22,2300.0,Q10
06463500,2019-05-30,1470.0,Q5
06463500,2019-09-03,1400.0,Q5
06463500,2019-09-12,6440.0,Q100
06463500,2021-03-16,757.0,Q2
06463500,2021-07-14,794.0,Q2
06463500,2024-06-22,1540.0,Q5
06464100,2008-06-05,524.0,Q2
06464100,2011-03-15,684.0,Q2
06464100,2011-06-23,799.0,Q5
06464100,2013-05-20,471.0,Q2
06464100,2014-06-05,573.0,Q2
06464100,2015-09-24,511.0,Q2
06464100,2018-04-21,396.0,Q2
06464100,2019-03-23,4160.0,Q100
06464100,2019-04-18,479.0,Q2
06464100,2019-05-23,956.0,Q5
06464100,2023-06-10,556.0,Q2
06464100,2023-10-15,390.0,Q2
06464100,2024-06-23,373.0,Q2
06464500,2008-06-06,1380.0,Q2
06464500,2010-06-15,1190.0,Q2
06464500,2011-03-15,1070.0,Q2
06464500,2011-06-24,1070.0,Q2
06464500,2016-05-01,1060.0,Q2
06464500,2016-05-23,1210.0,Q2
06464500,2018-04-22,985.0,Q2
06464500,2019-03-22,4630.0,Q50
06464500,2019-04-18,946.0,Q2
06464500,2019-05-22,2970.0,Q10
06464500,2019-07-05,3430.0,Q25
06464500,2019-08-10,858.0,Q2
06464500,2019-09-13,874.0,Q2
06464500,2020-06-18,2500.0,Q10
06464500,2023-06-24,878.0,Q2
06464500,2024-06-21,1250.0,Q2
06465700,2008-05-29,5070.0,Q2
06465700,2010-07-22,4190.0,Q2
06465700,2010-09-23,2150.0,Q2
06465700,2013-05-27,2180.0,Q2
06465700,2014-08-06,2880.0,Q2
06465700,2015-06-07,3020.0,Q2
06465700,2017-10-03,2810.0,Q2
06465700,2017-10-07,2360.0,Q2
06465700,2019-03-13,50100.0,Q100
06466500,2008-05-29,7070.0,Q5
06466500,2010-06-23,5030.0,Q5
06466500,2010-07-22,9450.0,Q10
06466500,2010-09-23,3790.0,Q2
06466500,2011-06-27,2100.0,Q2
06466500,2012-02-29,2310.0,Q2
06466500,2013-08-22,4620.0,Q2
06466500,2014-07-12,2230.0,Q2
06466500,2014-08-06,2140.0,Q2
06466500,2017-10-07,2490.0,Q2
06466500,2018-06-26,2390.0,Q2
06466500,2018-07-13,5100.0,Q5
06466500,2019-03-13,21300.0,Q25
06466500,2021-08-31,2450.0,Q2
06468170,2009-04-17,7910.0,Q10
06468170,2010-04-03,3200.0,Q2
06468170,2011-04-13,5880.0,Q5
06468170,2011-08-13,1150.0,Q2
06468170,2013-05-03,3160.0,Q2
06468170,2017-04-02,1760.0,Q2
06468170,2019-04-05,1730.0,Q2
06468170,2019-10-25,2320.0,Q2
06468170,2020-03-31,1360.0,Q2
06468170,2022-05-09,1750.0,Q2
06468170,2022-06-20,885.0,Q2
06468170,2023-04-24,1730.0,Q2
06468250,2009-04-17,8470.0,Q10
06468250,2010-04-04,3090.0,Q5
06468250,2011-04-13,6720.0,Q10
06468250,2011-08-16,1240.0,Q2
06468250,2013-05-04,2800.0,Q2
06468250,2017-04-02,1470.0,Q2
06468250,2019-04-08,1030.0,Q2
06468250,2019-10-26,2060.0,Q2
06468250,2020-04-02,1420.0,Q2
06468250,2022-05-13,1380.0,Q2
06468250,2022-06-22,965.0,Q2
06468250,2023-04-24,1760.0,Q2
06469400,2009-04-18,3270.0,Q5
06469400,2010-04-03,1670.0,Q2
06469400,2011-04-09,3680.0,Q5
06469400,2011-07-09,3050.0,Q5
06469400,2011-08-08,2210.0,Q2
06469400,2013-05-03,1720.0,Q2
06469400,2017-03-28,1220.0,Q2
06469400,2019-04-02,1200.0,Q2
06469400,2019-07-17,770.0,Q2
06469400,2019-10-22,2830.0,Q5
06469400,2020-03-30,1540.0,Q2
06469400,2022-05-01,1180.0,Q2
06469400,2022-05-14,995.0,Q2
06469400,2022-06-02,1360.0,Q2
06469400,2022-06-20,937.0,Q2
06469400,2023-04-17,2050.0,Q2
06469400,2023-06-25,1010.0,Q2
06470000,2009-05-07,3220.0,Q10
06470000,2010-04-01,1830.0,Q2
06470000,2011-09-20,2470.0,Q5
06470000,2013-06-20,1300.0,Q2
06470000,2019-10-28,2530.0,Q5
06470000,2022-06-14,1720.0,Q2
06470000,2023-06-24,2120.0,Q5
06470500,2009-04-15,12200.0,Q50
06470500,2010-03-21,4350.0,Q2
06470500,2011-07-01,4600.0,Q2
06470500,2019-04-04,4350.0,Q2
06470500,2019-10-26,5290.0,Q5
06470500,2020-03-30,2520.0,Q2
06470500,2022-05-04,3170.0,Q2
06470500,2023-04-20,3940.0,Q2
06470800,2009-04-01,648.0,Q2
06470800,2009-04-14,1900.0,Q5
06470800,2010-03-23,1280.0,Q2
06470800,2011-04-06,2570.0,Q10
06470800,2011-06-22,1420.0,Q5
06470800,2011-07-12,527.0,Q2
06470800,2013-06-21,517.0,Q2
06470800,2019-04-06,2040.0,Q5
06470800,2019-07-10,1460.0,Q5
06470800,2019-10-21,671.0,Q2
06470800,2020-04-07,1280.0,Q2
06470800,2022-03-21,673.0,Q2
06470800,2022-05-01,1760.0,Q5
06470800,2023-04-19,1660.0,Q5
06470878,2009-06-20,2630.0,Q2
06470878,2010-04-18,2740.0,Q2
06470878,2011-04-12,8070.0,Q10
06470878,2019-04-12,7920.0,Q10
06470878,2019-10-21,4650.0,Q5
06470878,2020-04-09,4530.0,Q5
06470878,2022-05-09,4270.0,Q2
06470878,2023-04-24,4350.0,Q5
06471000,2010-04-11,4200.0,Q5
06471000,2011-07-17,6200.0,Q10
06471000,2013-07-10,1540.0,Q2
06471000,2019-04-21,5120.0,Q5
06471000,2022-05-31,4200.0,Q5
06471000,2023-05-06,2690.0,Q2
06471200,2009-03-31,1250.0,Q2
06471200,2009-04-14,4140.0,Q5
06471200,2010-03-25,1780.0,Q2
06471200,2011-04-09,1400.0,Q2
06471200,2011-06-23,982.0,Q2
06471200,2011-07-14,1070.0,Q2
06471200,2014-05-03,770.0,Q2
06471200,2015-05-20,856.0,Q2
06471200,2017-02-22,994.0,Q2
06471200,2018-04-22,1980.0,Q2
06471200,2019-04-03,3980.0,Q5
06471200,2019-07-15,762.0,Q2
06471200,2019-10-26,1120.0,Q2
06471200,2020-04-09,1370.0,Q2
06471200,2020-05-08,726.0,Q2
06471200,2022-03-21,1040.0,Q2
06471200,2022-05-04,1670.0,Q2
06471200,2023-04-17,3690.0,Q5
06471500,2009-04-15,5250.0,Q2
06471500,2010-03-21,7180.0,Q5
06471500,2010-05-27,2640.0,Q2
06471500,2011-04-06,5310.0,Q5
06471500,2011-06-24,4900.0,Q2
06471500,2011-07-15,2650.0,Q2
06471500,2015-05-21,1690.0,Q2
06471500,2017-02-23,2300.0,Q2
06471500,2018-04-22,2680.0,Q2
06471500,2019-04-04,7200.0,Q5
06471500,2020-04-10,2800.0,Q2
06471500,2020-07-27,7260.0,Q5
06471500,2022-05-04,3320.0,Q2
06471500,2023-04-19,4570.0,Q2
06471800,2009-03-23,786.0,Q5
06471800,2009-11-01,91.0,Q2
06471800,2010-03-16,1450.0,Q10
06471800,2010-05-27,527.0,Q5
06471800,2011-04-03,689.0,Q5
06471800,2011-06-25,733.0,Q5
06471800,2014-09-01,144.0,Q2
06471800,2015-05-21,65.2,Q2
06471800,2015-06-28,147.0,Q2
06471800,2019-04-01,1090.0,Q10
06471800,2019-05-27,64.7,Q2
06471800,2019-09-16,104.0,Q2
06471800,2019-10-27,54.6,Q2
06471800,2020-03-25,106.0,Q2
06471800,2020-05-09,76.1,Q2
06471800,2020-06-12,197.0,Q2
06471800,2020-07-11,181.0,Q2
06471800,2022-05-13,82.6,Q2
06471800,2022-06-01,174.0,Q2
06471800,2022-07-08,194.0,Q2
06471800,2023-04-18,324.0,Q2
06471800,2023-05-09,107.0,Q2
06471800,2023-07-08,59.7,Q2
06472000,2009-04-26,9910.0,Q10
06472000,2011-04-29,9460.0,Q10
06472000,2019-04-17,6180.0,Q5
06472000,2022-06-06,3980.0,Q2
06472000,2023-05-18,3390.0,Q2
06473000,2009-04-24,8690.0,Q10
06473000,2011-05-02,9520.0,Q10
06473000,2019-04-18,6490.0,Q5
06473000,2022-06-09,3980.0,Q2
06473000,2023-05-17,3770.0,Q2
06475000,2010-03-22,15100.0,Q10
06475000,2011-04-27,12700.0,Q10
06475000,2019-04-22,11200.0,Q10
06475000,2020-03-13,5660.0,Q2
06475000,2022-06-09,4030.0,Q2
06475000,2023-04-21,7650.0,Q5
06476000,2010-03-24,17500.0,Q10
06476000,2011-03-30,16700.0,Q10
06476000,2019-04-24,12800.0,Q10
06476000,2020-03-21,7400.0,Q2
06476000,2022-06-13,4600.0,Q2
06476000,2023-04-24,8660.0,Q5
06477000,2010-03-25,19800.0,Q10
06477000,2011-03-25,28400.0,Q25
06477000,2019-04-25,15500.0,Q10
06477000,2022-06-13,4560.0,Q2
06477000,2023-04-26,8450.0,Q2
06477500,2008-06-07,1440.0,Q2
06477500,2010-03-20,1210.0,Q2
06477500,2010-06-13,5220.0,Q5
06477500,2010-07-24,651.0,Q2
06477500,2010-07-31,7420.0,Q5
06477500,2010-08-31,511.0,Q2
06477500,2011-03-18,4590.0,Q5
06477500,2011-04-20,756.0,Q2
06477500,2011-05-24,849.0,Q2
06477500,2011-06-13,625.0,Q2
06477500,2011-06-23,3880.0,Q5
06477500,2012-05-07,467.0,Q2
06477500,2016-05-02,572.0,Q2
06477500,2018-03-19,2260.0,Q2
06477500,2018-04-23,878.0,Q2
06477500,2019-03-22,4970.0,Q5
06477500,2019-04-18,816.0,Q2
06477500,2019-05-24,1920.0,Q2
06477500,2019-08-06,540.0,Q2
06477500,2019-09-13,4580.0,Q5
06477500,2020-03-04,1350.0,Q2
06477500,2020-03-29,637.0,Q2
06477500,2020-06-11,1670.0,Q2
06477500,2024-06-21,6920.0,Q5
06478600,2008-06-03,1950.0,Q2
06478600,2008-06-09,1410.0,Q2
06478600,2010-03-16,3640.0,Q5
06478600,2010-06-16,1780.0,Q2
06478600,2010-07-22,4680.0,Q5
06478600,2010-07-31,4760.0,Q5
06478600,2010-09-25,3560.0,Q5
06478600,2011-03-20,2700.0,Q2
06478600,2012-05-08,2740.0,Q2
06478600,2013-05-26,2070.0,Q2
06478600,2018-09-21,1980.0,Q2
06478600,2019-03-14,3490.0,Q2
06478600,2019-04-08,1790.0,Q2
06478600,2019-04-17,2060.0,Q2
06478600,2019-05-09,1380.0,Q2
06478600,2019-05-29,2530.0,Q2
06478600,2019-09-13,6150.0,Q10
06478600,2020-03-06,1430.0,Q2
06478600,2024-06-22,6540.0,Q10
06478690,2008-06-07,3840.0,Q2
06478690,2009-07-10,1700.0,Q2
06478690,2010-03-15,5520.0,Q5
06478690,2010-06-11,3150.0,Q2
06478690,2010-07-22,4510.0,Q2
06478690,2010-07-30,6550.0,Q5
06478690,2010-09-25,1770.0,Q2
06478690,2011-03-19,1990.0,Q2
06478690,2011-04-20,1700.0,Q2
06478690,2018-06-21,4460.0,Q2
06478690,2019-03-18,3950.0,Q2
06478690,2019-04-17,2670.0,Q2
06478690,2019-05-10,1770.0,Q2
06478690,2019-05-30,2930.0,Q2
06478690,2019-09-13,9390.0,Q10
06478690,2024-06-22,17500.0,Q25
06479010,2010-03-18,10200.0,Q5
06479010,2010-06-23,4210.0,Q2
06479010,2010-08-04,9980.0,Q5
06479010,2010-09-23,4040.0,Q2
06479010,2011-03-26,4660.0,Q2
06479010,2011-04-24,4940.0,Q2
06479010,2014-06-22,6880.0,Q2
06479010,2016-05-03,3590.0,Q2
06479010,2018-06-28,8310.0,Q2
06479010,2018-09-29,4400.0,Q2
06479010,2019-03-16,16600.0,Q10
06479010,2019-09-19,8450.0,Q2
06479010,2024-06-23,35300.0,Q50
06479215,2008-04-16,345.0,Q2
06479215,2008-06-11,738.0,Q5
06479215,2009-03-23,482.0,Q2
06479215,2010-03-23,252.0,Q2
06479215,2011-04-06,730.0,Q5
06479215,2014-06-19,272.0,Q2
06479215,2018-04-21,499.0,Q2
06479215,2019-03-27,997.0,Q5
06479215,2019-04-19,669.0,Q5
06479215,2019-07-04,343.0,Q2
06479215,2019-08-02,490.0,Q2
06479215,2023-04-13,2480.0,Q50
06479438,2009-03-23,2400.0,Q5
06479438,2011-04-04,2380.0,Q5
06479438,2011-07-23,1630.0,Q2
06479438,2014-06-19,1950.0,Q2
06479438,2018-04-22,2090.0,Q2
06479438,2019-03-28,3390.0,Q5
06479438,2019-04-19,1810.0,Q2
06479438,2019-08-03,2930.0,Q5
06479438,2019-09-13,1220.0,Q2
06479438,2019-10-23,969.0,Q2
06479438,2022-05-31,2080.0,Q2
06479438,2023-04-13,6450.0,Q25
06479500,2009-03-24,1370.0,Q5
06479500,2010-03-24,1090.0,Q2
06479500,2011-04-09,1690.0,Q5
06479500,2018-04-22,1330.0,Q5
06479500,2019-03-28,1560.0,Q5
06479500,2019-08-04,523.0,Q2
06479500,2019-10-25,608.0,Q2
06479500,2020-04-03,558.0,Q2
06479500,2022-05-31,973.0,Q2
06479500,2023-04-13,2010.0,Q10
06479525,2009-03-27,814.0,Q2
06479525,2010-03-24,1440.0,Q2
06479525,2010-09-16,1030.0,Q2
06479525,2011-04-05,2030.0,Q5
06479525,2018-04-23,1450.0,Q2
06479525,2019-03-28,3270.0,Q25
06479525,2019-08-19,1020.0,Q2
06479525,2019-09-14,1070.0,Q2
06479525,2020-04-03,812.0,Q2
06479525,2022-03-20,1140.0,Q2
06479525,2022-06-01,1180.0,Q2
06479525,2023-04-13,2030.0,Q5
06479525,2024-06-04,938.0,Q2
06479770,2009-03-24,4140.0,Q10
06479770,2010-03-20,2670.0,Q2
06479770,2010-06-29,1980.0,Q2
06479770,2010-09-25,1740.0,Q2
06479770,2011-04-04,4530.0,Q10
06479770,2013-06-25,3220.0,Q5
06479770,2018-04-23,3280.0,Q5
06479770,2019-03-29,3750.0,Q5
06479770,2019-09-14,2390.0,Q2
06479770,2020-03-30,1730.0,Q2
06479770,2023-04-13,2530.0,Q2
06480000,2009-03-29,3560.0,Q2
06480000,2010-03-19,6190.0,Q2
06480000,2010-09-25,19800.0,Q25
06480000,2011-03-25,15300.0,Q10
06480000,2011-06-25,3980.0,Q2
06480000,2018-04-24,8010.0,Q5
06480000,2018-07-21,4100.0,Q2
06480000,2019-03-26,11600.0,Q5
06480000,2019-07-13,5990.0,Q2
06480000,2019-09-13,18000.0,Q10
06480000,2020-03-12,4460.0,Q2
06480000,2023-04-14,4360.0,Q2
06480000,2024-06-26,3850.0,Q2
06481000,2010-03-20,7150.0,Q2
06481000,2010-06-20,4670.0,Q2
06481000,2011-03-24,13600.0,Q10
06481000,2012-05-07,7550.0,Q2
06481000,2018-04-26,7730.0,Q2
06481000,2019-03-24,14600.0,Q10
06481000,2019-09-13,22500.0,Q50
06481000,2020-03-14,4760.0,Q2
06481000,2023-04-10,5220.0,Q2
06481000,2024-06-24,6400.0,Q2
06481480,2010-03-18,630.0,Q2
06481480,2010-06-17,471.0,Q2
06481480,2010-09-25,797.0,Q5
06481480,2011-03-20,1020.0,Q5
06481480,2011-07-10,1270.0,Q10
06481480,2012-05-08,1100.0,Q5
06481480,2018-04-23,299.0,Q2
06481480,2018-07-04,315.0,Q2
06481480,2019-03-21,1430.0,Q10
06481480,2019-09-12,1890.0,Q10
06481480,2020-03-08,393.0,Q2
06481480,2024-06-23,1130.0,Q5
06481500,2010-03-16,2920.0,Q2
06481500,2010-06-27,2720.0,Q2
06481500,2010-07-30,5510.0,Q5
06481500,2010-09-24,2290.0,Q2
06481500,2011-03-18,3330.0,Q2
06481500,2011-07-27,2360.0,Q2
06481500,2013-05-26,2680.0,Q2
06481500,2014-06-19,2820.0,Q2
06481500,2015-08-27,6430.0,Q5
06481500,2018-06-21,2950.0,Q2
06481500,2018-09-21,4830.0,Q5
06481500,2019-03-14,8560.0,Q10
06481500,2019-04-16,2820.0,Q2
06481500,2019-05-29,3900.0,Q2
06481500,2019-09-13,6950.0,Q10
06481500,2024-06-22,9800.0,Q10
06482000,2010-07-30,5720.0,Q5
06482000,2011-03-18,3140.0,Q2
06482000,2011-07-27,4140.0,Q2
06482000,2013-05-26,4470.0,Q2
06482000,2014-06-16,3750.0,Q2
06482000,2015-08-28,5700.0,Q5
06482000,2018-09-21,5330.0,Q2
06482000,2019-03-14,9200.0,Q10
06482000,2019-05-29,3570.0,Q2
06482000,2019-09-13,6290.0,Q5
06482000,2024-06-22,9880.0,Q10
06482020,2010-03-20,8960.0,Q2
06482020,2010-06-24,6310.0,Q2
06482020,2010-07-30,8090.0,Q2
06482020,2010-09-27,13300.0,Q5
06482020,2011-03-25,13300.0,Q5
06482020,2011-07-16,8710.0,Q2
06482020,2012-05-09,7850.0,Q2
06482020,2014-06-17,8350.0,Q2
06482020,2018-04-28,8310.0,Q2
06482020,2018-09-21,6830.0,Q2
06482020,2019-03-26,16300.0,Q10
06482020,2019-07-17,8170.0,Q2
06482020,2019-09-14,25900.0,Q50
06482020,2024-06-23,15000.0,Q10
06482610,2010-09-24,13100.0,Q5
06482610,2011-03-23,3440.0,Q2
06482610,2011-07-15,4730.0,Q2
06482610,2012-05-07,4730.0,Q2
06482610,2014-06-17,13100.0,Q5
06482610,2018-06-21,6810.0,Q2
06482610,2018-06-26,6290.0,Q2
06482610,2018-09-21,6040.0,Q2
06482610,2019-03-14,8260.0,Q2
06482610,2019-04-07,5520.0,Q2
06482610,2019-09-12,20100.0,Q10
06482610,2022-07-06,4470.0,Q2
06482610,2023-04-10,4090.0,Q2
06482610,2024-06-22,12500.0,Q5
06483290,2008-06-06,7330.0,Q2
06483290,2010-03-16,8480.0,Q2
06483290,2010-09-25,18200.0,Q5
06483290,2011-03-22,6330.0,Q2
06483290,2011-07-16,6210.0,Q2
06483290,2014-06-17,33800.0,Q10
06483290,2018-06-22,13500.0,Q2
06483290,2018-09-20,7360.0,Q2
06483290,2019-03-14,13100.0,Q2
06483290,2019-05-27,9400.0,Q2
06483290,2019-09-14,16600.0,Q5
06483290,2024-06-22,44000.0,Q25
06483500,2008-06-06,13100.0,Q2
06483500,2010-03-16,12900.0,Q2
06483500,2010-07-22,8230.0,Q2
06483500,2010-09-25,24200.0,Q2
06483500,2014-06-17,60600.0,Q10
06483500,2018-06-22,34800.0,Q5
06483500,2018-09-21,19800.0,Q2
06483500,2019-03-15,37800.0,Q5
06483500,2019-05-28,18900.0,Q2
06483500,2019-09-14,14800.0,Q2
06483500,2024-06-22,157000.0,Q50
06485500,2010-03-18,30400.0,Q2
06485500,2010-08-01,19000.0,Q2
06485500,2010-09-27,38300.0,Q2
06485500,2011-03-26,19800.0,Q2
06485500,2013-05-28,19300.0,Q2
06485500,2014-06-18,108000.0,Q10
06485500,2018-06-23,44800.0,Q5
06485500,2018-09-23,36100.0,Q2
06485500,2019-03-16,61900.0,Q5
06485500,2019-09-16,40600.0,Q2
06485500,2024-06-22,175000.0,Q25
06600100,2010-03-15,4470.0,Q2
06600100,2010-06-23,2340.0,Q2
06600100,2010-07-23,8580.0,Q2
06600100,2010-07-31,4030.0,Q2
06600100,2010-08-12,8140.0,Q2
06600100,2011-02-19,2080.0,Q2
06600100,2013-05-27,13800.0,Q5
06600100,2014-06-18,8830.0,Q2
06600100,2014-06-30,2160.0,Q2
06600100,2018-06-21,14300.0,Q5
06600100,2018-09-20,21700.0,Q10
06600100,2019-03-14,24900.0,Q10
06600100,2019-05-28,2360.0,Q2
06600100,2024-06-22,41000.0,Q10
06600500,2010-03-16,7530.0,Q2
06600500,2010-06-23,5700.0,Q2
06600500,2010-08-01,7000.0,Q2
06600500,2010-08-13,5160.0,Q2
06600500,2011-06-27,5770.0,Q2
06600500,2013-05-28,19800.0,Q5
06600500,2014-06-17,10700.0,Q2
06600500,2018-06-23,9180.0,Q2
06600500,2018-09-22,16400.0,Q5
06600500,2019-03-15,33500.0,Q10
06600500,2019-05-29,5610.0,Q2
06600500,2019-07-02,6020.0,Q2
06600500,2024-06-23,40800.0,Q10
06601000,2009-09-12,2560.0,Q2
06601000,2010-06-11,1990.0,Q2
06601000,2010-06-27,2650.0,Q2
06601000,2010-07-22,1680.0,Q2
06601000,2011-06-20,3790.0,Q5
06601000,2011-06-26,1380.0,Q2
06601000,2011-08-18,1660.0,Q2
06601000,2014-06-15,4650.0,Q5
06601000,2014-06-30,8640.0,Q10
06601000,2014-07-05,7000.0,Q10
06601000,2016-08-23,2060.0,Q2
06601000,2016-08-30,1960.0,Q2
06601000,2018-03-03,2240.0,Q2
06601000,2018-06-26,9890.0,Q10
06601000,2019-03-13,10900.0,Q10
06605000,2010-03-15,6880.0,Q5
06605000,2010-06-27,3430.0,Q2
06605000,2010-07-25,4140.0,Q2
06605000,2010-08-11,4800.0,Q2
06605000,2011-07-15,4710.0,Q2
06605000,2013-05-27,3130.0,Q2
06605000,2014-06-19,5240.0,Q2
06605000,2016-05-01,2990.0,Q2
06605000,2018-06-21,8100.0,Q5
06605000,2018-09-21,8200.0,Q5
06605000,2019-03-15,7130.0,Q5
06605000,2019-05-29,3990.0,Q2
06605000,2024-05-09,2820.0,Q2
06605000,2024-06-02,3190.0,Q2
06605000,2024-06-22,24500.0,Q50
06605850,2010-03-17,13300.0,Q2
06605850,2010-06-28,9340.0,Q2
06605850,2010-08-14,6560.0,Q2
06605850,2011-06-27,6510.0,Q2
06605850,2011-07-17,12600.0,Q2
06605850,2014-06-18,13500.0,Q2
06605850,2016-05-02,7590.0,Q2
06605850,2018-05-15,6280.0,Q2
06605850,2018-06-27,16300.0,Q5
06605850,2018-09-22,20100.0,Q5
06605850,2019-03-16,26400.0,Q10
06605850,2024-05-11,7970.0,Q2
06605850,2024-06-23,54500.0,Q25
06606600,2010-03-19,21600.0,Q2
06606600,2010-06-28,27300.0,Q5
06606600,2010-08-01,12600.0,Q2
06606600,2011-07-21,13200.0,Q2
06606600,2013-05-28,25000.0,Q5
06606600,2014-06-20,21700.0,Q2
06606600,2018-06-27,18700.0,Q2
06606600,2018-09-24,23000.0,Q2
06606600,2019-03-15,30600.0,Q5
06606600,2019-06-02,12500.0,Q2
06606600,2024-05-10,12600.0,Q2
06606600,2024-06-24,63000.0,Q25
06607200,2008-06-05,4290.0,Q2
06607200,2008-06-09,8540.0,Q2
06607200,2008-06-27,4360.0,Q2
06607200,2009-02-10,4240.0,Q2
06607200,2010-03-16,5970.0,Q2
06607200,2010-06-27,8260.0,Q2
06607200,2010-07-23,7530.0,Q2
06607200,2010-07-31,5640.0,Q2
06607200,2013-05-28,17100.0,Q10
06607200,2014-06-18,7900.0,Q2
06607200,2014-07-01,4840.0,Q2
06607200,2015-07-28,8920.0,Q2
06607200,2015-12-15,7960.0,Q2
06607200,2016-05-01,4210.0,Q2
06607200,2019-03-14,26900.0,Q25
06607200,2023-02-15,4190.0,Q2
06607500,2008-06-09,13200.0,Q2
06607500,2010-03-20,20900.0,Q2
06607500,2010-06-30,24900.0,Q2
06607500,2010-07-31,15000.0,Q2
06607500,2011-06-28,13400.0,Q2
06607500,2011-07-21,13200.0,Q2
06607500,2013-05-28,31800.0,Q5
06607500,2014-06-21,20200.0,Q2
06607500,2015-12-15,15200.0,Q2
06607500,2016-05-01,14400.0,Q2
06607500,2018-07-01,20000.0,Q2
06607500,2018-09-25,22400.0,Q2
06607500,2019-03-15,58400.0,Q25
06607500,2019-06-03,13400.0,Q2
06607500,2024-05-11,14100.0,Q2
06607500,2024-06-26,41100.0,Q10
06608500,2008-05-30,12300.0,Q5
06608500,2008-06-05,5330.0,Q2
06608500,2008-06-08,11100.0,Q5
06608500,2008-06-12,7490.0,Q2
06608500,2009-07-12,6470.0,Q2
06608500,2014-05-27,5300.0,Q2
06608500,2014-06-22,5570.0,Q2
06608500,2014-07-05,11900.0,Q5
06608500,2014-09-01,17200.0,Q10
06608500,2015-12-14,8610.0,Q2
06608500,2016-09-16,5880.0,Q2
06608500,2017-08-21,6440.0,Q2
06608500,2019-03-13,29800.0,Q25
06608500,2023-02-27,4890.0,Q2
06608500,2023-05-13,4420.0,Q2
06609500,2008-05-30,20700.0,Q5
06609500,2008-06-08,33600.0,Q10
06609500,2010-06-27,11200.0,Q2
06609500,2014-07-05,8130.0,Q2
06609500,2014-07-12,11800.0,Q2
06609500,2014-09-01,25800.0,Q5
06609500,2015-08-29,10800.0,Q2
06609500,2015-12-14,21300.0,Q5
06609500,2016-09-16,8430.0,Q2
06609500,2017-10-07,8540.0,Q2
06609500,2018-06-21,8870.0,Q2
06609500,2018-08-20,10400.0,Q2
06609500,2019-03-13,35400.0,Q10
06610750,2014-06-03,4170.0,Q5
06610750,2014-08-28,1860.0,Q2
06610750,2014-09-09,2670.0,Q2
06610750,2016-05-11,2650.0,Q2
06610750,2018-06-19,1950.0,Q2
06610750,2019-03-13,2610.0,Q2
06610750,2019-07-03,2220.0,Q2
06610750,2019-09-19,2100.0,Q2
06610750,2024-05-21,8500.0,Q50
06610795,2014-06-04,19600.0,Q2
06610795,2014-06-21,32800.0,Q25
06610795,2014-08-28,14300.0,Q2
06610795,2015-05-07,20800.0,Q5
06610795,2015-08-18,19900.0,Q2
06610795,2016-05-11,14200.0,Q2
06610795,2016-08-12,14400.0,Q2
06610795,2016-08-24,16700.0,Q2
06610795,2019-03-13,21400.0,Q5
06610795,2021-08-31,12900.0,Q2
06610795,2024-05-21,26900.0,Q10
06610795,2024-07-02,18400.0,Q2
06614800,2008-06-27,48.8,Q2
06614800,2010-06-07,97.4,Q25
06614800,2011-07-08,89.5,Q25
06614800,2015-06-17,45.7,Q2
06614800,2019-07-01,46.5,Q2
06614800,2022-06-11,76.9,Q10
06614800,2024-06-12,46.5,Q2
06620000,2008-06-06,3630.0,Q2
06620000,2010-06-14,5020.0,Q5
06620000,2011-07-10,5110.0,Q5
06620000,2014-05-26,5960.0,Q10
06620000,2015-06-13,2890.0,Q2
06620000,2016-06-14,2830.0,Q2
06620000,2019-06-23,8000.0,Q25
06620000,2023-05-18,2520.0,Q2
06622700,2008-06-04,849.0,Q2
06622700,2009-06-04,784.0,Q2
06622700,2010-06-07,1360.0,Q10
06622700,2011-07-19,1550.0,Q25
06622700,2014-05-29,893.0,Q2
06622700,2016-06-07,848.0,Q2
06622700,2019-06-21,794.0,Q2
06622700,2020-06-06,901.0,Q2
06622700,2024-06-08,763.0,Q2
06622900,2009-06-04,502.0,Q2
06622900,2010-06-07,1180.0,Q5
06622900,2011-07-12,1330.0,Q5
06622900,2014-06-13,553.0,Q2
06622900,2016-06-10,772.0,Q2
06622900,2019-06-21,562.0,Q2
06622900,2019-06-28,491.0,Q2
06623800,2008-06-19,1520.0,Q2
06623800,2009-06-03,1440.0,Q2
06623800,2010-06-08,2280.0,Q10
06623800,2011-06-30,2180.0,Q10
06623800,2014-05-29,1680.0,Q2
06623800,2016-06-10,1580.0,Q2
06623800,2019-06-21,1620.0,Q2
06623800,2024-06-05,1420.0,Q2
06625000,2008-06-04,2970.0,Q2
06625000,2009-05-21,2630.0,Q2
06625000,2010-06-08,4720.0,Q10
06625000,2011-06-17,4460.0,Q10
06625000,2014-05-30,3900.0,Q5
06625000,2016-06-08,2820.0,Q2
06625000,2019-06-21,3420.0,Q2
06625000,2020-06-02,2620.0,Q2
06625000,2023-05-26,2730.0,Q2
06625000,2024-06-06,2820.0,Q2
06630000,2008-06-07,10200.0,Q2
06630000,2009-06-05,9600.0,Q2
06630000,2010-06-14,16700.0,Q10
06630000,2011-06-09,16200.0,Q10
06630000,2014-05-29,14000.0,Q5
06630000,2016-06-09,9270.0,Q2
06630000,2019-06-25,11800.0,Q2
06630000,2023-05-20,8090.0,Q2
06632400,2008-06-03,1240.0,Q2
06632400,2009-06-02,2640.0,Q10
06632400,2010-06-07,2800.0,Q10
06632400,2011-06-16,1990.0,Q5
06632400,2014-06-03,1650.0,Q2
06632400,2016-06-09,1620.0,Q2
06632400,2024-06-07,2140.0,Q5
06634620,2008-05-26,1180.0,Q5
06634620,2010-04-13,872.0,Q2
06634620,2010-05-22,587.0,Q2
06634620,2010-06-15,665.0,Q2
06634620,2011-05-25,1390.0,Q10
06634620,2014-04-10,1530.0,Q10
06634620,2014-07-28,610.0,Q2
06634620,2014-07-30,1480.0,Q10
06634620,2016-05-09,1090.0,Q5
06634620,2019-04-09,603.0,Q2
06634620,2023-05-06,799.0,Q2
06635000,2008-05-24,2280.0,Q5
06635000,2009-06-05,1830.0,Q2
06635000,2010-06-16,4330.0,Q25
06635000,2011-06-22,2250.0,Q5
06635000,2014-04-11,1300.0,Q2
06635000,2014-06-04,2010.0,Q2
06635000,2014-07-31,1630.0,Q2
06635000,2015-06-18,1370.0,Q2
06635000,2016-06-15,1830.0,Q2
06635000,2019-06-25,1590.0,Q2
06635000,2024-06-11,1350.0,Q2
06639000,2008-05-26,607.0,Q2
06639000,2009-04-27,432.0,Q2
06639000,2009-06-17,468.0,Q2
06639000,2010-06-17,1160.0,Q5
06639000,2011-06-23,918.0,Q2
06639000,2013-04-10,541.0,Q2
06639000,2014-06-03,524.0,Q2
06639000,2015-05-30,534.0,Q2
06652000,2009-07-13,5430.0,Q2
06652000,2010-06-14,9360.0,Q10
06652000,2011-05-30,9820.0,Q10
06652000,2016-05-09,10500.0,Q25
06652000,2019-05-29,6010.0,Q2
06652000,2023-05-13,6760.0,Q2
06657000,2008-05-24,3480.0,Q2
06657000,2010-06-25,4550.0,Q2
06657000,2011-06-22,7210.0,Q10
06657000,2014-05-22,8530.0,Q25
06657000,2016-05-26,5050.0,Q5
06657000,2017-04-25,3130.0,Q2
06657000,2017-06-04,3900.0,Q2
06657000,2019-06-08,3110.0,Q2
06657000,2019-08-18,3510.0,Q2
06657000,2020-04-15,3490.0,Q2
06657000,2022-07-01,3240.0,Q2
06659580,2010-06-06,307.0,Q5
06659580,2011-06-15,215.0,Q2
06659580,2014-05-31,302.0,Q5
06659580,2015-06-03,190.0,Q2
06659580,2016-06-05,241.0,Q2
06659580,2019-06-19,127.0,Q2
06659580,2019-06-25,127.0,Q2
06660000,2015-06-15,1660.0,Q5
06660000,2016-05-25,1770.0,Q5
06660000,2017-06-14,1100.0,Q2
06660000,2019-06-12,1270.0,Q2
06660000,2023-06-08,1250.0,Q2
06664400,2010-05-01,184.0,Q2
06664400,2014-05-19,187.0,Q2
06664400,2014-07-13,298.0,Q2
06664400,2014-07-29,192.0,Q2
06664400,2015-06-05,2190.0,Q10
06664400,2016-05-08,3080.0,Q10
06670500,2009-08-26,858.0,Q2
06670500,2010-05-30,598.0,Q2
06670500,2010-06-17,4730.0,Q10
06670500,2011-05-13,2290.0,Q5
06670500,2011-07-20,813.0,Q2
06670500,2014-06-21,692.0,Q2
06670500,2015-05-27,4570.0,Q10
06670500,2016-05-13,4840.0,Q10
06670500,2019-05-31,648.0,Q2
06670500,2020-02-18,582.0,Q2
06696980,2009-05-31,109.0,Q2
06696980,2010-06-13,113.0,Q2
06696980,2011-07-19,127.0,Q2
06696980,2013-06-10,127.0,Q2
06696980,2014-05-30,270.0,Q10
06696980,2015-06-10,322.0,Q25
06696980,2016-06-11,130.0,Q2
06696980,2019-06-14,162.0,Q2
06696980,2024-06-10,150.0,Q2
06700000,2008-07-08,602.0,Q2
06700000,2009-06-05,685.0,Q2
06700000,2010-06-15,635.0,Q2
06700000,2010-08-06,623.0,Q2
06700000,2011-07-09,799.0,Q2
06700000,2014-06-15,553.0,Q2
06700000,2015-06-17,2440.0,Q100
06700000,2017-07-28,679.0,Q2
06700000,2019-06-24,1030.0,Q5
06700000,2024-06-19,893.0,Q5
06701620,2009-06-03,60.8,Q5
06701620,2009-07-06,37.2,Q2
06701620,2010-04-29,63.1,Q5
06701620,2010-07-21,71.6,Q5
06701620,2010-08-05,40.0,Q2
06701620,2015-05-12,106.0,Q10
06701620,2016-05-07,78.9,Q5
06701620,2017-08-09,29.6,Q2
06701620,2021-05-20,48.8,Q2
06701900,2008-04-30,781.0,Q2
06701900,2008-08-24,756.0,Q2
06701900,2009-06-03,993.0,Q2
06701900,2009-07-21,1750.0,Q10
06701900,2010-06-17,856.0,Q2
06701900,2011-07-11,877.0,Q2
06701900,2014-06-10,873.0,Q2
06701900,2015-06-17,2360.0,Q50
06701900,2017-07-28,750.0,Q2
06701900,2019-07-08,1020.0,Q2
06701900,2024-06-19,965.0,Q2
06708800,2010-07-30,1020.0,Q2
06708800,2012-06-06,1470.0,Q5
06708800,2014-07-12,1180.0,Q2
06708800,2015-05-09,849.0,Q2
06708800,2015-06-12,2070.0,Q10
06708800,2016-06-13,980.0,Q2
06708800,2017-07-27,1350.0,Q2
06708800,2023-05-12,1370.0,Q2
06708800,2023-06-16,744.0,Q2
06708800,2023-07-31,1510.0,Q5
06708800,2024-06-09,2160.0,Q10
06709000,2008-08-16,757.0,Q2
06709000,2010-04-26,880.0,Q2
06709000,2010-07-31,1630.0,Q10
06709000,2012-06-07,1200.0,Q5
06709000,2013-09-14,1260.0,Q5
06709000,2014-07-12,830.0,Q2
06709000,2015-06-11,960.0,Q2
06709000,2016-06-13,691.0,Q2
06709000,2023-05-12,1270.0,Q5
06709000,2023-08-01,1060.0,Q2
06709000,2024-06-10,1130.0,Q5
06710150,2012-06-07,901.0,Q5
06710150,2013-09-10,527.0,Q2
06710150,2013-09-12,482.0,Q2
06710150,2015-06-12,525.0,Q2
06710150,2016-06-06,820.0,Q5
06710150,2017-05-08,768.0,Q5
06710150,2017-07-26,384.0,Q2
06710150,2019-06-22,567.0,Q2
06710150,2019-09-06,864.0,Q5
06710150,2021-06-25,873.0,Q5
06710150,2023-05-12,644.0,Q2
06710150,2023-06-05,398.0,Q2
06710150,2023-06-22,857.0,Q5
06710150,2023-06-30,407.0,Q2
06710247,2009-06-04,2070.0,Q2
06710247,2010-04-27,1510.0,Q2
06710247,2011-07-14,1980.0,Q2
06710247,2015-06-05,3480.0,Q25
06710247,2016-04-29,1560.0,Q2
06710247,2017-07-26,1420.0,Q2
06710247,2018-07-24,1620.0,Q2
06710247,2019-07-11,1730.0,Q2
06710247,2021-06-25,1430.0,Q2
06710247,2023-05-12,1870.0,Q2
06710247,2023-06-05,1400.0,Q2
06710247,2023-06-22,2690.0,Q10
06710385,2010-06-12,193.0,Q2
06710385,2011-07-14,167.0,Q2
06710385,2012-07-07,158.0,Q2
06710385,2013-09-13,1350.0,Q100
06710385,2014-05-30,199.0,Q2
06710385,2015-06-16,524.0,Q10
06710385,2021-05-23,207.0,Q2
06710385,2021-07-06,204.0,Q2
06710385,2021-07-24,175.0,Q2
06710385,2023-06-22,357.0,Q5
06710605,2009-05-24,337.0,Q2
06710605,2011-07-14,243.0,Q2
06710605,2013-08-12,982.0,Q10
06710605,2013-09-16,1540.0,Q25
06710605,2014-05-24,289.0,Q2
06710605,2015-05-10,1200.0,Q10
06710605,2016-04-24,291.0,Q2
06710605,2016-06-13,330.0,Q2
06710605,2021-05-18,360.0,Q2
06710605,2023-05-12,433.0,Q2
06710605,2023-06-22,598.0,Q5
06711565,2009-05-26,2390.0,Q2
06711565,2009-06-02,2730.0,Q2
06711565,2010-04-23,2860.0,Q2
06711565,2011-07-14,3200.0,Q2
06711565,2012-06-07,2660.0,Q2
06711565,2015-06-05,6320.0,Q25
06711565,2015-07-21,2820.0,Q2
06711565,2016-04-29,2240.0,Q2
06711565,2016-07-19,2210.0,Q2
06711565,2017-07-27,2770.0,Q2
06711565,2018-07-24,3180.0,Q2
06711565,2023-05-12,3350.0,Q2
06711565,2023-06-22,4800.0,Q10
06712000,2008-08-05,451.0,Q2
06712000,2008-08-16,744.0,Q5
06712000,2009-06-01,4370.0,Q25
06712000,2009-07-04,307.0,Q2
06712000,2010-04-25,315.0,Q2
06712000,2012-03-06,524.0,Q2
06712000,2015-05-09,866.0,Q5
06712000,2015-06-12,252.0,Q2
06712000,2018-07-26,214.0,Q2
06712000,2019-03-08,360.0,Q2
06712000,2023-05-12,933.0,Q5
06712000,2023-06-22,2330.0,Q10
06713000,2016-06-01,1490.0,Q5
06713000,2018-05-23,1330.0,Q2
06713000,2020-05-27,1260.0,Q2
06713000,2021-06-11,984.0,Q2
06713000,2022-05-24,1150.0,Q2
06713000,2024-05-22,1170.0,Q2
06713500,2010-04-23,1310.0,Q2
06713500,2011-07-07,1790.0,Q5
06713500,2011-07-12,1930.0,Q10
06713500,2013-09-12,1410.0,Q2
06713500,2015-06-11,1480.0,Q2
06713500,2015-06-24,1930.0,Q10
06713500,2016-06-28,1460.0,Q2
06713500,2018-07-23,1460.0,Q2
06713500,2018-09-05,1470.0,Q2
06713500,2019-08-21,1480.0,Q2
06713500,2022-08-15,1350.0,Q2
06713500,2023-05-11,1990.0,Q10
06713500,2023-06-09,1970.0,Q10
06713500,2023-06-21,1640.0,Q5
06714215,2008-08-09,5190.0,Q2
06714215,2008-08-16,4490.0,Q2
06714215,2009-05-26,4760.0,Q2
06714215,2010-04-23,6240.0,Q2
06714215,2011-07-07,7520.0,Q5
06714215,2011-07-13,8680.0,Q10
06714215,2013-07-13,4470.0,Q2
06714215,2013-09-12,5220.0,Q2
06714215,2015-06-24,11700.0,Q50
06714215,2023-05-12,6260.0,Q2
06714215,2023-06-22,5930.0,Q2
06714215,2023-06-29,6400.0,Q5
06714800,2010-06-11,95.4,Q2
06714800,2013-06-05,99.7,Q2
06714800,2014-06-03,179.0,Q10
06714800,2015-06-09,249.0,Q50
06714800,2016-06-09,179.0,Q10
06714800,2019-07-01,107.0,Q2
06714800,2023-06-23,108.0,Q2
06714800,2024-06-11,122.0,Q2
06715000,2009-06-26,576.0,Q2
06715000,2010-06-07,658.0,Q2
06715000,2011-07-08,1060.0,Q10
06715000,2013-06-11,712.0,Q2
06715000,2014-06-03,814.0,Q5
06715000,2015-06-12,949.0,Q10
06715000,2016-06-11,731.0,Q2
06715000,2017-06-19,638.0,Q2
06715000,2019-07-01,716.0,Q2
06715000,2024-06-11,598.0,Q2
06716100,2010-06-12,761.0,Q10
06716100,2011-07-12,767.0,Q10
06716100,2013-06-11,649.0,Q2
06716100,2014-06-03,579.0,Q2
06716100,2015-06-13,648.0,Q2
06716100,2016-06-22,535.0,Q2
06716100,2019-07-01,512.0,Q2
06716100,2024-06-12,503.0,Q2
06716500,2009-06-26,972.0,Q2
06716500,2010-06-07,1180.0,Q2
06716500,2011-07-08,1550.0,Q10
06716500,2013-06-11,1080.0,Q2
06716500,2014-06-04,1170.0,Q2
06716500,2015-06-12,1250.0,Q5
06716500,2016-06-11,1140.0,Q2
06716500,2017-06-12,1060.0,Q2
06716500,2019-07-01,1130.0,Q2
06716500,2024-06-11,997.0,Q2
06718550,2009-07-26,323.0,Q10
06718550,2010-06-12,196.0,Q2
06718550,2013-09-12,402.0,Q10
06718550,2014-05-30,236.0,Q2
06718550,2015-06-11,213.0,Q2
06718550,2017-07-26,378.0,Q10
06718550,2023-06-07,187.0,Q2
06719505,2010-06-12,1510.0,Q2
06719505,2011-07-08,1710.0,Q2
06719505,2013-06-12,1280.0,Q2
06719505,2013-09-13,1530.0,Q2
06719505,2014-06-04,2030.0,Q10
06719505,2015-06-12,2540.0,Q25
06719505,2016-06-12,1890.0,Q5
06719505,2017-06-13,1420.0,Q2
06719505,2019-07-02,1390.0,Q2
06720820,2008-08-16,439.0,Q2
06720820,2009-04-18,406.0,Q2
06720820,2010-04-23,437.0,Q2
06720820,2011-07-08,921.0,Q25
06720820,2011-07-13,415.0,Q2
06720820,2013-09-12,642.0,Q5
06720820,2013-09-15,609.0,Q5
06720820,2015-05-08,735.0,Q10
06720820,2019-07-06,422.0,Q2
06720820,2023-05-12,645.0,Q5
06720990,2008-08-18,589.0,Q2
06720990,2009-04-19,587.0,Q2
06720990,2010-04-24,565.0,Q2
06720990,2011-05-19,582.0,Q2
06720990,2011-07-10,552.0,Q2
06720990,2011-07-14,566.0,Q2
06720990,2013-09-12,781.0,Q10
06720990,2015-04-18,513.0,Q2
06720990,2015-05-09,785.0,Q10
06720990,2015-06-06,596.0,Q2
06720990,2015-06-13,544.0,Q2
06720990,2017-05-19,475.0,Q2
06720990,2021-05-04,437.0,Q2
06720990,2023-05-12,580.0,Q2
06720990,2023-06-05,501.0,Q2
06720990,2023-07-05,442.0,Q2
06720990,2024-04-28,444.0,Q2
06721000,2008-08-16,5740.0,Q2
06721000,2009-04-19,5930.0,Q2
06721000,2009-05-26,6380.0,Q2
06721000,2009-06-02,7040.0,Q2
06721000,2010-04-24,7060.0,Q2
06721000,2010-06-12,5990.0,Q2
06721000,2011-07-13,7250.0,Q2
06721000,2013-09-13,10300.0,Q10
06721000,2014-07-31,6070.0,Q2
06721000,2015-06-13,10200.0,Q10
06721000,2017-05-19,5720.0,Q2
06721000,2023-05-12,6510.0,Q2
06721000,2023-06-23,5380.0,Q2
06730200,2010-06-14,1020.0,Q2
06730200,2011-07-13,1220.0,Q2
06730200,2012-07-07,863.0,Q2
06730200,2013-09-13,8400.0,Q50
06730200,2014-05-30,1210.0,Q2
06730200,2015-05-09,1460.0,Q2
06730200,2015-06-12,1380.0,Q2
06730200,2018-05-18,872.0,Q2
06730200,2018-06-18,862.0,Q2
06730200,2021-05-30,909.0,Q2
06730200,2023-06-12,1140.0,Q2
06730200,2024-06-08,1080.0,Q2
06730500,2010-04-24,1250.0,Q2
06730500,2010-06-14,1420.0,Q2
06730500,2011-05-19,1030.0,Q2
06730500,2011-07-13,1140.0,Q2
06730500,2013-09-12,8340.0,Q100
06730500,2014-06-01,1300.0,Q2
06730500,2015-05-09,2240.0,Q5
06730500,2017-05-19,1420.0,Q2
06730500,2023-05-12,1200.0,Q2
06730500,2023-06-17,1100.0,Q2
06730500,2024-04-28,1040.0,Q2
06741510,2010-06-13,1800.0,Q5
06741510,2010-07-04,1280.0,Q2
06741510,2012-07-07,1600.0,Q5
06741510,2013-09-18,1700.0,Q5
06741510,2014-05-31,1500.0,Q2
06741510,2015-05-20,2240.0,Q10
06741510,2021-06-07,1010.0,Q2
06741510,2023-06-17,1970.0,Q5
06741510,2023-08-03,895.0,Q2
06746095,2008-06-26,174.0,Q2
06746095,2013-06-11,187.0,Q2
06746095,2017-06-10,193.0,Q2
06746095,2019-06-30,220.0,Q2
06746095,2020-06-06,175.0,Q2
06746095,2021-06-06,161.0,Q2
06746095,2022-06-11,203.0,Q2
06746110,2008-06-20,270.0,Q5
06746110,2011-06-30,301.0,Q10
06746110,2013-06-12,270.0,Q5
06746110,2015-06-11,219.0,Q2
06746110,2017-06-12,192.0,Q2
06746110,2017-06-22,180.0,Q2
06746110,2019-06-22,220.0,Q2
06746110,2020-06-02,197.0,Q2
06746110,2022-06-14,274.0,Q5
06746110,2022-08-16,194.0,Q2
06751150,2008-06-06,968.0,Q5
06751150,2010-06-14,918.0,Q2
06751150,2011-06-07,688.0,Q2
06751150,2013-09-14,1050.0,Q5
06751150,2014-05-25,1650.0,Q10
06751150,2015-05-10,881.0,Q2
06751150,2016-05-09,1020.0,Q5
06751150,2017-05-25,735.0,Q2
06751150,2018-05-11,551.0,Q2
06751150,2023-06-17,551.0,Q2
06751490,2008-06-06,1090.0,Q2
06751490,2010-06-14,1040.0,Q2
06751490,2013-08-03,1420.0,Q2
06751490,2013-09-13,4510.0,Q25
06751490,2014-05-26,1960.0,Q5
06751490,2014-07-12,846.0,Q2
06751490,2015-05-10,1530.0,Q2
06751490,2016-05-09,1530.0,Q2
06751490,2017-05-25,1360.0,Q2
06751490,2021-05-05,727.0,Q2
06751490,2023-06-17,922.0,Q2
06752260,2010-06-12,4570.0,Q5
06752260,2011-06-09,3220.0,Q2
06752260,2013-09-13,8140.0,Q50
06752260,2014-05-31,5860.0,Q10
06752260,2015-06-12,4420.0,Q5
06752260,2016-06-12,2990.0,Q2
06752260,2017-05-27,2850.0,Q2
06752260,2021-05-23,2750.0,Q2
06752280,2010-05-29,2390.0,Q2
06752280,2010-06-12,4440.0,Q5
06752280,2011-06-26,2840.0,Q2
06752280,2011-07-13,2390.0,Q2
06752280,2013-09-13,7010.0,Q25
06752280,2014-05-31,5820.0,Q10
06752280,2015-06-12,4190.0,Q5
06752280,2016-06-12,2690.0,Q2
06752280,2017-05-27,2530.0,Q2
06752280,2021-05-23,2480.0,Q2
06755960,2008-08-05,456.0,Q5
06755960,2010-06-14,298.0,Q2
06755960,2011-06-19,277.0,Q2
06755960,2011-07-24,336.0,Q2
06755960,2012-06-07,407.0,Q2
06755960,2013-09-14,357.0,Q2
06755960,2015-05-09,395.0,Q2
06755960,2016-05-10,586.0,Q5
06759500,2010-06-16,10500.0,Q2
06759500,2011-07-17,8450.0,Q2
06759500,2013-09-15,60000.0,Q50
06759500,2014-06-04,9810.0,Q2
06759500,2014-08-01,5390.0,Q2
06759500,2015-06-15,15300.0,Q5
06759500,2016-06-15,6210.0,Q2
06759500,2017-05-20,6730.0,Q2
06759500,2023-05-14,5930.0,Q2
06759500,2023-06-13,15300.0,Q5
06762500,2014-03-05,1150.0,Q50
06762500,2016-06-13,166.0,Q5
06762500,2022-07-08,58.8,Q2
06762500,2023-07-20,88.4,Q2
06769000,2008-05-25,396.0,Q10
06769000,2008-06-06,279.0,Q5
06769000,2008-06-27,185.0,Q2
06769000,2008-07-19,187.0,Q2
06769000,2009-08-18,197.0,Q2
06769000,2010-03-11,223.0,Q2
06769000,2010-06-16,368.0,Q10
06769000,2010-06-22,159.0,Q2
06769000,2010-07-07,227.0,Q2
06769000,2010-07-19,157.0,Q2
06769000,2010-08-08,163.0,Q2
06769000,2011-07-08,179.0,Q2
06769000,2014-08-10,205.0,Q2
06769000,2018-07-07,229.0,Q2
06769000,2019-03-15,527.0,Q25
06769000,2019-05-29,527.0,Q25
06769000,2020-05-23,197.0,Q2
06769525,2008-06-05,489.0,Q5
06769525,2008-07-16,188.0,Q2
06769525,2010-06-14,606.0,Q5
06769525,2010-06-22,510.0,Q5
06769525,2014-06-24,168.0,Q2
06769525,2015-08-16,162.0,Q2
06769525,2017-07-18,173.0,Q2
06769525,2017-09-16,157.0,Q2
06769525,2018-07-06,533.0,Q5
06769525,2019-03-13,1540.0,Q50
06769525,2019-05-29,424.0,Q5
06769525,2019-07-09,872.0,Q10
06769525,2020-05-23,257.0,Q2
06769525,2024-07-01,179.0,Q2
06772100,2008-06-10,1400.0,Q10
06772100,2008-07-19,482.0,Q2
06772100,2008-10-26,301.0,Q2
06772100,2009-06-06,450.0,Q2
06772100,2009-06-16,293.0,Q2
06772100,2010-06-21,676.0,Q2
06772100,2011-05-28,489.0,Q2
06772100,2019-03-17,1820.0,Q10
06772100,2019-05-30,790.0,Q5
06772100,2019-06-24,307.0,Q2
06772100,2019-07-14,827.0,Q5
06772100,2019-08-24,1320.0,Q10
06772100,2020-05-27,1000.0,Q5
06772100,2021-03-24,242.0,Q2
06772775,2008-06-05,987.0,Q5
06772775,2009-06-06,224.0,Q2
06772775,2009-06-20,800.0,Q5
06772775,2010-03-10,197.0,Q2
06772775,2010-06-14,155.0,Q2
06772775,2010-06-22,397.0,Q2
06772775,2011-05-13,161.0,Q2
06772775,2011-05-26,390.0,Q2
06772775,2019-03-14,274.0,Q2
06772775,2019-05-29,348.0,Q2
06772775,2019-08-12,168.0,Q2
06772775,2019-08-26,407.0,Q2
06772775,2020-05-23,657.0,Q5
06772775,2021-03-15,604.0,Q5
06772775,2021-03-24,471.0,Q2
06772898,2008-06-08,2140.0,Q10
06772898,2008-07-18,769.0,Q2
06772898,2008-10-23,406.0,Q2
06772898,2009-06-21,211.0,Q2
06772898,2010-07-11,220.0,Q2
06772898,2011-05-26,492.0,Q2
06772898,2011-06-21,513.0,Q2
06772898,2011-07-08,382.0,Q2
06772898,2016-05-01,276.0,Q2
06772898,2016-05-12,223.0,Q2
06772898,2019-03-14,943.0,Q5
06772898,2019-05-29,1220.0,Q5
06772898,2019-06-27,469.0,Q2
06772898,2019-08-28,255.0,Q2
06772898,2020-03-31,229.0,Q2
06772898,2020-05-23,667.0,Q2
06772898,2021-03-15,829.0,Q5
06772898,2021-03-24,845.0,Q5
06772898,2022-06-06,251.0,Q2
06772898,2024-06-22,329.0,Q2
06772898,2024-07-02,210.0,Q2
06773500,2008-06-11,2210.0,Q10
06773500,2008-10-26,547.0,Q2
06773500,2009-06-23,758.0,Q2
06773500,2010-03-13,1040.0,Q2
06773500,2010-06-15,978.0,Q2
06773500,2011-05-29,884.0,Q2
06773500,2011-06-21,513.0,Q2
06773500,2019-03-18,1580.0,Q5
06773500,2019-05-29,1330.0,Q5
06773500,2019-08-30,1620.0,Q5
06773500,2020-05-28,1720.0,Q5
06773500,2021-03-17,1220.0,Q2
06773500,2021-03-26,1150.0,Q2
06773500,2024-06-23,798.0,Q2
06775500,2008-06-06,958.0,Q2
06775500,2010-06-11,1580.0,Q100
06775500,2013-08-14,935.0,Q2
06775500,2015-04-19,966.0,Q2
06775500,2018-07-27,866.0,Q2
06775500,2019-05-28,952.0,Q2
06775500,2023-05-30,1070.0,Q5
06784000,2008-05-24,4680.0,Q5
06784000,2008-06-05,2910.0,Q2
06784000,2008-06-08,1750.0,Q2
06784000,2009-06-06,2340.0,Q2
06784000,2009-06-19,2240.0,Q2
06784000,2009-06-26,2360.0,Q2
06784000,2010-06-14,2220.0,Q2
06784000,2010-06-22,2320.0,Q2
06784000,2010-07-13,1780.0,Q2
06784000,2011-05-25,1610.0,Q2
06784000,2014-03-07,1580.0,Q2
06784000,2014-06-21,2370.0,Q2
06784000,2017-08-16,1870.0,Q2
06784000,2019-03-15,21000.0,Q100
06784000,2019-05-28,2840.0,Q2
06784000,2019-06-21,1550.0,Q2
06784000,2019-07-09,6290.0,Q10
06784000,2019-07-21,1720.0,Q2
06784000,2019-08-23,4490.0,Q5
06784000,2020-05-25,1820.0,Q2
06784000,2024-05-04,1690.0,Q2
06784000,2024-06-22,2490.0,Q2
06785000,2008-05-24,20000.0,Q10
06785000,2008-06-05,13400.0,Q5
06785000,2008-06-08,12700.0,Q5
06785000,2008-10-23,10700.0,Q2
06785000,2009-06-06,9700.0,Q2
06785000,2010-06-14,14800.0,Q5
06785000,2011-05-26,8320.0,Q2
06785000,2013-05-25,6840.0,Q2
06785000,2017-08-17,12000.0,Q2
06785000,2019-03-14,38200.0,Q50
06785000,2019-05-28,8200.0,Q2
06785000,2019-07-09,7790.0,Q2
06785000,2019-08-27,9070.0,Q2
06785000,2024-06-22,9900.0,Q2
06786000,2008-05-24,2170.0,Q2
06786000,2008-06-03,3400.0,Q2
06786000,2009-06-15,2330.0,Q2
06786000,2010-06-12,16300.0,Q100
06786000,2011-07-13,2730.0,Q2
06786000,2014-06-10,2450.0,Q2
06786000,2015-06-18,2370.0,Q2
06786000,2019-03-13,3400.0,Q2
06786000,2019-05-22,3740.0,Q5
06786000,2019-07-09,2400.0,Q2
06786000,2019-09-12,2750.0,Q2
06786000,2020-06-09,3270.0,Q2
06790500,2008-05-24,6160.0,Q2
06790500,2008-06-08,6450.0,Q2
06790500,2010-06-14,11900.0,Q5
06790500,2016-04-27,5120.0,Q2
06790500,2017-08-16,4720.0,Q2
06790500,2017-10-07,6390.0,Q2
06790500,2018-06-26,4690.0,Q2
06790500,2019-03-14,41900.0,Q100
06790500,2019-05-28,5640.0,Q2
06790500,2019-08-03,6580.0,Q2
06790500,2019-08-26,6150.0,Q2
06790500,2019-09-13,4620.0,Q2
06790500,2020-07-21,4820.0,Q2
06790500,2024-06-22,6400.0,Q2
06793000,2008-05-24,22000.0,Q2
06793000,2008-06-08,16000.0,Q2
06793000,2010-06-15,29000.0,Q5
06793000,2011-05-26,12900.0,Q2
06793000,2011-06-21,14200.0,Q2
06793000,2013-10-03,12700.0,Q2
06793000,2017-08-17,15700.0,Q2
06793000,2018-06-26,12700.0,Q2
06793000,2019-03-14,118000.0,Q100
06793000,2019-05-28,19700.0,Q2
06793000,2019-06-26,15600.0,Q2
06793000,2019-07-10,22000.0,Q2
06793000,2019-08-03,20300.0,Q2
06793000,2019-08-08,16100.0,Q2
06793000,2019-08-27,24800.0,Q2
06793000,2020-05-25,12600.0,Q2
06793000,2021-01-29,13300.0,Q2
06793000,2021-03-15,17000.0,Q2
06793000,2024-06-22,28400.0,Q5
06794650,2008-05-25,656.0,Q2
06794650,2008-05-31,702.0,Q2
06794650,2010-06-13,598.0,Q2
06794650,2010-06-21,539.0,Q2
06794650,2011-05-14,458.0,Q2
06794650,2011-05-27,406.0,Q2
06794650,2015-08-19,661.0,Q2
06794650,2016-05-01,414.0,Q2
06794650,2017-05-18,831.0,Q5
06794650,2017-08-17,1280.0,Q10
06794650,2019-03-14,1120.0,Q5
06794650,2019-05-28,1240.0,Q10
06794650,2019-06-27,1000.0,Q5
06794650,2021-03-15,760.0,Q2
06794650,2021-03-24,464.0,Q2
06794650,2024-06-23,1000.0,Q5
06794650,2024-07-03,499.0,Q2
06799000,2008-03-01,4200.0,Q2
06799000,2008-06-08,13800.0,Q5
06799000,2010-03-12,6330.0,Q2
06799000,2010-06-15,41100.0,Q50
06799000,2016-05-04,6550.0,Q2
06799000,2016-05-13,4360.0,Q2
06799000,2017-10-10,5410.0,Q2
06799000,2019-03-14,30100.0,Q25
06799000,2019-05-10,4120.0,Q2
06799000,2019-05-26,9470.0,Q2
06799000,2019-08-26,4170.0,Q2
06799000,2019-09-16,8020.0,Q2
06799000,2020-06-13,4890.0,Q2
06799100,2008-03-02,2280.0,Q2
06799100,2008-05-31,2130.0,Q2
06799100,2009-02-10,1810.0,Q2
06799100,2010-03-15,1670.0,Q2
06799100,2010-06-13,2340.0,Q2
06799100,2010-07-23,1380.0,Q2
06799100,2010-08-02,1500.0,Q2
06799100,2011-02-18,1920.0,Q2
06799100,2011-05-26,1290.0,Q2
06799100,2011-06-27,1290.0,Q2
06799100,2015-06-08,1770.0,Q2
06799100,2016-05-02,1690.0,Q2
06799100,2016-05-29,1480.0,Q2
06799100,2017-10-09,1920.0,Q2
06799100,2018-03-05,1980.0,Q2
06799100,2018-07-06,1670.0,Q2
06799100,2019-03-14,79000.0,Q100
06799100,2019-05-30,1560.0,Q2
06799100,2021-09-01,1540.0,Q2
06799100,2023-02-28,1350.0,Q2
06799100,2024-06-01,1420.0,Q2
06799315,2008-05-31,13600.0,Q5
06799315,2010-03-12,9700.0,Q2
06799315,2010-06-21,14700.0,Q5
06799315,2011-05-27,6130.0,Q2
06799315,2011-06-27,6710.0,Q2
06799315,2016-05-03,8770.0,Q2
06799315,2017-10-10,8460.0,Q2
06799315,2018-06-26,8770.0,Q2
06799315,2019-03-14,87000.0,Q100
06799315,2019-05-09,6080.0,Q2
06799315,2019-05-27,11700.0,Q2
06799315,2019-09-13,9030.0,Q2
06799315,2020-05-26,6360.0,Q2
06799315,2024-06-01,6240.0,Q2
06799350,2008-05-31,14300.0,Q2
06799350,2009-06-16,9190.0,Q2
06799350,2010-06-17,65400.0,Q25
06799350,2010-08-02,17100.0,Q2
06799350,2014-06-17,9450.0,Q2
06799350,2014-06-30,10300.0,Q2
06799350,2016-05-02,10400.0,Q2
06799350,2016-09-16,8890.0,Q2
06799350,2017-10-04,8800.0,Q2
06799350,2018-06-26,14300.0,Q2
06799350,2019-03-14,79000.0,Q50
06799350,2019-05-27,15600.0,Q2
06799445,2009-02-10,5230.0,Q2
06799445,2010-06-12,11100.0,Q5
06799445,2010-07-22,5520.0,Q2
06799445,2014-06-15,12500.0,Q5
06799445,2014-06-30,9090.0,Q2
06799445,2015-06-07,7870.0,Q2
06799445,2016-06-14,5050.0,Q2
06799445,2018-03-04,4900.0,Q2
06799445,2018-06-25,13400.0,Q5
06799445,2019-03-14,22400.0,Q25
06799445,2024-04-16,10300.0,Q5
06799500,2008-05-30,9250.0,Q5
06799500,2010-06-13,10800.0,Q5
06799500,2010-06-21,5560.0,Q2
06799500,2010-07-23,4460.0,Q2
06799500,2010-08-03,4660.0,Q2
06799500,2014-06-15,11100.0,Q5
06799500,2014-07-01,9420.0,Q5
06799500,2015-06-07,4750.0,Q2
06799500,2016-07-18,4230.0,Q2
06799500,2016-09-16,6950.0,Q2
06799500,2018-03-04,4080.0,Q2
06799500,2018-06-27,13000.0,Q10
06799500,2019-03-15,15000.0,Q10
06799500,2024-04-17,6080.0,Q2
06800500,2008-05-31,35800.0,Q5
06800500,2010-06-14,55200.0,Q10
06800500,2010-08-03,17000.0,Q2
06800500,2014-06-16,16200.0,Q2
06800500,2015-12-14,15600.0,Q2
06800500,2016-05-01,15000.0,Q2
06800500,2016-06-18,27700.0,Q2
06800500,2016-09-17,26600.0,Q2
06800500,2017-10-07,18500.0,Q2
06800500,2018-06-27,27800.0,Q2
06800500,2019-03-15,117000.0,Q50
06800500,2019-05-28,21700.0,Q2
06800500,2024-05-21,17600.0,Q2
06803093,2008-06-05,1410.0,Q2
06803093,2008-06-11,2220.0,Q5
06803093,2008-10-22,1120.0,Q2
06803093,2010-06-14,1380.0,Q2
06803093,2010-06-21,1180.0,Q2
06803093,2011-06-27,1140.0,Q2
06803093,2011-07-05,1330.0,Q2
06803093,2014-10-01,2120.0,Q2
06803093,2015-05-07,5060.0,Q25
06803093,2015-06-05,1830.0,Q2
06803093,2015-06-11,3760.0,Q10
06803093,2015-06-15,2130.0,Q2
06803093,2016-05-28,1390.0,Q2
06803093,2017-05-20,2060.0,Q2
06803093,2017-10-07,1050.0,Q2
06803093,2018-09-04,1520.0,Q2
06803093,2019-03-13,1950.0,Q2
06803093,2019-05-28,1730.0,Q2
06803093,2019-10-02,1990.0,Q2
06803093,2020-05-23,1900.0,Q2
06803093,2021-03-14,1150.0,Q2
06803170,2008-06-05,2030.0,Q2
06803170,2008-06-11,3860.0,Q5
06803170,2008-10-22,3350.0,Q2
06803170,2010-06-14,2610.0,Q2
06803170,2010-06-21,3210.0,Q2
06803170,2013-05-30,3900.0,Q5
06803170,2014-10-01,3910.0,Q5
06803170,2015-05-07,6550.0,Q10
06803170,2015-06-11,3720.0,Q2
06803170,2015-06-15,5300.0,Q10
06803170,2016-05-28,2230.0,Q2
06803170,2017-05-20,2680.0,Q2
06803170,2019-03-13,3760.0,Q2
06803170,2019-05-28,3080.0,Q2
06803170,2024-07-02,2310.0,Q2
06803486,2008-06-05,3280.0,Q2
06803486,2008-06-11,3000.0,Q2
06803486,2008-06-24,4930.0,Q2
06803486,2008-10-22,2990.0,Q2
06803486,2010-06-21,4090.0,Q2
06803486,2014-05-12,2830.0,Q2
06803486,2014-06-04,3680.0,Q2
06803486,2014-08-29,3860.0,Q2
06803486,2015-05-07,5990.0,Q5
06803486,2015-06-14,3220.0,Q2
06803486,2016-05-12,3090.0,Q2
06803486,2017-05-20,2830.0,Q2
06803486,2019-03-13,6360.0,Q5
06803486,2019-05-28,4130.0,Q2
06803486,2019-06-04,2550.0,Q2
06803486,2019-07-21,2770.0,Q2
06803486,2024-07-02,4210.0,Q2
06803495,2008-06-05,11900.0,Q2
06803495,2008-06-12,13600.0,Q5
06803495,2008-10-22,8490.0,Q2
06803495,2010-06-21,12700.0,Q2
06803495,2013-05-30,8780.0,Q2
06803495,2014-10-01,16900.0,Q5
06803495,2015-05-07,35600.0,Q100
06803495,2015-06-11,14100.0,Q5
06803495,2015-06-15,11400.0,Q2
06803495,2016-05-28,8770.0,Q2
06803495,2017-05-20,10800.0,Q2
06803495,2018-09-04,9040.0,Q2
06803495,2019-03-13,17800.0,Q5
06803495,2019-05-28,12800.0,Q2
06803500,2008-06-05,12200.0,Q2
06803500,2008-06-12,14200.0,Q5
06803500,2008-10-22,8680.0,Q2
06803500,2010-06-21,13500.0,Q2
06803500,2013-05-30,8810.0,Q2
06803500,2014-10-01,17500.0,Q5
06803500,2015-05-07,34800.0,Q100
06803500,2015-06-11,14000.0,Q2
06803500,2015-06-15,11400.0,Q2
06803500,2016-05-28,9210.0,Q2
06803500,2017-05-20,12000.0,Q2
06803500,2018-09-04,9820.0,Q2
06803500,2019-03-13,19000.0,Q10
06803500,2019-05-28,13000.0,Q2
06803500,2024-07-02,8850.0,Q2
06803510,2008-06-11,3250.0,Q2
06803510,2010-06-21,2670.0,Q2
06803510,2013-05-29,2770.0,Q2
06803510,2014-05-11,2490.0,Q2
06803510,2014-06-04,3260.0,Q2
06803510,2014-10-01,2330.0,Q2
06803510,2015-05-07,9790.0,Q50
06803510,2017-05-20,2430.0,Q2
06803510,2019-03-13,1900.0,Q2
06803510,2022-06-17,1990.0,Q2
06803510,2024-07-02,4220.0,Q5
06803513,2008-06-05,12500.0,Q2
06803513,2008-06-12,16000.0,Q5
06803513,2010-06-21,10300.0,Q2
06803513,2013-05-30,9680.0,Q2
06803513,2014-10-01,19400.0,Q10
06803513,2015-05-07,29000.0,Q50
06803513,2015-06-11,15200.0,Q5
06803513,2015-06-15,13300.0,Q2
06803513,2016-05-28,9830.0,Q2
06803513,2017-05-20,15400.0,Q5
06803513,2018-09-04,10500.0,Q2
06803513,2019-03-13,19300.0,Q10
06803513,2019-05-28,13400.0,Q2
06803513,2024-07-02,10800.0,Q2
06803520,2008-06-05,3400.0,Q5
06803520,2008-06-12,1800.0,Q2
06803520,2010-06-21,2520.0,Q2
06803520,2011-06-27,1770.0,Q2
06803520,2012-04-15,1750.0,Q2
06803520,2015-05-07,6630.0,Q25
06803520,2015-06-11,2750.0,Q2
06803520,2015-09-07,2300.0,Q2
06803520,2016-05-10,6070.0,Q25
06803520,2016-05-27,1840.0,Q2
06803520,2017-05-20,1770.0,Q2
06803520,2018-09-04,1910.0,Q2
06803520,2019-03-13,2400.0,Q2
06803520,2019-05-28,2130.0,Q2
06803530,2008-06-05,3100.0,Q2
06803530,2008-10-22,3670.0,Q2
06803530,2010-06-21,7280.0,Q5
06803530,2010-07-15,4110.0,Q2
06803530,2013-05-30,3350.0,Q2
06803530,2014-05-12,8350.0,Q10
06803530,2014-06-04,8250.0,Q10
06803530,2015-05-07,5160.0,Q2
06803530,2016-05-11,3170.0,Q2
06803530,2017-05-20,3750.0,Q2
06803530,2018-09-04,3300.0,Q2
06803530,2019-03-14,7240.0,Q5
06803530,2024-07-02,7070.0,Q5
06803555,2008-06-05,17200.0,Q2
06803555,2008-06-12,23800.0,Q5
06803555,2010-06-21,25400.0,Q5
06803555,2014-10-01,30200.0,Q10
06803555,2015-05-07,34400.0,Q10
06803555,2015-06-11,17400.0,Q2
06803555,2015-06-15,16100.0,Q2
06803555,2017-05-20,21700.0,Q2
06803555,2018-09-04,19500.0,Q2
06803555,2019-03-13,28400.0,Q5
06803555,2019-05-28,17100.0,Q2
06803555,2024-07-02,19500.0,Q2
06804000,2008-05-30,9240.0,Q2
06804000,2008-06-05,5750.0,Q2
06804000,2010-07-15,4830.0,Q2
06804000,2014-08-29,10500.0,Q5
06804000,2015-05-07,5240.0,Q2
06804000,2016-05-11,7000.0,Q2
06804000,2016-06-18,4790.0,Q2
06804000,2017-10-07,4540.0,Q2
06804000,2019-03-14,21300.0,Q25
06804000,2024-05-22,23800.0,Q25
06804000,2024-07-02,7820.0,Q2
06804700,2008-05-31,3500.0,Q2
06804700,2008-06-06,3620.0,Q2
06804700,2008-10-23,3420.0,Q2
06804700,2010-06-22,3570.0,Q2
06804700,2010-07-15,3950.0,Q2
06804700,2014-05-12,3840.0,Q2
06804700,2014-06-04,3830.0,Q2
06804700,2015-05-07,3870.0,Q2
06804700,2015-12-14,4350.0,Q2
06804700,2016-04-21,3260.0,Q2
06804700,2017-05-20,3730.0,Q2
06804700,2018-09-05,3490.0,Q2
06804700,2019-03-14,4840.0,Q5
06804700,2019-05-29,4720.0,Q5
06804700,2019-06-04,4540.0,Q2
06804700,2024-05-22,4540.0,Q2
06804700,2024-07-02,4390.0,Q2
06807410,2008-06-08,12200.0,Q2
06807410,2008-06-12,16600.0,Q5
06807410,2008-07-24,9490.0,Q2
06807410,2010-06-12,7730.0,Q2
06807410,2010-06-22,7070.0,Q2
06807410,2010-06-27,10100.0,Q2
06807410,2010-07-19,8410.0,Q2
06807410,2011-06-21,6150.0,Q2
06807410,2014-06-30,9420.0,Q2
06807410,2014-07-05,7490.0,Q2
06807410,2014-09-01,13200.0,Q5
06807410,2014-09-10,6960.0,Q2
06807410,2014-10-01,7760.0,Q2
06807410,2015-12-14,10000.0,Q2
06807410,2016-05-10,9090.0,Q2
06807410,2016-09-16,7970.0,Q2
06807410,2019-03-14,29600.0,Q25
06807410,2019-10-10,6830.0,Q2
06807410,2023-02-27,6350.0,Q2
06807410,2024-05-21,7770.0,Q2
06808500,2008-06-12,25200.0,Q10
06808500,2010-06-05,9170.0,Q2
06808500,2010-06-14,11000.0,Q2
06808500,2010-06-28,8740.0,Q2
06808500,2014-06-04,21900.0,Q10
06808500,2014-07-05,16200.0,Q5
06808500,2014-08-28,12600.0,Q2
06808500,2014-09-02,9360.0,Q2
06808500,2014-09-10,18200.0,Q5
06808500,2014-10-01,9920.0,Q2
06808500,2015-08-09,8860.0,Q2
06808500,2015-12-15,13900.0,Q2
06808500,2016-07-18,9720.0,Q2
06808500,2016-09-16,8700.0,Q2
06808500,2018-08-20,14000.0,Q2
06808500,2019-03-14,26500.0,Q10
06808500,2019-05-24,8650.0,Q2
06809210,2008-06-08,12800.0,Q2
06809210,2008-06-12,19200.0,Q10
06809210,2008-07-24,12200.0,Q2
06809210,2009-04-27,9240.0,Q2
06809210,2010-06-11,9280.0,Q2
06809210,2010-06-22,9060.0,Q2
06809210,2010-06-27,12700.0,Q2
06809210,2013-06-24,10600.0,Q2
06809210,2014-06-30,14000.0,Q5
06809210,2014-09-10,10100.0,Q2
06809210,2014-10-01,7960.0,Q2
06809210,2015-06-12,10200.0,Q2
06809210,2015-06-15,10700.0,Q2
06809210,2015-06-25,10700.0,Q2
06809210,2015-12-14,11800.0,Q2
06809210,2016-05-26,9120.0,Q2
06809210,2016-09-16,11100.0,Q2
06809210,2017-08-21,8160.0,Q2
06809210,2019-03-14,17300.0,Q10
06809210,2019-09-25,8010.0,Q2
06809500,2008-06-05,19000.0,Q5
06809500,2008-06-13,27000.0,Q10
06809500,2008-07-25,15800.0,Q2
06809500,2009-04-27,12000.0,Q2
06809500,2010-06-11,12300.0,Q2
06809500,2010-06-22,14600.0,Q2
06809500,2010-06-27,19500.0,Q5
06809500,2010-08-04,12300.0,Q2
06809500,2013-06-24,11300.0,Q2
06809500,2014-07-01,16400.0,Q2
06809500,2014-08-29,11500.0,Q2
06809500,2014-09-10,18200.0,Q2
06809500,2014-10-01,14400.0,Q2
06809500,2015-06-12,12000.0,Q2
06809500,2015-06-15,17000.0,Q2
06809500,2015-06-25,11900.0,Q2
06809500,2016-05-10,12100.0,Q2
06809500,2016-05-27,13600.0,Q2
06809500,2016-09-16,12000.0,Q2
06809500,2019-03-14,24200.0,Q10
06809500,2019-09-25,12100.0,Q2
06810000,2008-06-14,32300.0,Q10
06810000,2010-03-12,19400.0,Q2
06810000,2010-06-14,19800.0,Q2
06810000,2011-02-18,16700.0,Q2
06810000,2013-05-30,16200.0,Q2
06810000,2014-06-04,23100.0,Q2
06810000,2014-07-01,17700.0,Q2
06810000,2014-07-06,21400.0,Q2
06810000,2014-08-29,16800.0,Q2
06810000,2014-09-11,19300.0,Q2
06810000,2014-10-02,18600.0,Q2
06810000,2015-06-15,18700.0,Q2
06810000,2015-08-09,16400.0,Q2
06810000,2015-12-15,23700.0,Q2
06810000,2016-05-11,21200.0,Q2
06810000,2016-05-27,20100.0,Q2
06810000,2016-07-18,17500.0,Q2
06810000,2016-09-17,17300.0,Q2
06810000,2017-05-21,19300.0,Q2
06810000,2018-10-10,16100.0,Q2
06810000,2019-03-16,39000.0,Q25
06810000,2019-05-29,18700.0,Q2
06810000,2024-05-22,16300.0,Q2
06813000,2008-06-06,12600.0,Q5
06813000,2010-07-15,9290.0,Q2
06813000,2010-09-01,8100.0,Q2
06813000,2011-06-27,9930.0,Q2
06813000,2011-07-07,8900.0,Q2
06813000,2012-04-15,7580.0,Q2
06813000,2013-05-29,9950.0,Q2
06813000,2014-06-04,8940.0,Q2
06813000,2014-08-29,9520.0,Q2
06813000,2014-09-10,9600.0,Q2
06813000,2015-05-17,8760.0,Q2
06813000,2015-06-12,10700.0,Q2
06813000,2015-06-16,9800.0,Q2
06813000,2015-07-17,9290.0,Q2
06813000,2015-07-29,9280.0,Q2
06813000,2015-08-09,9910.0,Q2
06813000,2015-12-14,10100.0,Q2
06813000,2016-04-28,9140.0,Q2
06813000,2016-05-31,9770.0,Q2
06813000,2016-07-19,10900.0,Q2
06813000,2019-03-14,10600.0,Q2
06813000,2019-05-28,11600.0,Q5
06814000,2008-04-26,6200.0,Q2
06814000,2008-05-22,6670.0,Q2
06814000,2009-04-27,5630.0,Q2
06814000,2009-05-15,9180.0,Q5
06814000,2010-06-02,9960.0,Q5
06814000,2013-05-30,7430.0,Q2
06814000,2015-06-05,11900.0,Q10
06814000,2015-06-11,6120.0,Q2
06814000,2015-07-19,5170.0,Q2
06814000,2015-12-14,6630.0,Q2
06814000,2016-04-27,5160.0,Q2
06814000,2018-10-09,5210.0,Q2
06814000,2018-12-02,6450.0,Q2
06814000,2019-03-13,5170.0,Q2
06814000,2019-05-08,9870.0,Q5
06814000,2019-05-24,10400.0,Q5
06814000,2019-06-23,9610.0,Q5
06814000,2020-07-29,10800.0,Q5
06817000,2008-06-05,47900.0,Q5
06817000,2008-06-12,29300.0,Q2
06817000,2010-06-13,18900.0,Q2
06817000,2011-05-11,25100.0,Q2
06817000,2012-04-15,30600.0,Q2
06817000,2014-06-04,35200.0,Q2
06817000,2014-06-07,23900.0,Q2
06817000,2014-07-05,21700.0,Q2
06817000,2014-08-29,45600.0,Q5
06817000,2014-09-10,33100.0,Q2
06817000,2015-05-17,19300.0,Q2
06817000,2015-06-11,27100.0,Q2
06817000,2015-07-29,21000.0,Q2
06817000,2015-12-14,36400.0,Q5
06817000,2016-07-18,30000.0,Q2
06817000,2017-08-21,27200.0,Q2
06817000,2019-03-14,43900.0,Q5
06817000,2019-05-24,44900.0,Q5
06817000,2019-05-29,20800.0,Q2
06817000,2019-10-02,26800.0,Q2
06817500,2015-07-16,30700.0,Q5
06817500,2015-07-29,26000.0,Q2
06817500,2015-12-15,30700.0,Q5
06817500,2016-07-18,32300.0,Q5
06817500,2018-09-03,18300.0,Q2
06817500,2018-10-09,20300.0,Q2
06817500,2019-03-14,33800.0,Q5
06817500,2019-05-29,40400.0,Q10
06817500,2019-10-02,29600.0,Q2
06817500,2024-05-07,17100.0,Q2
06817700,2008-05-31,21200.0,Q2
06817700,2008-06-07,51800.0,Q25
06817700,2008-07-25,25200.0,Q2
06817700,2010-03-11,24400.0,Q2
06817700,2010-06-06,20800.0,Q2
06817700,2010-06-14,25800.0,Q2
06817700,2011-06-27,23500.0,Q2
06817700,2012-04-15,21500.0,Q2
06817700,2014-06-04,23500.0,Q2
06817700,2014-08-30,27300.0,Q2
06817700,2014-09-11,27800.0,Q2
06817700,2015-05-17,23400.0,Q2
06817700,2015-06-12,29400.0,Q2
06817700,2015-06-16,20500.0,Q2
06817700,2015-07-17,29800.0,Q2
06817700,2015-07-29,25600.0,Q2
06817700,2015-12-15,29500.0,Q2
06817700,2016-07-19,24400.0,Q2
06817700,2018-10-09,21700.0,Q2
06817700,2019-03-15,29300.0,Q2
06817700,2019-05-29,39700.0,Q5
06817700,2019-10-03,25700.0,Q2
06819185,2008-06-06,7180.0,Q2
06819185,2008-09-13,6160.0,Q2
06819185,2009-03-24,6060.0,Q2
06819185,2010-06-05,10300.0,Q10
06819185,2012-03-30,8710.0,Q5
06819185,2012-04-15,6850.0,Q2
06819185,2013-06-15,7860.0,Q2
06819185,2014-06-04,7080.0,Q2
06819185,2015-05-17,7590.0,Q2
06819185,2015-07-16,7580.0,Q2
06819185,2015-07-29,8200.0,Q5
06819185,2015-08-09,6930.0,Q2
06819185,2015-09-07,6110.0,Q2
06819185,2016-07-18,7180.0,Q2
06819185,2018-05-02,6580.0,Q2
06820410,2008-06-07,18300.0,Q2
06820410,2008-06-12,15800.0,Q2
06820410,2009-04-27,20200.0,Q2
06820410,2009-05-16,18100.0,Q2
06820410,2009-06-08,15900.0,Q2
06820410,2010-03-11,18900.0,Q2
06820410,2010-06-06,16900.0,Q2
06820410,2010-06-14,17100.0,Q2
06820410,2012-04-15,19400.0,Q2
06820410,2014-06-04,18000.0,Q2
06820410,2014-08-16,20200.0,Q2
06820410,2014-08-28,18100.0,Q2
06820410,2014-09-10,31400.0,Q10
06820410,2015-05-17,22100.0,Q2
06820410,2015-06-12,23200.0,Q5
06820410,2015-06-16,16400.0,Q2
06820410,2015-07-30,18200.0,Q2
06820410,2015-08-10,15600.0,Q2
06820410,2017-06-29,23200.0,Q5
06820410,2019-03-14,17900.0,Q2
06820410,2019-05-28,28400.0,Q10
06820410,2024-05-07,16200.0,Q2
06820500,2008-06-13,23600.0,Q2
06820500,2009-04-28,22200.0,Q2
06820500,2010-03-12,20900.0,Q2
06820500,2010-05-14,22100.0,Q2
06820500,2010-06-16,24800.0,Q2
06820500,2011-06-28,21600.0,Q2
06820500,2014-09-12,20500.0,Q2
06820500,2015-05-19,22300.0,Q2
06820500,2015-06-13,21900.0,Q2
06820500,2015-12-16,21600.0,Q2
06820500,2016-04-28,23400.0,Q2
06820500,2017-04-06,22300.0,Q2
06820500,2018-10-10,23600.0,Q2
06820500,2019-03-15,23500.0,Q2
06820500,2019-05-30,41900.0,Q25
06820500,2021-06-26,44400.0,Q50
06821080,2008-09-13,5500.0,Q2
06821080,2009-04-27,5310.0,Q2
06821080,2014-06-04,5680.0,Q2
06821080,2014-07-08,4460.0,Q2
06821080,2015-05-17,7770.0,Q2
06821080,2015-06-26,6970.0,Q2
06821080,2016-04-27,7790.0,Q2
06821080,2016-05-27,6360.0,Q2
06821080,2016-07-12,4640.0,Q2
06821080,2016-09-14,8890.0,Q5
06821080,2017-04-05,4330.0,Q2
06821080,2017-06-30,5190.0,Q2
06821080,2018-10-08,4670.0,Q2
06821080,2019-05-21,5150.0,Q2
06821080,2019-06-23,6330.0,Q2
06821080,2021-06-25,13400.0,Q10
06821080,2021-06-30,6280.0,Q2
06821080,2024-04-28,4940.0,Q2
06821150,2008-09-13,8200.0,Q5
06821150,2009-03-08,4270.0,Q2
06821150,2009-04-27,6480.0,Q2
06821150,2009-05-15,9660.0,Q10
06821150,2010-05-13,5450.0,Q2
06821150,2010-07-11,6100.0,Q2
06821150,2010-07-24,4260.0,Q2
06821150,2015-05-17,7010.0,Q2
06821150,2015-05-24,5500.0,Q2
06821150,2015-06-03,4980.0,Q2
06821150,2015-06-26,5660.0,Q2
06821150,2015-07-06,4210.0,Q2
06821150,2016-04-27,7190.0,Q5
06821150,2016-05-26,9960.0,Q10
06821150,2016-08-27,6770.0,Q2
06821150,2017-08-22,10600.0,Q10
06821150,2019-05-21,4560.0,Q2
06821150,2019-05-29,5100.0,Q2
06821150,2019-06-23,4510.0,Q2
06821150,2022-05-31,4310.0,Q2
06821150,2024-04-28,4050.0,Q2
06821190,2008-03-05,16800.0,Q2
06821190,2008-06-11,18400.0,Q2
06821190,2009-05-01,23000.0,Q5
06821190,2009-05-19,16800.0,Q2
06821190,2009-06-19,17000.0,Q2
06821190,2010-03-13,20200.0,Q2
06821190,2010-05-15,21000.0,Q2
06821190,2010-06-18,22300.0,Q5
06821190,2015-05-21,17200.0,Q2
06821190,2015-06-06,18200.0,Q2
06821190,2015-06-16,17100.0,Q2
06821190,2015-07-21,16800.0,Q2
06821190,2015-12-18,16700.0,Q2
06821190,2016-04-30,19700.0,Q2
06821190,2016-05-28,20400.0,Q2
06821190,2017-04-08,16800.0,Q2
06821190,2018-10-12,18200.0,Q2
06821190,2019-03-16,17400.0,Q2
06821190,2019-06-01,34600.0,Q50
06821190,2021-06-28,26500.0,Q10
06821500,2008-07-18,22.8,Q2
06821500,2008-08-08,22.8,Q2
06821500,2010-03-09,30.6,Q2
06821500,2010-04-23,115.0,Q10
06821500,2010-06-23,30.1,Q2
06821500,2015-06-07,72.9,Q5
06821500,2020-07-14,20.7,Q2
06821500,2020-07-24,648.0,Q100
06821500,2021-04-27,21.7,Q2
06821500,2021-05-23,17.4,Q2
06821500,2021-06-01,18.0,Q2
06821500,2023-05-11,28.8,Q2
06821500,2023-05-19,62.4,Q5
06821500,2023-06-03,20.4,Q2
06821500,2023-06-29,17.2,Q2
06821500,2023-07-08,74.8,Q5
06821500,2023-08-02,25.1,Q2
06821500,2024-04-25,30.0,Q2
06821500,2024-05-02,18.4,Q2
06821500,2024-05-31,21.6,Q2
06823500,2009-01-20,14.5,Q2
06823500,2009-04-18,12.1,Q2
06823500,2009-05-26,16.6,Q2
06823500,2011-04-16,13.8,Q2
06823500,2012-04-27,20.1,Q2
06823500,2016-04-16,21.3,Q2
06823500,2017-03-24,13.3,Q2
06823500,2018-05-20,14.4,Q2
06823500,2020-07-24,440.0,Q50
06823500,2021-03-14,21.3,Q2
06823500,2021-04-28,11.1,Q2
06823500,2021-05-31,18.4,Q2
06823500,2023-05-07,11.9,Q2
06823500,2023-05-12,17.4,Q2
06823500,2023-05-30,11.4,Q2
06823500,2023-08-08,16.9,Q2
06824500,2015-05-28,252.0,Q2
06824500,2015-06-07,274.0,Q2
06824500,2020-07-24,2960.0,Q50
06824500,2023-05-11,256.0,Q2
06824500,2023-05-18,668.0,Q5
06827000,2008-08-05,188.0,Q2
06827000,2008-08-07,3200.0,Q50
06827000,2010-07-03,121.0,Q2
06827000,2010-07-05,559.0,Q5
06827000,2014-07-30,153.0,Q2
06827000,2014-08-28,311.0,Q2
06827000,2015-06-06,660.0,Q5
06827000,2017-05-27,115.0,Q2
06827000,2018-05-29,315.0,Q2
06827000,2018-07-23,334.0,Q2
06827000,2023-05-17,608.0,Q5
06827000,2023-07-01,142.0,Q2
06827500,2009-05-23,91.8,Q2
06827500,2010-08-07,164.0,Q2
06827500,2015-05-27,224.0,Q5
06827500,2016-04-18,62.8,Q2
06827500,2020-07-24,5300.0,Q50
06827500,2021-05-30,74.5,Q2
06827500,2023-05-12,62.4,Q2
06828500,2010-06-13,346.0,Q2
06828500,2013-04-09,435.0,Q2
06828500,2015-05-28,2430.0,Q10
06828500,2016-09-05,249.0,Q2
06828500,2020-07-25,1520.0,Q5
06828500,2023-05-12,1930.0,Q10
06828500,2023-05-19,349.0,Q2
06828500,2023-05-26,12200.0,Q50
06828500,2023-06-29,251.0,Q2
06834000,2008-05-24,442.0,Q2
06834000,2009-04-30,250.0,Q2
06834000,2009-07-18,453.0,Q2
06834000,2011-06-22,508.0,Q2
06834000,2015-08-09,258.0,Q2
06834000,2017-07-30,473.0,Q2
06834000,2017-08-13,243.0,Q2
06834000,2018-07-29,378.0,Q2
06834000,2019-08-14,291.0,Q2
06834000,2021-05-27,377.0,Q2
06834000,2023-05-12,325.0,Q2
06834000,2023-05-26,5100.0,Q100
06835500,2008-06-08,220.0,Q2
06835500,2008-08-09,1670.0,Q10
06835500,2010-06-13,707.0,Q5
06835500,2010-06-23,273.0,Q2
06835500,2011-06-23,317.0,Q2
06835500,2018-07-17,452.0,Q2
06835500,2018-07-29,487.0,Q2
06835500,2019-08-11,405.0,Q2
06835500,2023-05-13,219.0,Q2
06835500,2023-05-26,3600.0,Q50
06835500,2023-09-22,301.0,Q2
06836500,2008-05-24,803.0,Q5
06836500,2010-08-05,173.0,Q2
06836500,2015-06-06,268.0,Q2
06836500,2015-08-04,306.0,Q2
06836500,2016-04-17,373.0,Q2
06836500,2016-09-04,409.0,Q2
06836500,2018-07-29,1050.0,Q10
06836500,2021-05-27,142.0,Q2
06836500,2023-05-14,307.0,Q2
06836500,2023-05-26,3090.0,Q50
06837000,2008-05-24,1330.0,Q10
06837000,2008-08-10,1460.0,Q10
06837000,2014-06-10,294.0,Q2
06837000,2015-08-05,386.0,Q2
06837000,2016-04-17,702.0,Q2
06837000,2016-05-27,360.0,Q2
06837000,2016-09-04,1050.0,Q5
06837000,2018-06-20,372.0,Q2
06837000,2018-07-19,353.0,Q2
06837000,2018-07-29,1010.0,Q5
06837000,2023-05-14,330.0,Q2
06837000,2023-05-26,4180.0,Q50
06838000,2008-05-23,3900.0,Q100
06838000,2008-08-09,397.0,Q5
06838000,2009-11-07,371.0,Q5
06838000,2010-03-12,144.0,Q2
06838000,2010-06-14,378.0,Q5
06838000,2011-06-24,126.0,Q2
06838000,2013-04-10,128.0,Q2
06838000,2015-07-24,135.0,Q2
06838000,2016-05-27,142.0,Q2
06838000,2018-06-20,463.0,Q5
06838000,2023-05-12,224.0,Q2
06838000,2023-05-27,766.0,Q10
06843500,2008-05-25,5210.0,Q50
06843500,2008-08-12,667.0,Q2
06843500,2010-03-10,634.0,Q2
06843500,2016-04-18,563.0,Q2
06843500,2016-09-05,692.0,Q2
06843500,2019-03-13,870.0,Q2
06843500,2019-06-21,1300.0,Q5
06843500,2019-07-10,1820.0,Q5
06843500,2023-05-28,3700.0,Q25
06844500,2008-05-26,9680.0,Q25
06844500,2008-08-24,2420.0,Q2
06844500,2010-06-22,1390.0,Q2
06844500,2011-05-26,2380.0,Q2
06844500,2011-10-09,1290.0,Q2
06844500,2014-06-25,1220.0,Q2
06844500,2016-05-29,1180.0,Q2
06844500,2019-03-15,5110.0,Q10
06844500,2019-06-22,2230.0,Q2
06844500,2019-07-10,9980.0,Q25
06844500,2019-08-26,1180.0,Q2
06844500,2021-07-26,2290.0,Q2
06844500,2021-08-23,1800.0,Q2
06844500,2023-05-30,1940.0,Q2
06845110,2008-05-24,994.0,Q10
06845110,2009-05-27,103.0,Q2
06845110,2010-06-14,145.0,Q2
06845110,2010-06-22,506.0,Q5
06845110,2014-05-24,794.0,Q10
06845110,2014-06-10,104.0,Q2
06845110,2018-07-30,371.0,Q5
06845110,2019-03-14,237.0,Q2
06845110,2019-05-27,371.0,Q5
06845110,2019-06-21,368.0,Q5
06845110,2019-07-09,382.0,Q5
06845110,2021-05-27,148.0,Q2
06845110,2023-05-29,219.0,Q2
06845110,2023-08-26,248.0,Q2
06845110,2023-09-22,381.0,Q5
06845110,2024-05-13,124.0,Q2
06845110,2024-06-01,158.0,Q2
06845110,2024-07-04,243.0,Q2
06846500,2008-05-23,817.0,Q10
06846500,2009-05-26,82.4,Q2
06846500,2009-06-15,248.0,Q2
06846500,2010-07-21,357.0,Q5
06846500,2015-08-16,47.5,Q2
06846500,2017-05-10,68.8,Q2
06846500,2017-07-03,43.4,Q2
06846500,2018-07-17,92.9,Q2
06846500,2018-07-29,79.9,Q2
06846500,2019-06-09,92.9,Q2
06846500,2019-06-21,55.7,Q2
06846500,2019-08-13,516.0,Q5
06846500,2022-06-08,213.0,Q2
06846500,2023-05-12,269.0,Q2
06846500,2023-05-28,254.0,Q2
06846500,2024-05-19,49.8,Q2
06847000,2017-05-17,14.8,Q2
06847000,2017-08-16,36.6,Q5
06847000,2018-09-05,13.2,Q2
06847000,2019-03-13,25.2,Q2
06847000,2019-06-21,21.7,Q2
06847000,2019-07-09,19.0,Q2
06847000,2023-06-29,96.5,Q25
06847000,2023-07-15,22.3,Q2
06847500,2008-05-25,502.0,Q2
06847500,2008-08-24,295.0,Q2
06847500,2008-10-23,248.0,Q2
06847500,2009-07-24,470.0,Q2
06847500,2010-06-22,960.0,Q10
06847500,2011-06-21,376.0,Q2
06847500,2011-10-10,387.0,Q2
06847500,2012-07-08,258.0,Q2
06847500,2019-03-15,492.0,Q2
06847500,2019-05-27,1650.0,Q50
06847500,2019-06-18,255.0,Q2
06847500,2019-06-21,383.0,Q2
06847500,2019-07-10,717.0,Q5
06847500,2020-05-25,402.0,Q2
06847500,2021-05-29,275.0,Q2
06847900,2008-05-24,1840.0,Q10
06847900,2010-06-12,1290.0,Q5
06847900,2010-06-22,390.0,Q2
06847900,2011-08-10,244.0,Q2
06847900,2015-06-15,295.0,Q2
06847900,2016-08-27,352.0,Q2
06847900,2016-09-04,2140.0,Q10
06847900,2016-09-16,270.0,Q2
06847900,2018-05-20,247.0,Q2
06847900,2018-07-01,289.0,Q2
06847900,2018-07-27,488.0,Q2
06847900,2019-05-27,1110.0,Q5
06847900,2019-08-15,260.0,Q2
06847900,2022-06-08,255.0,Q2
06847900,2023-05-13,492.0,Q2
06847900,2023-07-01,283.0,Q2
06848500,2008-10-23,723.0,Q2
06848500,2010-04-24,1250.0,Q5
06848500,2010-06-13,1140.0,Q5
06848500,2010-06-23,960.0,Q2
06848500,2011-10-10,1290.0,Q5
06848500,2016-08-01,641.0,Q2
06848500,2016-09-04,680.0,Q2
06848500,2019-03-14,984.0,Q2
06848500,2019-05-27,3450.0,Q50
06848500,2019-06-21,935.0,Q2
06848500,2019-07-09,1840.0,Q10
06848500,2020-05-25,771.0,Q2
06848500,2021-05-28,610.0,Q2
06848500,2024-06-01,1230.0,Q5
06853800,2008-05-24,2620.0,Q2
06853800,2008-10-23,2520.0,Q2
06853800,2010-06-22,1860.0,Q2
06853800,2011-05-21,5150.0,Q10
06853800,2011-05-25,6660.0,Q10
06853800,2011-06-02,5020.0,Q10
06853800,2011-06-18,1520.0,Q2
06853800,2015-05-07,7400.0,Q25
06853800,2018-06-21,2270.0,Q2
06853800,2019-05-28,1630.0,Q2
06853800,2019-07-09,2040.0,Q2
06853800,2020-07-28,2180.0,Q2
06853800,2024-05-31,1810.0,Q2
06860000,2009-09-08,273.0,Q2
06860000,2010-06-21,4090.0,Q5
06860000,2011-10-08,1950.0,Q5
06860000,2013-08-08,2350.0,Q5
06860000,2014-06-29,10400.0,Q10
06860000,2019-09-10,4780.0,Q10
06860000,2021-05-18,415.0,Q2
06861000,2009-09-09,599.0,Q2
06861000,2010-04-23,2970.0,Q10
06861000,2010-05-20,2710.0,Q10
06861000,2010-05-26,660.0,Q2
06861000,2011-06-13,364.0,Q2
06861000,2012-08-25,379.0,Q2
06861000,2014-06-30,3110.0,Q10
06861000,2015-07-20,335.0,Q2
06861000,2015-07-27,366.0,Q2
06861000,2018-05-29,2870.0,Q10
06861000,2018-06-19,3710.0,Q25
06861000,2018-07-05,1530.0,Q5
06861000,2019-05-27,642.0,Q2
06861000,2019-06-09,825.0,Q2
06861000,2019-08-14,534.0,Q2
06862700,2008-05-06,1300.0,Q2
06862700,2008-05-26,553.0,Q2
06862700,2010-08-24,2910.0,Q5
06862700,2014-06-12,851.0,Q2
06862700,2014-07-10,2350.0,Q2
06862700,2016-04-17,2860.0,Q5
06862700,2016-05-28,323.0,Q2
06862700,2018-09-04,2390.0,Q5
06862700,2018-10-09,2820.0,Q5
06862700,2018-12-27,428.0,Q2
06862700,2019-05-09,378.0,Q2
06862700,2019-05-21,4120.0,Q5
06862700,2019-08-25,1570.0,Q2
06862700,2019-09-22,2070.0,Q2
06862700,2020-02-24,380.0,Q2
06862700,2020-08-29,669.0,Q2
06862700,2021-08-16,1470.0,Q2
06862700,2023-08-09,530.0,Q2
06862850,2008-05-06,1140.0,Q2
06862850,2008-05-26,762.0,Q2
06862850,2010-08-24,2190.0,Q5
06862850,2014-06-12,519.0,Q2
06862850,2014-07-10,1970.0,Q5
06862850,2016-04-17,2590.0,Q5
06862850,2018-09-04,1740.0,Q2
06862850,2018-10-10,3000.0,Q5
06862850,2018-12-27,491.0,Q2
06862850,2019-03-10,384.0,Q2
06862850,2019-05-09,452.0,Q2
06862850,2019-05-22,3540.0,Q5
06862850,2019-08-25,2190.0,Q5
06862850,2019-09-22,1630.0,Q2
06862850,2020-02-24,341.0,Q2
06862850,2020-08-29,621.0,Q2
06862850,2021-05-27,428.0,Q2
06862850,2021-08-16,1130.0,Q2
06862850,2023-08-09,507.0,Q2
06863000,2008-05-08,1050.0,Q2
06863000,2008-05-26,4640.0,Q5
06863000,2010-05-26,1170.0,Q2
06863000,2010-08-24,3080.0,Q2
06863000,2011-05-25,5090.0,Q5
06863000,2013-08-04,2050.0,Q2
06863000,2014-07-10,1210.0,Q2
06863000,2016-04-19,1480.0,Q2
06863000,2018-08-13,1040.0,Q2
06863000,2018-08-19,1440.0,Q2
06863000,2018-09-04,1450.0,Q2
06863000,2018-10-10,3870.0,Q2
06863000,2019-05-09,1100.0,Q2
06863000,2019-05-24,7190.0,Q5
06863000,2019-08-25,4140.0,Q2
06863000,2019-09-23,2350.0,Q2
06863000,2020-07-28,2050.0,Q2
06863000,2021-05-18,1250.0,Q2
06863000,2021-07-19,2030.0,Q2
06863500,2008-05-25,928.0,Q2
06863500,2010-06-08,1030.0,Q2
06863500,2010-09-15,1210.0,Q2
06863500,2013-07-28,877.0,Q2
06863500,2014-06-13,987.0,Q2
06863500,2014-09-23,797.0,Q2
06863500,2016-04-18,1950.0,Q5
06863500,2016-06-19,668.0,Q2
06863500,2016-09-04,2380.0,Q10
06863500,2017-04-12,1360.0,Q2
06863500,2018-05-31,2550.0,Q10
06863500,2018-07-06,1730.0,Q5
06863500,2018-10-10,935.0,Q2
06863500,2019-05-22,1150.0,Q2
06863500,2019-08-18,970.0,Q2
06863500,2019-08-25,2480.0,Q10
06863500,2021-05-26,1230.0,Q2
06864000,2012-04-15,1280.0,Q2
06864000,2013-08-05,2050.0,Q2
06864000,2014-06-23,1390.0,Q2
06864000,2014-06-28,2040.0,Q2
06864000,2014-07-11,1310.0,Q2
06864000,2016-04-19,2710.0,Q2
06864000,2016-09-05,4000.0,Q2
06864000,2017-04-14,1200.0,Q2
06864000,2017-05-01,1930.0,Q2
06864000,2018-06-02,2160.0,Q2
06864000,2018-08-14,1410.0,Q2
06864000,2018-08-20,2650.0,Q2
06864000,2018-09-05,1640.0,Q2
06864000,2018-10-10,8590.0,Q10
06864000,2019-03-11,2240.0,Q2
06864000,2019-05-09,2410.0,Q2
06864000,2019-05-25,10400.0,Q10
06864000,2019-08-26,8580.0,Q10
06864000,2019-09-23,2090.0,Q2
06864000,2020-06-22,2590.0,Q2
06864000,2020-07-28,1610.0,Q2
06864000,2021-03-24,1180.0,Q2
06864000,2021-05-20,1330.0,Q2
06864000,2021-05-27,4910.0,Q5
06864500,2008-05-27,5520.0,Q2
06864500,2008-06-12,9740.0,Q2
06864500,2008-08-25,8530.0,Q2
06864500,2008-10-15,6880.0,Q2
06864500,2011-05-26,6210.0,Q2
06864500,2016-08-31,5620.0,Q2
06864500,2017-05-20,9000.0,Q2
06864500,2018-09-04,5600.0,Q2
06864500,2018-10-10,18200.0,Q10
06864500,2018-12-01,5330.0,Q2
06864500,2019-03-10,4750.0,Q2
06864500,2019-05-08,9320.0,Q2
06864500,2019-05-26,14000.0,Q5
06864500,2019-08-25,10100.0,Q2
06864500,2020-05-25,5280.0,Q2
06864500,2020-06-22,14900.0,Q5
06864500,2021-05-27,6850.0,Q2
06864500,2024-05-20,10300.0,Q2
06865500,2008-05-29,1610.0,Q2
06865500,2008-06-13,2200.0,Q2
06865500,2008-08-10,1980.0,Q2
06865500,2008-08-26,1740.0,Q2
06865500,2008-10-17,1930.0,Q2
06865500,2010-04-06,2040.0,Q2
06865500,2013-08-09,1290.0,Q2
06865500,2014-06-30,1260.0,Q2
06865500,2016-06-03,1960.0,Q2
06865500,2016-09-02,1310.0,Q2
06865500,2017-05-30,1810.0,Q2
06865500,2018-10-23,2830.0,Q5
06865500,2018-12-27,2170.0,Q2
06865500,2019-03-15,2370.0,Q2
06865500,2019-06-14,3910.0,Q10
06865500,2019-09-01,2560.0,Q2
06865500,2019-10-04,1320.0,Q2
06865500,2020-02-26,1230.0,Q2
06865500,2020-06-02,1260.0,Q2
06865500,2020-06-24,2300.0,Q2
06865500,2020-09-30,1340.0,Q2
06865500,2021-03-22,1250.0,Q2
06865500,2021-04-29,1700.0,Q2
06865500,2021-05-30,2900.0,Q5
06865500,2021-09-06,1560.0,Q2
06865500,2022-06-10,1450.0,Q2
06866500,2009-04-27,5380.0,Q5
06866500,2009-06-22,2250.0,Q2
06866500,2010-06-14,2190.0,Q2
06866500,2013-07-30,5590.0,Q5
06866500,2013-08-05,2240.0,Q2
06866500,2014-06-11,3060.0,Q2
06866500,2014-09-02,2740.0,Q2
06866500,2015-05-27,3690.0,Q2
06866500,2016-05-28,3970.0,Q2
06866500,2016-07-04,2330.0,Q2
06866500,2016-09-01,2210.0,Q2
06866500,2018-10-10,3720.0,Q2
06866500,2018-10-26,2630.0,Q2
06866500,2019-03-14,2500.0,Q2
06866500,2019-06-24,6740.0,Q10
06866500,2019-08-31,2500.0,Q2
06866500,2021-05-28,2970.0,Q2
06866900,2008-05-25,520.0,Q2
06866900,2009-05-27,1050.0,Q2
06866900,2009-06-21,527.0,Q2
06866900,2010-04-23,1300.0,Q2
06866900,2011-10-10,673.0,Q2
06866900,2016-05-24,3870.0,Q5
06866900,2016-09-04,584.0,Q2
06866900,2016-09-07,345.0,Q2
06866900,2017-05-13,548.0,Q2
06866900,2017-05-27,715.0,Q2
06866900,2017-08-11,417.0,Q2
06866900,2017-10-03,4330.0,Q5
06866900,2018-05-29,35100.0,Q50
06866900,2018-07-06,1780.0,Q2
06866900,2018-09-06,398.0,Q2
06866900,2019-05-27,1610.0,Q2
06866900,2019-08-14,597.0,Q2
06866900,2019-08-25,2770.0,Q5
06866900,2019-08-31,390.0,Q2
06867000,2008-05-25,1770.0,Q2
06867000,2008-08-09,4190.0,Q5
06867000,2008-09-12,1890.0,Q2
06867000,2008-10-15,1530.0,Q2
06867000,2008-10-24,1660.0,Q2
06867000,2016-05-25,3310.0,Q2
06867000,2016-09-09,3570.0,Q5
06867000,2017-04-14,1400.0,Q2
06867000,2017-05-01,1920.0,Q2
06867000,2017-05-20,1560.0,Q2
06867000,2017-05-28,1090.0,Q2
06867000,2017-10-06,1360.0,Q2
06867000,2018-05-31,10300.0,Q10
06867000,2018-10-10,3520.0,Q5
06867000,2018-12-02,1420.0,Q2
06867000,2018-12-27,1370.0,Q2
06867000,2019-03-10,1500.0,Q2
06867000,2019-05-08,1960.0,Q2
06867000,2019-05-24,4900.0,Q5
06867000,2019-08-27,5780.0,Q5
06867000,2021-05-17,4940.0,Q5
06867000,2021-05-27,3650.0,Q5
06867000,2022-06-06,1180.0,Q2
06868200,2008-09-07,485.0,Q2
06868200,2008-09-26,544.0,Q2
06868200,2008-10-21,816.0,Q2
06868200,2008-10-31,1190.0,Q2
06868200,2009-10-15,591.0,Q2
06868200,2010-04-29,495.0,Q2
06868200,2011-06-01,1310.0,Q2
06868200,2016-09-20,845.0,Q2
06868200,2017-05-12,829.0,Q2
06868200,2017-05-30,1030.0,Q2
06868200,2017-07-05,427.0,Q2
06868200,2018-06-02,1050.0,Q2
06868200,2018-09-05,506.0,Q2
06868200,2018-10-16,1150.0,Q2
06868200,2018-12-02,1010.0,Q2
06868200,2019-03-19,1130.0,Q2
06868200,2019-05-17,907.0,Q2
06868200,2019-06-15,1320.0,Q2
06868200,2019-08-15,1250.0,Q2
06868200,2019-08-29,1320.0,Q2
06868200,2019-12-30,407.0,Q2
06868200,2020-02-25,514.0,Q2
06868200,2020-07-30,532.0,Q2
06868200,2020-08-04,507.0,Q2
06868200,2021-03-29,557.0,Q2
06868200,2021-05-28,1230.0,Q2
06868200,2021-10-13,525.0,Q2
06868200,2022-06-09,873.0,Q2
06869500,2008-06-13,3090.0,Q2
06869500,2008-08-10,2070.0,Q2
06869500,2008-08-27,2520.0,Q2
06869500,2008-09-15,2240.0,Q2
06869500,2008-10-17,2410.0,Q2
06869500,2011-05-22,4080.0,Q5
06869500,2011-05-28,5380.0,Q10
06869500,2011-06-04,5040.0,Q10
06869500,2016-05-28,3620.0,Q2
06869500,2016-09-02,2760.0,Q2
06869500,2016-09-07,2070.0,Q2
06869500,2017-04-17,2230.0,Q2
06869500,2017-05-21,3500.0,Q2
06869500,2018-10-11,3410.0,Q2
06869500,2018-12-04,2850.0,Q2
06869500,2019-03-12,2100.0,Q2
06869500,2019-05-09,3550.0,Q2
06869500,2019-05-23,4800.0,Q5
06869500,2019-06-10,2220.0,Q2
06869500,2019-08-27,2810.0,Q2
06869500,2020-05-26,2360.0,Q2
06869500,2020-06-22,2190.0,Q2
06869500,2020-07-16,2120.0,Q2
06869500,2020-07-31,3190.0,Q2
06869500,2021-05-17,4320.0,Q5
06869500,2021-05-28,3570.0,Q2
06869500,2022-05-27,2480.0,Q2
06869500,2022-06-07,3230.0,Q2
06869950,2008-06-12,2690.0,Q2
06869950,2008-09-24,2600.0,Q2
06869950,2011-06-02,2710.0,Q2
06869950,2013-08-14,2620.0,Q2
06869950,2014-06-10,4680.0,Q5
06869950,2015-06-05,3120.0,Q2
06869950,2016-05-27,3170.0,Q2
06869950,2017-05-19,3060.0,Q2
06869950,2018-10-10,2660.0,Q2
06869950,2019-05-08,9450.0,Q50
06869950,2019-05-22,6370.0,Q10
06869950,2019-06-23,4560.0,Q5
06869950,2020-05-25,4790.0,Q5
06869950,2021-05-27,2990.0,Q2
06870300,2008-02-17,891.0,Q2
06870300,2008-03-03,967.0,Q2
06870300,2008-04-24,1000.0,Q2
06870300,2008-05-27,1090.0,Q2
06870300,2008-06-06,1330.0,Q2
06870300,2008-09-13,940.0,Q2
06870300,2008-10-15,1750.0,Q2
06870300,2009-04-27,4620.0,Q10
06870300,2009-05-08,1000.0,Q2
06870300,2009-06-21,1810.0,Q2
06870300,2010-06-14,1010.0,Q2
06870300,2010-07-05,1040.0,Q2
06870300,2010-07-21,891.0,Q2
06870300,2017-03-29,1830.0,Q2
06870300,2017-04-05,1850.0,Q2
06870300,2017-05-20,1120.0,Q2
06870300,2017-06-30,1420.0,Q2
06870300,2018-10-09,1080.0,Q2
06870300,2018-12-27,1570.0,Q2
06870300,2019-05-08,2450.0,Q5
06870300,2019-05-22,2390.0,Q5
06870300,2019-05-26,1290.0,Q2
06870300,2019-06-23,2590.0,Q5
06870300,2019-07-04,3390.0,Q5
06870300,2019-08-08,1600.0,Q2
06870300,2020-05-25,1610.0,Q2
06870300,2021-05-27,2770.0,Q5
06870300,2022-05-26,1280.0,Q2
06870300,2022-06-04,1830.0,Q2
06870300,2024-06-09,1890.0,Q2
06871000,2008-05-23,3240.0,Q5
06871000,2008-05-30,889.0,Q2
06871000,2008-08-24,2070.0,Q2
06871000,2008-10-22,1490.0,Q2
06871000,2009-06-11,4350.0,Q5
06871000,2009-06-15,886.0,Q2
06871000,2009-08-02,1080.0,Q2
06871000,2010-04-24,2600.0,Q2
06871000,2010-06-12,1150.0,Q2
06871000,2011-10-10,847.0,Q2
06871000,2014-08-28,1650.0,Q2
06871000,2016-09-05,11000.0,Q25
06871000,2017-10-03,4580.0,Q5
06871000,2018-05-28,1170.0,Q2
06871000,2019-05-28,2850.0,Q5
06871500,2008-05-24,6090.0,Q5
06871500,2008-05-30,5660.0,Q5
06871500,2008-08-24,949.0,Q2
06871500,2008-10-22,1330.0,Q2
06871500,2009-06-11,3460.0,Q2
06871500,2010-04-25,1190.0,Q2
06871500,2010-06-19,8510.0,Q10
06871500,2014-08-28,9890.0,Q10
06871500,2015-07-25,1270.0,Q2
06871500,2016-09-05,6290.0,Q5
06871500,2017-10-03,1400.0,Q2
06871500,2018-05-29,1560.0,Q2
06871500,2019-05-28,867.0,Q2
06871500,2022-06-05,1230.0,Q2
06872500,2008-05-25,23800.0,Q25
06872500,2008-05-30,4180.0,Q2
06872500,2008-06-08,2780.0,Q2
06872500,2008-08-24,3770.0,Q2
06872500,2008-10-23,6990.0,Q5
06872500,2009-06-15,3000.0,Q2
06872500,2010-06-14,4570.0,Q2
06872500,2010-06-21,9760.0,Q5
06872500,2010-07-17,3370.0,Q2
06872500,2010-07-21,7740.0,Q5
06872500,2011-05-20,6190.0,Q5
06872500,2011-05-25,7090.0,Q5
06872500,2011-06-02,8500.0,Q5
06872500,2017-10-04,3790.0,Q2
06872500,2019-03-14,3560.0,Q2
06872500,2019-05-29,3980.0,Q2
06872500,2019-07-10,3710.0,Q2
06872500,2019-08-25,3340.0,Q2
06872500,2021-05-27,2310.0,Q2
06873000,2008-05-25,1320.0,Q2
06873000,2008-05-30,1600.0,Q2
06873000,2008-08-09,1030.0,Q2
06873000,2009-06-11,1330.0,Q2
06873000,2009-06-15,3120.0,Q2
06873000,2010-04-23,2990.0,Q2
06873000,2014-06-09,2770.0,Q2
06873000,2016-05-25,2010.0,Q2
06873000,2016-09-04,8060.0,Q10
06873000,2016-09-16,1340.0,Q2
06873000,2017-10-03,3330.0,Q2
06873000,2018-05-29,15900.0,Q25
06873000,2018-07-01,8400.0,Q10
06873000,2019-05-27,2280.0,Q2
06873000,2019-08-14,1910.0,Q2
06873000,2019-08-26,2460.0,Q2
06873000,2019-08-30,3340.0,Q2
06873000,2021-05-27,895.0,Q2
06873000,2023-05-27,986.0,Q2
06873460,2008-05-25,3560.0,Q5
06873460,2008-05-31,1430.0,Q2
06873460,2008-08-10,1090.0,Q2
06873460,2008-08-25,1560.0,Q2
06873460,2008-10-23,1770.0,Q2
06873460,2009-06-11,2070.0,Q2
06873460,2009-06-15,1470.0,Q2
06873460,2010-06-20,4180.0,Q5
06873460,2011-06-02,1490.0,Q2
06873460,2016-09-05,1310.0,Q2
06873460,2018-05-30,1000.0,Q2
06873460,2018-12-28,927.0,Q2
06873460,2019-03-10,1020.0,Q2
06873460,2019-05-28,1830.0,Q2
06873460,2019-08-26,2120.0,Q2
06873460,2019-10-26,825.0,Q2
06873460,2020-07-30,1020.0,Q2
06873460,2021-05-16,3070.0,Q5
06873460,2022-06-06,2150.0,Q2
06874000,2008-05-26,2320.0,Q2
06874000,2008-08-25,6640.0,Q5
06874000,2008-10-24,4000.0,Q2
06874000,2009-06-12,1540.0,Q2
06874000,2010-06-21,3960.0,Q2
06874000,2010-09-15,2420.0,Q2
06874000,2011-05-25,3960.0,Q2
06874000,2011-06-02,5600.0,Q5
06874000,2014-06-02,1570.0,Q2
06874000,2016-07-31,1580.0,Q2
06874000,2016-08-25,2180.0,Q2
06874000,2016-08-31,2470.0,Q2
06874000,2016-09-05,1800.0,Q2
06874000,2017-05-20,2050.0,Q2
06874000,2019-03-10,1590.0,Q2
06874000,2019-05-29,2550.0,Q2
06874000,2019-08-25,9600.0,Q10
06874000,2020-07-31,3380.0,Q2
06874000,2021-05-17,4080.0,Q2
06874000,2022-06-07,1580.0,Q2
06875900,2008-07-09,1770.0,Q2
06875900,2008-10-23,2130.0,Q2
06875900,2010-07-21,3680.0,Q5
06875900,2011-06-02,6100.0,Q10
06875900,2011-07-07,2540.0,Q2
06875900,2014-08-10,1740.0,Q2
06875900,2015-05-08,2180.0,Q2
06875900,2018-10-10,2030.0,Q2
06875900,2019-03-24,2770.0,Q2
06875900,2019-06-22,3390.0,Q2
06875900,2019-07-26,2150.0,Q2
06875900,2019-08-25,4050.0,Q5
06875900,2019-09-22,3830.0,Q5
06875900,2020-06-27,2370.0,Q2
06875900,2020-07-27,2650.0,Q2
06875900,2020-08-06,2650.0,Q2
06875900,2021-05-28,3380.0,Q2
06876700,2009-08-26,1270.0,Q2
06876700,2010-04-25,1180.0,Q2
06876700,2010-07-05,1400.0,Q2
06876700,2010-09-15,1110.0,Q2
06876700,2011-06-03,3600.0,Q10
06876700,2016-05-29,1770.0,Q2
06876700,2016-09-05,1280.0,Q2
06876700,2017-05-22,2860.0,Q10
06876700,2018-05-02,1300.0,Q2
06876700,2018-10-10,1270.0,Q2
06876700,2018-12-03,1090.0,Q2
06876700,2019-03-12,1050.0,Q2
06876700,2019-05-10,1760.0,Q2
06876700,2019-05-24,2830.0,Q10
06876700,2020-07-15,1120.0,Q2
06876700,2020-08-02,1130.0,Q2
06876900,2008-09-14,4790.0,Q2
06876900,2010-07-06,6690.0,Q2
06876900,2011-06-06,10200.0,Q5
06876900,2016-05-28,9420.0,Q5
06876900,2017-05-23,7710.0,Q2
06876900,2018-05-04,5420.0,Q2
06876900,2018-09-06,5070.0,Q2
06876900,2018-10-11,6920.0,Q2
06876900,2018-12-04,6120.0,Q2
06876900,2018-12-28,5430.0,Q2
06876900,2019-03-15,5090.0,Q2
06876900,2019-05-09,9440.0,Q5
06876900,2019-05-24,9870.0,Q5
06876900,2019-06-25,5170.0,Q2
06876900,2019-07-05,6740.0,Q2
06876900,2019-08-03,7440.0,Q2
06876900,2020-06-30,6290.0,Q2
06876900,2020-07-30,6400.0,Q2
06876900,2021-05-16,5730.0,Q2
06877600,2009-04-29,11900.0,Q2
06877600,2011-06-08,13800.0,Q2
06877600,2013-08-02,21300.0,Q5
06877600,2014-06-12,11100.0,Q2
06877600,2015-12-14,14800.0,Q2
06877600,2016-05-29,16600.0,Q2
06877600,2017-05-22,12600.0,Q2
06877600,2018-10-12,14300.0,Q2
06877600,2019-03-15,10600.0,Q2
06877600,2019-07-06,30700.0,Q25
06877600,2019-08-02,13200.0,Q2
06877600,2019-08-12,10300.0,Q2
06877600,2020-05-27,12100.0,Q2
06877600,2020-07-31,10600.0,Q2
06877600,2021-05-17,12000.0,Q2
06877600,2021-05-29,10700.0,Q2
06878000,2011-06-02,10800.0,Q25
06878000,2012-04-16,4180.0,Q2
06878000,2013-08-03,5760.0,Q2
06878000,2015-12-14,5930.0,Q2
06878000,2016-05-28,3630.0,Q2
06878000,2017-03-30,3540.0,Q2
06878000,2017-05-19,6750.0,Q5
06878000,2018-10-09,4860.0,Q2
06878000,2019-05-08,5100.0,Q2
06878000,2019-05-22,5640.0,Q2
06878000,2019-06-23,4800.0,Q2
06878000,2020-05-25,6310.0,Q5
06879650,2008-06-02,1030.0,Q2
06879650,2009-04-26,2850.0,Q2
06879650,2009-06-21,1700.0,Q2
06879650,2011-06-02,768.0,Q2
06879650,2014-04-27,975.0,Q2
06879650,2016-04-26,6500.0,Q10
06879650,2016-05-27,826.0,Q2
06879650,2019-05-08,1500.0,Q2
06879650,2019-05-25,3540.0,Q5
06879650,2019-06-23,1760.0,Q2
06879650,2019-08-30,4280.0,Q5
06879650,2020-05-25,2070.0,Q2
06879650,2021-05-16,1280.0,Q2
06879650,2022-06-21,1210.0,Q2
06879650,2022-06-24,1550.0,Q2
06879650,2024-04-25,785.0,Q2
06880800,2008-06-25,2330.0,Q2
06880800,2008-07-22,2890.0,Q2
06880800,2008-10-24,2890.0,Q2
06880800,2010-03-10,2080.0,Q2
06880800,2010-06-25,3550.0,Q2
06880800,2014-05-13,2650.0,Q2
06880800,2014-06-05,2020.0,Q2
06880800,2014-09-01,4620.0,Q5
06880800,2015-05-08,2460.0,Q2
06880800,2015-06-08,9910.0,Q25
06880800,2016-05-29,2510.0,Q2
06880800,2019-03-14,6850.0,Q10
06880800,2019-05-30,6170.0,Q5
06880800,2019-06-27,2150.0,Q2
06880800,2019-07-23,2030.0,Q2
06880800,2019-08-30,4500.0,Q5
06880800,2021-03-15,2120.0,Q2
06881000,2008-06-09,10300.0,Q5
06881000,2008-07-16,6820.0,Q2
06881000,2010-06-26,6510.0,Q2
06881000,2013-05-30,6170.0,Q2
06881000,2014-05-14,6530.0,Q2
06881000,2014-08-31,6700.0,Q2
06881000,2015-05-07,8560.0,Q2
06881000,2015-06-12,12200.0,Q5
06881000,2016-05-30,7610.0,Q2
06881000,2019-03-15,22300.0,Q100
06881000,2019-05-30,9760.0,Q5
06881000,2021-03-16,6760.0,Q2
06881380,2008-06-05,7330.0,Q2
06881380,2011-05-22,6480.0,Q2
06881380,2013-05-30,6890.0,Q2
06881380,2015-05-07,29300.0,Q50
06881380,2015-06-05,14300.0,Q10
06881380,2016-05-10,4700.0,Q2
06881380,2017-05-21,5600.0,Q2
06881380,2018-09-06,4840.0,Q2
06881380,2018-12-02,4430.0,Q2
06881380,2019-03-14,8720.0,Q5
06881380,2019-05-29,5820.0,Q2
06881380,2019-10-03,7840.0,Q2
06881380,2020-06-19,4040.0,Q2
06881380,2021-03-15,6070.0,Q2
06882000,2008-04-25,18100.0,Q2
06882000,2008-06-07,13800.0,Q2
06882000,2008-07-18,17800.0,Q2
06882000,2010-06-02,12700.0,Q2
06882000,2015-05-08,33500.0,Q25
06882000,2015-06-06,29600.0,Q10
06882000,2015-12-14,12600.0,Q2
06882000,2017-05-20,12900.0,Q2
06882000,2018-09-05,18800.0,Q2
06882000,2018-12-01,15400.0,Q2
06882000,2019-03-17,25700.0,Q5
06882000,2019-05-24,20900.0,Q5
06882000,2020-06-19,20400.0,Q2
06882510,2008-04-25,17200.0,Q2
06882510,2008-07-18,17200.0,Q2
06882510,2010-06-02,18700.0,Q2
06882510,2010-06-21,18800.0,Q2
06882510,2010-07-04,19500.0,Q2
06882510,2015-05-09,34400.0,Q10
06882510,2015-06-06,39600.0,Q25
06882510,2015-12-14,23500.0,Q5
06882510,2016-05-11,16700.0,Q2
06882510,2016-05-28,17500.0,Q2
06882510,2017-10-07,15600.0,Q2
06882510,2018-09-05,22500.0,Q2
06882510,2018-10-08,22500.0,Q2
06882510,2018-12-01,22500.0,Q2
06882510,2019-03-18,23700.0,Q5
06882510,2019-05-08,15300.0,Q2
06882510,2019-05-29,23600.0,Q5
06882510,2019-06-23,17900.0,Q2
06882510,2019-08-26,18600.0,Q2
06882510,2020-06-20,22100.0,Q2
06882510,2020-07-27,16100.0,Q2
06882510,2020-07-29,14900.0,Q2
06882510,2022-05-26,17500.0,Q2
06884025,2008-05-30,12400.0,Q2
06884025,2008-06-05,13300.0,Q2
06884025,2008-07-18,15800.0,Q2
06884025,2008-10-23,12900.0,Q2
06884025,2010-06-22,13800.0,Q2
06884025,2015-05-07,59200.0,Q50
06884025,2015-06-06,25000.0,Q5
06884025,2015-06-15,13700.0,Q2
06884025,2016-05-28,11200.0,Q2
06884025,2017-05-20,14600.0,Q2
06884025,2018-09-05,14300.0,Q2
06884025,2018-12-02,12700.0,Q2
06884025,2019-03-14,16900.0,Q2
06884025,2019-05-24,11100.0,Q2
06884025,2019-05-30,14000.0,Q2
06884025,2019-06-23,12200.0,Q2
06884025,2019-07-12,10200.0,Q2
06884025,2019-10-03,17500.0,Q2
06884025,2020-07-21,10300.0,Q2
06884025,2020-07-28,14200.0,Q2
06884200,2008-08-09,4610.0,Q2
06884200,2010-06-21,10300.0,Q5
06884200,2010-07-04,6140.0,Q2
06884200,2011-06-03,4380.0,Q2
06884200,2015-06-06,7270.0,Q2
06884200,2016-05-27,4100.0,Q2
06884200,2017-05-20,5670.0,Q2
06884200,2018-09-05,4220.0,Q2
06884200,2018-10-09,5100.0,Q2
06884200,2018-12-02,4610.0,Q2
06884200,2019-03-13,7260.0,Q2
06884200,2019-05-25,6740.0,Q2
06884200,2020-07-27,5140.0,Q2
06884200,2021-05-26,4850.0,Q2
06884200,2021-08-13,4030.0,Q2
06884200,2022-05-26,4100.0,Q2
06884200,2022-07-07,4930.0,Q2
06884200,2024-06-16,5590.0,Q2
06884400,2008-06-06,12700.0,Q2
06884400,2008-07-19,14200.0,Q2
06884400,2008-10-24,13800.0,Q2
06884400,2010-06-22,23800.0,Q5
06884400,2010-07-04,12200.0,Q2
06884400,2015-05-08,56000.0,Q50
06884400,2016-05-29,13200.0,Q2
06884400,2017-05-21,19200.0,Q2
06884400,2018-09-05,21600.0,Q5
06884400,2018-12-02,17100.0,Q2
06884400,2019-03-15,22400.0,Q5
06884400,2019-05-25,14700.0,Q2
06884400,2019-05-30,14500.0,Q2
06884400,2019-06-23,14500.0,Q2
06884400,2019-10-03,16700.0,Q2
06884400,2020-07-29,16500.0,Q2
06885500,2008-05-23,8580.0,Q2
06885500,2009-04-27,8910.0,Q2
06885500,2010-06-22,9890.0,Q2
06885500,2013-05-29,11800.0,Q5
06885500,2015-06-05,16200.0,Q10
06885500,2015-06-12,7550.0,Q2
06885500,2015-12-14,9630.0,Q2
06885500,2016-05-27,10400.0,Q2
06885500,2018-12-02,7230.0,Q2
06885500,2019-05-08,17100.0,Q25
06885500,2019-05-24,9600.0,Q2
06885500,2019-06-23,12600.0,Q5
06885500,2019-08-27,7760.0,Q2
06885500,2019-08-30,8200.0,Q2
06885500,2020-07-30,10200.0,Q2
06887000,2008-07-01,20600.0,Q5
06887000,2008-07-20,17100.0,Q2
06887000,2010-08-13,17200.0,Q2
06887000,2011-05-31,15800.0,Q2
06887000,2015-05-09,16300.0,Q2
06887000,2015-06-11,17600.0,Q2
06887000,2015-06-30,22600.0,Q5
06887000,2016-06-09,16200.0,Q2
06887000,2017-05-09,16100.0,Q2
06887000,2018-11-22,14100.0,Q2
06887000,2019-05-31,30000.0,Q25
06887000,2019-07-19,25100.0,Q10
06887000,2019-08-17,13700.0,Q2
06887000,2019-11-12,14900.0,Q2
06887000,2020-08-07,14300.0,Q2
06888000,2008-06-06,5640.0,Q2
06888000,2009-04-27,5530.0,Q2
06888000,2010-06-16,6830.0,Q2
06888000,2010-06-21,6070.0,Q2
06888000,2011-06-02,7550.0,Q2
06888000,2013-04-18,5090.0,Q2
06888000,2015-06-05,14200.0,Q10
06888000,2016-04-27,4940.0,Q2
06888000,2016-05-27,11200.0,Q10
06888000,2016-09-25,5250.0,Q2
06888000,2017-03-30,5910.0,Q2
06888000,2018-10-09,4850.0,Q2
06888000,2018-12-01,5030.0,Q2
06888000,2019-05-08,6570.0,Q2
06888000,2019-06-23,9660.0,Q5
06888000,2019-08-17,5660.0,Q2
06888000,2019-09-22,5220.0,Q2
06888000,2019-10-05,5150.0,Q2
06888000,2024-06-16,4680.0,Q2
06888000,2024-07-01,4860.0,Q2
06888500,2008-07-08,15100.0,Q2
06888500,2009-04-27,25900.0,Q5
06888500,2010-07-05,15300.0,Q2
06888500,2010-07-21,12400.0,Q2
06888500,2014-06-10,15600.0,Q2
06888500,2015-06-05,11200.0,Q2
06888500,2016-04-27,31800.0,Q10
06888500,2016-05-27,22400.0,Q5
06888500,2017-03-29,11900.0,Q2
06888500,2017-04-05,11300.0,Q2
06888500,2019-05-08,17500.0,Q2
06888500,2019-05-21,11900.0,Q2
06888500,2019-05-26,21700.0,Q2
06888500,2019-06-23,17100.0,Q2
06888500,2019-08-16,13300.0,Q2
06888500,2019-08-30,12300.0,Q2
06888500,2021-05-16,35600.0,Q10
06888500,2021-05-27,12800.0,Q2
06888500,2022-05-31,13700.0,Q2
06889200,2009-04-27,10600.0,Q5
06889200,2010-07-05,10800.0,Q5
06889200,2011-06-02,6460.0,Q2
06889200,2015-06-05,13100.0,Q10
06889200,2015-07-06,5260.0,Q2
06889200,2016-04-27,8290.0,Q2
06889200,2016-05-27,11300.0,Q5
06889200,2016-09-14,5630.0,Q2
06889200,2016-09-25,7310.0,Q2
06889200,2017-05-19,6750.0,Q2
06889200,2019-05-09,4950.0,Q2
06889200,2019-05-26,5380.0,Q2
06889200,2019-06-23,10900.0,Q5
06889200,2022-05-31,4450.0,Q2
06889500,2009-04-27,15400.0,Q5
06889500,2010-06-16,8270.0,Q2
06889500,2010-07-05,10400.0,Q2
06889500,2011-05-25,7480.0,Q2
06889500,2011-06-02,12100.0,Q2
06889500,2015-05-24,9880.0,Q2
06889500,2015-06-05,19400.0,Q5
06889500,2015-07-06,11200.0,Q2
06889500,2016-04-26,9970.0,Q2
06889500,2016-05-27,17300.0,Q5
06889500,2016-09-25,16400.0,Q5
06889500,2017-05-19,12900.0,Q2
06889500,2019-05-08,9340.0,Q2
06889500,2019-05-21,11100.0,Q2
06889500,2019-05-26,11500.0,Q2
06889500,2019-06-23,14700.0,Q5
06889500,2019-08-17,10700.0,Q2
06889500,2020-07-30,10100.0,Q2
06889500,2022-05-31,11500.0,Q2
06889500,2024-05-01,7640.0,Q2
06890100,2008-05-22,19600.0,Q2
06890100,2008-06-12,13700.0,Q2
06890100,2009-04-27,16800.0,Q2
06890100,2010-09-22,19000.0,Q2
06890100,2011-08-20,14200.0,Q2
06890100,2013-05-29,35600.0,Q25
06890100,2014-10-09,13300.0,Q2
06890100,2015-05-26,15900.0,Q2
06890100,2015-06-05,20200.0,Q2
06890100,2016-04-27,23600.0,Q5
06890100,2016-05-27,17300.0,Q2
06890100,2016-09-14,22600.0,Q5
06890100,2018-10-09,15000.0,Q2
06890100,2019-03-09,13600.0,Q2
06890100,2019-05-08,16100.0,Q2
06890100,2019-05-29,15200.0,Q2
06890100,2019-08-30,16900.0,Q2
06890100,2020-05-26,14600.0,Q2
06890100,2020-07-30,19100.0,Q2
06890100,2024-06-19,14200.0,Q2
06890900,2008-05-24,10500.0,Q5
06890900,2009-05-05,6890.0,Q2
06890900,2010-07-29,9250.0,Q2
06890900,2010-08-12,6090.0,Q2
06890900,2013-06-05,6320.0,Q2
06890900,2015-05-21,6150.0,Q2
06890900,2015-05-31,8480.0,Q2
06890900,2015-06-09,8580.0,Q2
06890900,2015-06-22,11300.0,Q5
06890900,2016-05-26,7160.0,Q2
06890900,2016-06-04,8210.0,Q2
06890900,2016-09-26,6030.0,Q2
06890900,2017-04-11,7070.0,Q2
06890900,2017-04-24,6040.0,Q2
06890900,2019-05-31,10500.0,Q5
06890900,2019-06-30,6360.0,Q2
06890900,2019-09-06,11300.0,Q5
06890900,2020-08-06,6400.0,Q2
06890900,2022-05-31,6120.0,Q2
06890900,2022-06-03,9870.0,Q5
06890900,2024-07-11,7250.0,Q2
06891260,2009-04-27,7110.0,Q2
06891260,2009-04-30,6020.0,Q2
06891260,2010-05-13,6600.0,Q2
06891260,2014-06-10,6060.0,Q2
06891260,2015-05-24,7040.0,Q2
06891260,2015-06-05,8120.0,Q2
06891260,2016-04-27,9130.0,Q5
06891260,2017-08-22,6190.0,Q2
06891260,2019-05-08,6300.0,Q2
06891260,2019-05-21,6520.0,Q2
06891260,2019-06-23,6540.0,Q2
06891260,2019-08-30,11500.0,Q10
06891260,2020-07-30,5000.0,Q2
06891260,2021-05-17,5060.0,Q2
06891260,2021-05-27,5450.0,Q2
06891260,2023-05-31,5560.0,Q2
06891260,2024-07-01,6380.0,Q2
06891500,2009-04-27,3310.0,Q2
06891500,2009-05-16,4330.0,Q2
06891500,2010-05-20,3500.0,Q2
06891500,2010-06-16,3290.0,Q2
06891500,2015-05-24,3380.0,Q2
06891500,2015-06-05,3250.0,Q2
06891500,2015-06-10,3950.0,Q2
06891500,2015-06-26,2970.0,Q2
06891500,2016-05-05,3130.0,Q2
06891500,2016-05-27,5310.0,Q5
06891500,2016-06-02,3510.0,Q2
06891500,2017-08-22,5170.0,Q5
06891500,2019-04-30,3160.0,Q2
06891500,2019-05-21,3060.0,Q2
06891500,2019-06-23,4140.0,Q2
06891500,2019-07-21,3010.0,Q2
06891500,2019-08-01,10000.0,Q50
06891500,2019-08-17,4820.0,Q2
06891500,2019-08-30,4620.0,Q2
06891500,2021-05-27,3830.0,Q2
06891500,2024-07-04,3410.0,Q2
06892000,2008-09-13,6310.0,Q2
06892000,2009-04-27,8190.0,Q2
06892000,2010-05-14,6570.0,Q2
06892000,2010-07-11,5990.0,Q2
06892000,2015-06-06,7620.0,Q2
06892000,2015-07-07,7270.0,Q2
06892000,2016-04-27,6520.0,Q2
06892000,2016-05-27,18300.0,Q100
06892000,2016-09-17,6560.0,Q2
06892000,2017-08-22,6760.0,Q2
06892000,2019-05-21,6770.0,Q2
06892000,2019-06-24,8850.0,Q5
06892000,2020-05-28,8220.0,Q2
06892000,2021-05-21,7400.0,Q2
06892360,2008-06-04,5240.0,Q2
06892360,2009-06-16,4320.0,Q2
06892360,2010-06-14,4780.0,Q2
06892360,2013-05-31,4680.0,Q2
06892360,2015-05-17,5350.0,Q2
06892360,2015-05-24,3950.0,Q2
06892360,2015-09-11,3910.0,Q2
06892360,2016-05-27,4490.0,Q2
06892360,2017-08-22,8470.0,Q10
06892360,2018-10-09,6010.0,Q2
06892360,2019-04-30,6570.0,Q5
06892360,2019-05-21,6790.0,Q5
06892360,2019-05-25,6330.0,Q2
06892360,2019-06-23,5130.0,Q2
06892360,2020-03-27,4790.0,Q2
06892360,2020-05-28,3870.0,Q2
06892360,2021-05-16,5220.0,Q2
06892360,2021-07-01,5420.0,Q2
06892360,2024-07-01,3940.0,Q2
06892360,2024-07-04,6180.0,Q2
06892495,2009-06-16,4300.0,Q2
06892495,2010-06-14,6300.0,Q10
06892495,2013-05-31,4070.0,Q2
06892495,2016-09-10,4620.0,Q2
06892495,2017-07-27,4970.0,Q5
06892495,2017-08-06,3680.0,Q2
06892495,2017-08-22,7240.0,Q10
06892495,2018-10-09,3520.0,Q2
06892495,2019-04-30,3930.0,Q2
06892495,2019-05-21,3740.0,Q2
06892495,2020-05-28,3670.0,Q2
06892495,2021-08-13,4310.0,Q2
06892495,2024-07-01,4140.0,Q2
06892495,2024-07-04,5400.0,Q5
06892513,2008-06-04,8800.0,Q5
06892513,2010-06-14,10200.0,Q10
06892513,2015-05-17,6240.0,Q2
06892513,2015-07-20,7390.0,Q2
06892513,2016-08-27,6100.0,Q2
06892513,2017-07-27,11900.0,Q10
06892513,2017-08-06,8620.0,Q5
06892513,2017-08-22,10500.0,Q10
06892513,2019-05-21,6200.0,Q2
06892513,2021-06-30,7410.0,Q2
06892513,2021-08-13,8080.0,Q2
06892513,2024-07-01,9750.0,Q5
06892513,2024-07-04,9240.0,Q5
06893080,2008-06-04,16600.0,Q10
06893080,2008-07-30,4490.0,Q2
06893080,2010-06-08,5110.0,Q2
06893080,2010-06-12,9310.0,Q5
06893080,2010-06-14,10500.0,Q5
06893080,2010-06-16,4420.0,Q2
06893080,2013-05-31,12700.0,Q10
06893080,2015-05-17,5020.0,Q2
06893080,2015-05-24,4820.0,Q2
06893080,2017-04-30,5090.0,Q2
06893080,2017-07-27,10600.0,Q5
06893080,2017-08-22,12600.0,Q5
06893080,2018-10-08,7540.0,Q2
06893080,2019-04-30,4940.0,Q2
06893080,2019-05-21,4870.0,Q2
06893080,2020-03-27,5020.0,Q2
06893080,2020-05-28,6450.0,Q2
06893080,2024-07-04,6170.0,Q2
06893100,2008-06-04,9800.0,Q5
06893100,2010-06-08,4630.0,Q2
06893100,2010-06-14,8490.0,Q5
06893100,2013-05-31,9400.0,Q5
06893100,2017-04-30,4980.0,Q2
06893100,2017-07-27,9310.0,Q5
06893100,2017-08-22,12400.0,Q10
06893100,2018-10-08,8830.0,Q5
06893100,2019-04-30,5620.0,Q2
06893100,2019-05-21,5550.0,Q2
06893100,2019-05-25,4760.0,Q2
06893100,2020-03-27,5000.0,Q2
06893100,2020-05-28,7320.0,Q2
06893100,2024-07-04,6040.0,Q2
06893150,2008-06-04,10400.0,Q5
06893150,2013-05-31,9980.0,Q5
06893150,2017-04-30,5660.0,Q2
06893150,2017-07-27,13200.0,Q10
06893150,2017-08-22,22600.0,Q50
06893150,2018-10-08,12600.0,Q5
06893150,2019-04-30,6950.0,Q2
06893150,2019-05-21,6780.0,Q2
06893150,2019-05-25,5900.0,Q2
06893150,2019-06-23,5500.0,Q2
06893150,2020-03-27,6090.0,Q2
06893150,2020-05-28,9830.0,Q5
06893150,2024-04-28,5400.0,Q2
06893150,2024-07-04,6900.0,Q2
06893300,2008-07-30,6230.0,Q2
06893300,2010-06-14,8970.0,Q5
06893300,2013-05-31,5700.0,Q2
06893300,2015-05-17,5540.0,Q2
06893300,2017-07-27,13400.0,Q25
06893300,2017-08-06,6490.0,Q2
06893300,2017-08-22,14400.0,Q50
06893300,2019-05-24,5290.0,Q2
06893300,2020-05-28,5920.0,Q2
06893300,2021-08-13,6260.0,Q2
06893300,2024-07-01,10300.0,Q10
06893300,2024-07-04,7860.0,Q5
06893390,2008-06-04,9870.0,Q2
06893390,2008-07-30,17900.0,Q5
06893390,2010-06-08,12200.0,Q2
06893390,2010-06-12,10900.0,Q2
06893390,2010-06-14,18700.0,Q5
06893390,2012-05-06,10800.0,Q2
06893390,2013-05-31,14100.0,Q2
06893390,2015-07-20,11900.0,Q2
06893390,2017-07-27,22600.0,Q10
06893390,2017-08-06,12900.0,Q2
06893390,2017-08-22,23600.0,Q10
06893390,2018-10-08,11200.0,Q2
06893390,2020-05-28,10100.0,Q2
06893390,2024-07-01,17900.0,Q5
06893390,2024-07-04,14800.0,Q2
06893500,2008-06-04,12100.0,Q2
06893500,2008-07-30,16800.0,Q2
06893500,2010-06-08,12100.0,Q2
06893500,2010-06-14,23900.0,Q10
06893500,2013-05-31,15600.0,Q2
06893500,2017-07-27,22900.0,Q5
06893500,2017-08-22,43900.0,Q100
06893500,2018-10-08,18700.0,Q5
06893500,2019-04-30,12000.0,Q2
06893500,2019-05-21,12500.0,Q2
06893500,2020-05-28,14100.0,Q2
06893500,2024-07-01,18200.0,Q2
06893500,2024-07-04,14000.0,Q2
06893557,2008-09-13,6190.0,Q2
06893557,2010-06-14,8910.0,Q5
06893557,2015-07-20,6030.0,Q2
06893557,2017-07-22,5890.0,Q2
06893557,2017-07-27,14400.0,Q50
06893557,2017-08-05,12700.0,Q25
06893557,2017-08-22,9640.0,Q10
06893557,2019-05-24,6270.0,Q2
06893557,2020-05-28,5240.0,Q2
06893557,2020-07-29,5710.0,Q2
06893557,2022-05-31,5030.0,Q2
06893557,2024-07-01,6580.0,Q2
06893557,2024-07-04,9700.0,Q10
06893578,2008-06-04,14100.0,Q2
06893578,2008-07-30,16500.0,Q2
06893578,2008-09-13,12000.0,Q2
06893578,2010-06-14,22900.0,Q5
06893578,2013-05-31,15700.0,Q2
06893578,2016-08-26,13600.0,Q2
06893578,2017-07-27,23700.0,Q10
06893578,2017-08-06,19100.0,Q5
06893578,2017-08-22,33400.0,Q25
06893578,2018-10-08,19700.0,Q5
06893578,2019-05-01,13200.0,Q2
06893578,2019-05-21,16500.0,Q2
06893578,2019-05-25,12800.0,Q2
06893578,2019-06-23,12200.0,Q2
06893578,2020-05-29,16400.0,Q2
06893578,2024-04-28,11900.0,Q2
06893578,2024-07-01,16800.0,Q2
06893578,2024-07-04,17200.0,Q2
06893620,2009-05-15,2000.0,Q2
06893620,2014-08-07,1750.0,Q2
06893620,2015-07-06,4460.0,Q25
06893620,2016-08-27,2990.0,Q5
06893620,2017-07-27,2200.0,Q2
06893620,2017-08-05,1870.0,Q2
06893620,2017-08-22,3070.0,Q5
06893620,2018-05-25,2740.0,Q5
06893620,2024-07-04,2360.0,Q2
06893890,2010-05-20,424.0,Q2
06893890,2010-06-14,570.0,Q2
06893890,2010-09-18,322.0,Q2
06893890,2013-05-31,496.0,Q2
06893890,2017-05-01,328.0,Q2
06893890,2017-07-27,506.0,Q2
06893890,2017-08-06,525.0,Q2
06893890,2017-08-22,469.0,Q2
06893890,2018-10-08,640.0,Q5
06893890,2019-05-02,510.0,Q2
06893890,2019-05-25,606.0,Q5
06893890,2019-07-21,335.0,Q2
06893890,2020-05-28,754.0,Q5
06893890,2020-08-01,372.0,Q2
06893890,2020-09-05,563.0,Q2
06893890,2021-05-17,469.0,Q2
06893890,2024-07-04,681.0,Q5
06893970,2010-06-12,1210.0,Q2
06893970,2010-09-18,1220.0,Q2
06893970,2010-09-22,963.0,Q2
06893970,2013-05-31,933.0,Q2
06893970,2014-08-07,1180.0,Q2
06893970,2015-07-06,1220.0,Q2
06893970,2017-07-27,1540.0,Q5
06893970,2017-08-05,1210.0,Q2
06893970,2017-08-22,1540.0,Q5
06893970,2018-05-25,936.0,Q2
06893970,2018-10-08,977.0,Q2
06893970,2019-06-23,936.0,Q2
06893970,2020-05-28,2180.0,Q25
06893970,2020-07-01,1630.0,Q5
06893970,2020-07-27,2310.0,Q25
06893970,2024-07-04,1630.0,Q5
06894000,2008-07-30,8490.0,Q2
06894000,2008-09-13,6500.0,Q2
06894000,2010-06-14,7640.0,Q2
06894000,2010-09-19,11700.0,Q10
06894000,2014-08-07,6000.0,Q2
06894000,2016-05-26,6360.0,Q2
06894000,2017-07-27,8440.0,Q2
06894000,2017-08-06,7650.0,Q2
06894000,2017-08-22,10700.0,Q10
06894000,2018-10-08,9620.0,Q5
06894000,2019-04-30,6350.0,Q2
06894000,2019-05-21,7880.0,Q2
06894000,2019-05-25,6900.0,Q2
06894000,2019-06-23,6450.0,Q2
06894000,2019-09-22,6510.0,Q2
06894000,2020-05-28,12100.0,Q10
06894000,2024-07-04,7470.0,Q2
06894200,2008-09-13,3910.0,Q2
06894200,2009-04-27,4130.0,Q2
06894200,2009-05-15,10200.0,Q10
06894200,2010-05-13,4980.0,Q2
06894200,2010-09-22,4330.0,Q2
06894200,2014-10-02,4260.0,Q2
06894200,2015-05-17,8420.0,Q10
06894200,2015-05-24,3780.0,Q2
06894200,2015-06-04,4980.0,Q2
06894200,2015-06-21,4230.0,Q2
06894200,2015-06-26,8850.0,Q10
06894200,2016-04-27,4720.0,Q2
06894200,2016-05-27,5630.0,Q2
06894200,2016-07-03,4430.0,Q2
06894200,2016-08-27,7220.0,Q5
06894200,2016-09-14,3680.0,Q2
06894200,2017-08-22,8610.0,Q10
06894200,2019-05-21,4390.0,Q2
06894200,2019-06-23,4190.0,Q2
06894200,2019-09-28,4130.0,Q2
06894200,2022-05-31,4340.0,Q2
06895000,2008-09-14,4870.0,Q2
06895000,2009-05-16,4890.0,Q2
06895000,2009-08-18,5070.0,Q2
06895000,2010-05-14,5320.0,Q2
06895000,2014-10-15,5160.0,Q2
06895000,2015-05-18,7770.0,Q5
06895000,2015-06-05,11000.0,Q10
06895000,2016-08-28,6130.0,Q2
06895000,2016-09-15,5730.0,Q2
06895000,2018-10-09,6180.0,Q2
06895000,2019-05-22,6140.0,Q2
06895000,2019-06-24,5980.0,Q2
06895000,2021-06-25,16200.0,Q100
06895000,2024-04-29,5700.0,Q2
06896000,2008-06-26,6030.0,Q2
06896000,2008-07-31,5540.0,Q2
06896000,2008-09-14,6700.0,Q2
06896000,2009-05-17,5700.0,Q2
06896000,2013-04-19,8090.0,Q2
06896000,2013-06-01,6100.0,Q2
06896000,2015-06-06,6060.0,Q2
06896000,2016-08-02,8800.0,Q5
06896000,2019-05-02,5570.0,Q2
06896000,2019-05-22,6530.0,Q2
06896000,2019-06-24,7670.0,Q2
06896000,2020-06-05,7620.0,Q2
06896000,2021-06-26,14800.0,Q50
06896000,2024-04-29,6230.0,Q2
06897000,2008-06-25,3860.0,Q2
06897000,2008-07-25,4820.0,Q2
06897000,2009-05-15,4080.0,Q2
06897000,2010-05-13,3670.0,Q2
06897000,2010-06-05,4760.0,Q2
06897000,2013-04-18,3850.0,Q2
06897000,2014-06-05,3500.0,Q2
06897000,2014-09-10,5080.0,Q5
06897000,2015-05-17,4030.0,Q2
06897000,2015-07-29,3390.0,Q2
06897000,2017-06-29,4400.0,Q2
06897000,2019-03-10,3330.0,Q2
06897000,2019-05-26,3840.0,Q2
06897000,2019-05-29,7060.0,Q10
06897000,2019-09-30,5520.0,Q5
06897000,2023-08-12,3460.0,Q2
06897000,2024-05-02,4570.0,Q2
06897500,2008-03-03,33100.0,Q2
06897500,2008-06-14,33400.0,Q2
06897500,2008-07-27,32700.0,Q2
06897500,2008-09-14,37900.0,Q2
06897500,2009-04-29,38000.0,Q2
06897500,2009-05-18,39600.0,Q2
06897500,2010-05-14,39200.0,Q2
06897500,2010-06-08,38500.0,Q2
06897500,2010-06-17,35500.0,Q2
06897500,2013-04-19,32800.0,Q2
06897500,2013-05-29,33500.0,Q2
06897500,2014-09-12,40700.0,Q2
06897500,2015-05-18,35400.0,Q2
06897500,2015-12-15,32500.0,Q2
06897500,2017-04-06,38600.0,Q2
06897500,2017-07-01,59700.0,Q10
06897500,2017-07-13,34500.0,Q2
06897500,2018-10-10,37300.0,Q2
06897500,2019-05-30,68700.0,Q25
06897500,2019-06-23,39400.0,Q2
06897500,2019-10-01,38500.0,Q2
06898000,2008-06-07,20900.0,Q10
06898000,2008-07-24,21500.0,Q10
06898000,2008-07-28,11200.0,Q2
06898000,2010-06-05,19400.0,Q10
06898000,2011-05-26,10100.0,Q2
06898000,2013-04-18,21300.0,Q10
06898000,2014-06-04,16900.0,Q5
06898000,2014-09-10,17200.0,Q5
06898000,2018-09-01,10400.0,Q2
06898000,2018-09-05,10100.0,Q2
06898000,2018-10-09,14000.0,Q2
06898000,2019-03-13,10100.0,Q2
06898000,2019-05-29,14900.0,Q2
06899500,2008-06-25,50400.0,Q2
06899500,2008-07-25,63400.0,Q5
06899500,2008-09-13,49200.0,Q2
06899500,2009-05-16,66000.0,Q5
06899500,2010-06-06,68400.0,Q5
06899500,2013-04-19,57300.0,Q2
06899500,2014-06-04,44600.0,Q2
06899500,2014-09-10,78200.0,Q10
06899500,2019-05-29,91400.0,Q10
06899500,2019-09-30,61700.0,Q5
06899500,2023-08-05,46000.0,Q2
06899500,2024-05-02,39600.0,Q2
06899700,2009-08-19,16700.0,Q10
06899700,2010-06-06,9290.0,Q2
06899700,2013-05-30,9140.0,Q2
06899700,2015-05-18,13900.0,Q5
06899700,2016-09-16,9520.0,Q2
06899700,2018-10-09,13000.0,Q5
06899700,2019-05-22,8940.0,Q2
06899700,2019-06-24,10200.0,Q2
06899700,2021-06-26,19900.0,Q25
06900050,2008-06-25,17100.0,Q2
06900050,2008-07-25,14300.0,Q2
06900050,2008-09-14,18200.0,Q2
06900050,2009-05-16,23800.0,Q5
06900050,2009-08-28,15100.0,Q2
06900050,2010-06-06,23800.0,Q5
06900050,2010-09-22,15900.0,Q2
06900050,2013-04-18,17700.0,Q2
06900050,2014-06-04,14700.0,Q2
06900050,2014-09-10,21000.0,Q2
06900050,2015-07-20,13300.0,Q2
06900050,2015-07-29,14100.0,Q2
06900050,2015-12-14,13300.0,Q2
06900050,2018-10-09,18400.0,Q2
06900050,2019-05-19,15100.0,Q2
06900050,2019-05-26,34900.0,Q10
06900050,2019-09-30,18800.0,Q2
06900050,2020-05-28,15600.0,Q2
06900050,2021-06-25,14100.0,Q2
06901500,2008-06-25,26900.0,Q5
06901500,2008-07-25,20000.0,Q2
06901500,2008-09-13,22400.0,Q2
06901500,2009-05-16,23900.0,Q2
06901500,2010-05-13,19300.0,Q2
06901500,2010-06-05,18400.0,Q2
06901500,2010-09-24,16100.0,Q2
06901500,2013-04-18,16000.0,Q2
06901500,2013-05-28,16700.0,Q2
06901500,2014-09-10,32500.0,Q10
06901500,2019-05-26,39000.0,Q10
06901500,2019-06-23,16300.0,Q2
06901500,2019-09-30,16100.0,Q2
06901500,2020-05-29,20100.0,Q2
06901500,2021-07-12,24500.0,Q2
06901500,2024-04-28,18800.0,Q2
06902000,2008-06-27,85000.0,Q2
06902000,2008-07-28,75300.0,Q2
06902000,2008-09-15,94500.0,Q5
06902000,2009-05-18,78800.0,Q2
06902000,2010-05-14,85000.0,Q2
06902000,2010-06-09,79400.0,Q2
06902000,2013-04-20,79700.0,Q2
06902000,2013-05-30,85900.0,Q2
06902000,2014-09-12,79300.0,Q2
06902000,2015-07-30,78100.0,Q2
06902000,2015-12-16,76500.0,Q2
06902000,2017-04-07,90100.0,Q2
06902000,2018-10-11,78500.0,Q2
06902000,2019-05-30,109000.0,Q10
06902000,2019-06-25,71400.0,Q2
06902000,2019-10-01,71800.0,Q2
06902000,2020-05-30,71400.0,Q2
06902000,2021-06-27,76900.0,Q2
06903400,2008-07-28,6410.0,Q5
06903400,2010-03-11,4100.0,Q2
06903400,2010-04-25,5250.0,Q2
06903400,2010-05-13,4090.0,Q2
06903400,2010-07-20,6250.0,Q2
06903400,2013-04-18,10000.0,Q25
06903400,2013-05-29,5580.0,Q2
06903400,2014-08-24,4200.0,Q2
06903400,2014-09-10,4640.0,Q2
06903400,2015-06-25,7180.0,Q5
06903400,2018-10-09,5860.0,Q2
06903400,2019-05-29,6900.0,Q5
06903400,2021-07-15,4240.0,Q2
06903700,2008-07-25,17700.0,Q5
06903700,2009-04-27,7210.0,Q2
06903700,2009-07-05,7750.0,Q2
06903700,2009-08-27,12800.0,Q2
06903700,2010-04-25,9070.0,Q2
06903700,2010-05-13,7320.0,Q2
06903700,2011-05-26,8080.0,Q2
06903700,2013-04-18,27100.0,Q25
06903700,2013-05-29,8060.0,Q2
06903700,2014-06-04,8580.0,Q2
06903700,2015-06-25,8870.0,Q2
06903700,2015-07-29,13100.0,Q2
06903700,2015-12-14,7920.0,Q2
06903700,2019-05-29,10300.0,Q2
06903700,2024-05-03,10500.0,Q2
06903900,2010-03-19,1800.0,Q2
06903900,2010-06-02,1800.0,Q2
06903900,2010-08-13,3240.0,Q10
06903900,2010-11-27,2020.0,Q2
06903900,2013-06-05,2070.0,Q2
06903900,2013-08-27,2360.0,Q2
06903900,2015-07-11,2620.0,Q5
06903900,2015-12-13,1870.0,Q2
06903900,2019-03-20,2020.0,Q2
06903900,2019-05-10,1930.0,Q2
06903900,2019-05-29,2540.0,Q5
06903900,2019-06-04,2300.0,Q2
06903900,2019-06-26,2270.0,Q2
06903900,2019-09-29,1910.0,Q2
06903900,2024-05-08,2100.0,Q2
06904010,2011-06-20,5470.0,Q2
06904010,2011-06-27,10400.0,Q2
06904010,2013-04-18,16900.0,Q10
06904010,2013-05-29,9460.0,Q2
06904010,2014-09-10,5950.0,Q2
06904010,2015-06-25,11400.0,Q5
06904010,2015-07-11,9530.0,Q2
06904010,2015-07-28,5520.0,Q2
06904010,2015-11-27,5650.0,Q2
06904010,2015-12-14,7010.0,Q2
06904010,2019-05-29,9060.0,Q2
06904010,2019-09-22,5170.0,Q2
06904010,2019-09-29,8160.0,Q2
06904010,2021-07-15,6410.0,Q2
06904010,2024-05-03,9120.0,Q2
06904050,2008-07-25,10900.0,Q2
06904050,2008-07-28,12300.0,Q2
06904050,2008-09-13,17100.0,Q10
06904050,2010-05-13,11200.0,Q2
06904050,2010-07-21,11900.0,Q2
06904050,2011-06-27,9970.0,Q2
06904050,2013-04-19,13200.0,Q2
06904050,2013-05-29,12000.0,Q2
06904050,2014-06-04,10100.0,Q2
06904050,2014-06-07,10700.0,Q2
06904050,2015-06-26,9830.0,Q2
06904500,2008-06-27,20900.0,Q2
06904500,2008-07-25,30200.0,Q5
06904500,2008-09-14,26600.0,Q2
06904500,2009-05-16,25100.0,Q2
06904500,2010-05-13,23000.0,Q2
06904500,2010-06-14,19900.0,Q2
06904500,2010-07-21,38800.0,Q10
06904500,2013-04-18,22300.0,Q2
06904500,2013-05-29,19900.0,Q2
06904500,2014-06-04,22200.0,Q2
06904500,2014-08-16,20200.0,Q2
06904500,2015-06-26,25700.0,Q2
06904500,2019-05-29,38100.0,Q10
06904500,2019-06-23,20300.0,Q2
06904500,2019-09-29,20600.0,Q2
06904500,2021-07-11,19700.0,Q2
06905500,2008-06-26,36100.0,Q2
06905500,2008-07-27,38400.0,Q2
06905500,2008-09-15,36000.0,Q2
06905500,2009-03-10,26100.0,Q2
06905500,2009-05-16,36000.0,Q2
06905500,2010-05-13,34000.0,Q2
06905500,2010-06-15,25900.0,Q2
06905500,2010-07-23,34400.0,Q2
06905500,2013-04-18,35000.0,Q2
06905500,2013-05-28,30900.0,Q2
06905500,2014-09-11,34100.0,Q2
06905500,2015-06-28,34300.0,Q2
06905500,2019-05-22,27500.0,Q2
06905500,2019-05-31,44400.0,Q5
06905500,2019-06-23,35200.0,Q2
06905500,2021-07-11,37900.0,Q2
06905500,2024-04-28,31600.0,Q2
06906000,2008-06-26,13100.0,Q5
06906000,2008-07-27,9980.0,Q2
06906000,2008-09-15,13600.0,Q10
06906000,2009-05-18,7300.0,Q2
06906000,2013-03-11,6700.0,Q2
06906000,2013-04-19,8280.0,Q2
06906000,2013-05-29,8090.0,Q2
06906000,2014-09-12,12300.0,Q5
06906000,2015-07-19,7300.0,Q2
06906000,2017-07-01,9750.0,Q2
06906000,2019-05-23,7760.0,Q2
06906000,2019-05-30,13000.0,Q5
06906000,2019-06-24,9870.0,Q2
06906000,2021-07-11,14600.0,Q10
06906000,2024-04-29,8210.0,Q2
06906150,2008-06-25,3610.0,Q5
06906150,2008-07-25,4870.0,Q10
06906150,2008-09-13,2350.0,Q2
06906150,2009-05-16,2550.0,Q2
06906150,2010-07-20,4110.0,Q5
06906150,2013-03-10,1780.0,Q2
06906150,2013-04-18,3070.0,Q2
06906150,2014-09-10,5350.0,Q10
06906150,2019-05-26,2870.0,Q2
06906150,2019-06-23,2070.0,Q2
06906150,2020-05-15,1980.0,Q2
06906150,2021-07-10,2660.0,Q2
06906150,2024-04-28,2520.0,Q2
06906200,2008-06-26,1270.0,Q5
06906200,2008-07-28,1240.0,Q5
06906200,2008-09-15,919.0,Q2
06906200,2009-06-16,644.0,Q2
06906200,2010-07-21,702.0,Q2
06906200,2013-04-19,900.0,Q2
06906200,2013-05-31,816.0,Q2
06906200,2014-09-11,1060.0,Q5
06906200,2017-06-30,779.0,Q2
06906200,2019-05-29,1450.0,Q10
06906200,2021-07-15,875.0,Q2
06906200,2024-04-29,490.0,Q2
06906200,2024-07-03,635.0,Q2
06906800,2008-04-11,22500.0,Q2
06906800,2008-09-14,35400.0,Q25
06906800,2009-06-17,21900.0,Q2
06906800,2009-10-09,26000.0,Q2
06906800,2015-07-02,26300.0,Q2
06906800,2015-12-27,22300.0,Q2
06906800,2017-04-30,32600.0,Q10
06906800,2021-03-18,24000.0,Q2
06906800,2024-04-29,22300.0,Q2
06907700,2008-09-14,18200.0,Q2
06907700,2011-04-16,17000.0,Q2
06907700,2013-06-01,22800.0,Q2
06907700,2014-04-03,25800.0,Q2
06907700,2017-04-30,24100.0,Q2
06907700,2017-08-07,26400.0,Q5
06907700,2017-08-23,18400.0,Q2
06907700,2019-05-01,21700.0,Q2
06907700,2019-05-22,25700.0,Q2
06907700,2019-07-06,20800.0,Q2
06907700,2020-08-01,36800.0,Q10
06907700,2021-03-18,19900.0,Q2
06907700,2024-04-29,27200.0,Q5
06908000,2008-09-14,14600.0,Q2
06908000,2010-09-22,16400.0,Q2
06908000,2013-06-03,21800.0,Q10
06908000,2015-06-07,15100.0,Q2
06908000,2016-07-03,17200.0,Q2
06908000,2017-05-03,19700.0,Q5
06908000,2019-05-25,15700.0,Q2
06908000,2020-08-04,16300.0,Q2
06908000,2021-03-20,14000.0,Q2
06908000,2021-06-25,13900.0,Q2
06909500,2010-04-25,5030.0,Q2
06909500,2013-05-27,4600.0,Q2
06909500,2014-04-03,4060.0,Q2
06909500,2015-06-16,3880.0,Q2
06909500,2017-04-30,4010.0,Q2
06909500,2018-03-26,3840.0,Q2
06909500,2020-06-09,4640.0,Q2
06909500,2021-06-25,8960.0,Q100
06909500,2024-04-28,5220.0,Q2
06910230,2008-09-14,12500.0,Q5
06910230,2009-04-30,14200.0,Q5
06910230,2009-10-08,8980.0,Q2
06910230,2010-04-24,11500.0,Q2
06910230,2013-05-31,11100.0,Q2
06910230,2014-09-02,8870.0,Q2
06910230,2017-04-29,9300.0,Q2
06910230,2021-06-25,16700.0,Q10
06910230,2024-07-03,9200.0,Q2
06910750,2008-09-05,21300.0,Q2
06910750,2008-09-15,30700.0,Q10
06910750,2012-03-22,19400.0,Q2
06910750,2013-06-02,25600.0,Q2
06910750,2014-04-04,19500.0,Q2
06910750,2015-07-03,24800.0,Q2
06910750,2015-12-28,32700.0,Q10
06910750,2017-05-01,32900.0,Q10
06910750,2017-05-04,19200.0,Q2
06910800,2009-03-24,6640.0,Q2
06910800,2009-04-27,6470.0,Q2
06910800,2009-09-09,14100.0,Q5
06910800,2010-05-13,7350.0,Q2
06910800,2015-05-17,6070.0,Q2
06910800,2015-05-24,10300.0,Q2
06910800,2016-04-27,10700.0,Q2
06910800,2016-05-27,8620.0,Q2
06910800,2017-03-29,9770.0,Q2
06910800,2018-10-09,7550.0,Q2
06910800,2019-05-07,8340.0,Q2
06910800,2021-05-17,14800.0,Q5
06910800,2024-07-01,21700.0,Q10
06911000,2008-09-22,1500.0,Q2
06911000,2009-05-05,2140.0,Q2
06911000,2009-05-14,1450.0,Q2
06911000,2009-05-26,2060.0,Q2
06911000,2009-06-22,1030.0,Q2
06911000,2009-09-09,1240.0,Q2
06911000,2009-09-12,1540.0,Q2
06911000,2009-11-02,1120.0,Q2
06911000,2009-12-16,1040.0,Q2
06911000,2010-03-12,1040.0,Q2
06911000,2010-04-29,1640.0,Q2
06911000,2010-06-08,2060.0,Q2
06911000,2010-06-28,2250.0,Q2
06911000,2015-05-23,1110.0,Q2
06911000,2015-06-01,2040.0,Q2
06911000,2015-06-22,1420.0,Q2
06911000,2016-05-05,2080.0,Q2
06911000,2016-06-02,2510.0,Q2
06911000,2016-07-08,975.0,Q2
06911000,2016-09-27,1020.0,Q2
06911000,2017-04-18,1370.0,Q2
06911000,2017-06-02,973.0,Q2
06911000,2018-12-04,1020.0,Q2
06911000,2019-01-12,999.0,Q2
06911000,2019-02-27,1020.0,Q2
06911000,2019-05-17,2510.0,Q2
06911000,2019-06-11,3490.0,Q5
06911000,2019-07-04,2540.0,Q2
06911000,2019-07-16,2030.0,Q2
06911000,2019-08-07,1470.0,Q2
06911000,2019-08-11,1760.0,Q2
06911000,2019-08-15,1810.0,Q2
06911000,2019-08-25,1750.0,Q2
06911000,2019-09-04,1500.0,Q2
06911000,2019-12-30,1020.0,Q2
06911000,2020-02-27,1020.0,Q2
06911000,2020-05-08,1040.0,Q2
06911000,2020-05-22,1490.0,Q2
06911000,2020-06-01,1010.0,Q2
06911000,2020-07-22,1060.0,Q2
06911000,2020-08-01,1010.0,Q2
06911000,2021-05-26,3040.0,Q5
06911000,2021-06-01,2680.0,Q2
06911000,2021-07-10,1010.0,Q2
06911000,2021-07-17,988.0,Q2
06911000,2022-04-01,1000.0,Q2
06911000,2022-05-13,988.0,Q2
06911000,2022-05-22,1850.0,Q2
06911000,2022-05-31,1430.0,Q2
06911000,2022-06-04,2330.0,Q2
06911000,2024-01-29,1100.0,Q2
06911000,2024-02-06,1080.0,Q2
06911000,2024-05-03,1080.0,Q2
06911000,2024-05-16,2000.0,Q2
06911000,2024-06-14,985.0,Q2
06911000,2024-07-07,2640.0,Q2
06911490,2008-09-13,5300.0,Q2
06911490,2009-04-27,5100.0,Q2
06911490,2009-09-09,4770.0,Q2
06911490,2009-10-29,3330.0,Q2
06911490,2010-04-22,5220.0,Q2
06911490,2010-06-08,3510.0,Q2
06911490,2010-06-14,3840.0,Q2
06911490,2015-05-17,5700.0,Q2
06911490,2015-05-24,9010.0,Q5
06911490,2015-07-10,3800.0,Q2
06911490,2016-04-26,3730.0,Q2
06911490,2017-03-29,3370.0,Q2
06911490,2017-04-03,4290.0,Q2
06911490,2018-10-09,3660.0,Q2
06911490,2019-04-30,12000.0,Q10
06911490,2019-05-08,5830.0,Q2
06911490,2019-05-21,5470.0,Q2
06911490,2019-05-29,4050.0,Q2
06911490,2019-06-23,5250.0,Q2
06911490,2019-08-30,3280.0,Q2
06911490,2020-07-21,3990.0,Q2
06911490,2021-05-16,7520.0,Q5
06911490,2021-05-27,3290.0,Q2
06911490,2021-07-10,3650.0,Q2
06911490,2021-10-11,4510.0,Q2
06911490,2022-03-30,4310.0,Q2
06911490,2022-05-18,3450.0,Q2
06911490,2023-10-25,5510.0,Q2
06911490,2023-12-25,4000.0,Q2
06911490,2024-04-25,3580.0,Q2
06911490,2024-04-28,3930.0,Q2
06911490,2024-07-02,4200.0,Q2
06911900,2009-03-24,6320.0,Q2
06911900,2009-04-27,6490.0,Q2
06911900,2010-05-13,7200.0,Q2
06911900,2014-06-10,5620.0,Q2
06911900,2015-05-17,4670.0,Q2
06911900,2015-05-24,11300.0,Q5
06911900,2016-04-27,16100.0,Q10
06911900,2016-05-27,9190.0,Q5
06911900,2016-09-25,4820.0,Q2
06911900,2017-03-29,4650.0,Q2
06911900,2018-10-09,6840.0,Q2
06911900,2019-05-08,9450.0,Q5
06911900,2019-05-21,6140.0,Q2
06911900,2019-06-23,5400.0,Q2
06911900,2019-08-30,10200.0,Q5
06911900,2021-05-16,11100.0,Q5
06911900,2021-05-27,7430.0,Q2
06911900,2021-07-10,4720.0,Q2
06911900,2024-07-01,5690.0,Q2
06912500,2009-05-06,2150.0,Q2
06912500,2009-05-15,1510.0,Q2
06912500,2009-05-19,2820.0,Q2
06912500,2010-05-25,2300.0,Q2
06912500,2010-06-29,2450.0,Q2
06912500,2015-06-05,2610.0,Q2
06912500,2015-06-15,3120.0,Q5
06912500,2016-05-08,2340.0,Q2
06912500,2016-05-26,2070.0,Q2
06912500,2016-06-10,2980.0,Q2
06912500,2017-04-10,2140.0,Q2
06912500,2019-05-14,2510.0,Q2
06912500,2019-06-15,4250.0,Q5
06912500,2019-07-06,2440.0,Q2
06912500,2019-07-30,1770.0,Q2
06912500,2019-08-04,1740.0,Q2
06912500,2019-08-11,1770.0,Q2
06912500,2019-08-14,1730.0,Q2
06912500,2019-08-28,1740.0,Q2
06912500,2019-09-04,2310.0,Q2
06912500,2021-05-26,2160.0,Q2
06912500,2021-06-08,3630.0,Q5
06912500,2021-07-03,1620.0,Q2
06912500,2021-07-13,1590.0,Q2
06912500,2021-07-18,1580.0,Q2
06912500,2021-09-07,1610.0,Q2
06912500,2022-06-05,1580.0,Q2
06912500,2024-07-08,2790.0,Q2
06913000,2008-09-14,10200.0,Q2
06913000,2009-04-28,12500.0,Q2
06913000,2009-09-10,11000.0,Q2
06913000,2010-04-23,10500.0,Q2
06913000,2010-05-14,8340.0,Q2
06913000,2010-06-09,12600.0,Q2
06913000,2010-06-14,8810.0,Q2
06913000,2015-05-18,12000.0,Q2
06913000,2015-05-24,19600.0,Q5
06913000,2015-05-30,7980.0,Q2
06913000,2015-06-05,8060.0,Q2
06913000,2016-04-28,13500.0,Q2
06913000,2016-05-28,13800.0,Q2
06913000,2017-04-30,7730.0,Q2
06913000,2018-10-10,7920.0,Q2
06913000,2019-05-01,16100.0,Q5
06913000,2019-05-09,9700.0,Q2
06913000,2019-05-22,24200.0,Q10
06913000,2019-06-23,22800.0,Q10
06913000,2021-05-17,21000.0,Q10
06913000,2021-05-28,8090.0,Q2
06913000,2021-07-01,8920.0,Q2
06913000,2024-04-28,9230.0,Q2
06913500,2008-09-14,12900.0,Q2
06913500,2009-04-28,13900.0,Q2
06913500,2009-06-17,10100.0,Q2
06913500,2009-09-10,10000.0,Q2
06913500,2010-04-23,13200.0,Q2
06913500,2010-05-13,11200.0,Q2
06913500,2010-06-09,12200.0,Q2
06913500,2010-06-14,12200.0,Q2
06913500,2015-06-05,16800.0,Q5
06913500,2016-04-27,12800.0,Q2
06913500,2016-05-27,19200.0,Q5
06913500,2017-04-30,10800.0,Q2
06913500,2017-08-22,15000.0,Q2
06913500,2018-10-10,11200.0,Q2
06913500,2019-05-01,17500.0,Q5
06913500,2019-05-08,10400.0,Q2
06913500,2019-05-22,18700.0,Q5
06913500,2019-06-24,18300.0,Q5
06913500,2019-08-01,19800.0,Q5
06913500,2019-08-31,14400.0,Q2
06913500,2021-05-17,18200.0,Q5
06913500,2021-05-28,9970.0,Q2
06913500,2021-07-01,10100.0,Q2
06914100,2008-09-13,10500.0,Q2
06914100,2009-04-27,14100.0,Q10
06914100,2009-05-08,11800.0,Q5
06914100,2009-09-10,13200.0,Q10
06914100,2010-04-23,8450.0,Q2
06914100,2010-05-13,8180.0,Q2
06914100,2010-09-16,9460.0,Q2
06914100,2015-05-24,10500.0,Q2
06914100,2016-04-27,9780.0,Q2
06914100,2016-09-10,8860.0,Q2
06914100,2017-04-30,8760.0,Q2
06914950,2008-06-04,4130.0,Q2
06914950,2009-06-16,3880.0,Q2
06914950,2010-06-14,5590.0,Q5
06914950,2013-05-31,4680.0,Q2
06914950,2015-05-17,5080.0,Q5
06914950,2015-05-24,3390.0,Q2
06914950,2015-09-11,4410.0,Q2
06914950,2015-12-13,3180.0,Q2
06914950,2016-07-03,3610.0,Q2
06914950,2016-09-10,3500.0,Q2
06914950,2017-08-22,8320.0,Q25
06914950,2018-10-09,3810.0,Q2
06914950,2019-04-30,4150.0,Q2
06914950,2019-05-21,4210.0,Q2
06914950,2019-05-25,4360.0,Q2
06914950,2019-06-23,4150.0,Q2
06914950,2024-07-04,3750.0,Q2
06914990,2008-06-04,3130.0,Q10
06914990,2008-09-13,1300.0,Q2
06914990,2010-06-12,1610.0,Q2
06914990,2010-06-14,2490.0,Q5
06914990,2010-06-16,1470.0,Q2
06914990,2010-07-11,1390.0,Q2
06914990,2013-05-31,2980.0,Q10
06914990,2015-05-17,1930.0,Q2
06914990,2015-05-24,1290.0,Q2
06914990,2015-06-18,1380.0,Q2
06914990,2015-09-11,1330.0,Q2
06914990,2016-09-10,1290.0,Q2
06914990,2017-08-22,2170.0,Q5
06914990,2020-03-27,1770.0,Q2
06914990,2020-05-28,1470.0,Q2
06914990,2021-05-16,1230.0,Q2
06914990,2024-07-04,2250.0,Q5
06915000,2008-06-13,1180.0,Q2
06915000,2008-06-23,1350.0,Q2
06915000,2010-04-19,1520.0,Q2
06915000,2010-05-18,1700.0,Q5
06915000,2010-06-21,1740.0,Q5
06915000,2013-06-03,1070.0,Q2
06915000,2015-03-19,1440.0,Q2
06915000,2015-06-05,1540.0,Q2
06915000,2015-06-08,1570.0,Q2
06915000,2015-12-18,1080.0,Q2
06915000,2016-01-13,1010.0,Q2
06915000,2016-06-01,1060.0,Q2
06915000,2016-07-07,1040.0,Q2
06915000,2016-09-14,1060.0,Q2
06915000,2017-04-30,1130.0,Q2
06915000,2017-08-27,1500.0,Q2
06915000,2018-10-19,1710.0,Q5
06915000,2019-05-14,1000.0,Q2
06915000,2019-05-21,1970.0,Q5
06915000,2019-06-18,2590.0,Q25
06915000,2019-08-07,1000.0,Q2
06915000,2019-08-15,1150.0,Q2
06915000,2019-08-30,1910.0,Q5
06915000,2019-09-09,1550.0,Q2
06915000,2021-06-02,1530.0,Q2
06915000,2022-05-23,1090.0,Q2
06915000,2022-05-31,1010.0,Q2
06915000,2022-06-04,1580.0,Q2
06915000,2024-05-28,1140.0,Q2
06915000,2024-07-10,1130.0,Q2
06915800,2009-04-30,34100.0,Q10
06915800,2009-06-18,21300.0,Q2
06915800,2015-05-28,27000.0,Q2
06915800,2017-05-03,24100.0,Q2
06915800,2017-08-25,26600.0,Q2
06915800,2018-10-11,41000.0,Q25
06915800,2019-05-04,22800.0,Q2
06915800,2019-05-23,42500.0,Q50
06915800,2019-06-26,24800.0,Q2
06915800,2019-08-04,19600.0,Q2
06915800,2019-08-31,21400.0,Q2
06915800,2021-05-23,24800.0,Q2
06915800,2022-06-02,20100.0,Q2
06915800,2024-05-01,21700.0,Q2
06916600,2009-05-02,40400.0,Q10
06916600,2012-03-23,22400.0,Q2
06916600,2015-05-31,25700.0,Q2
06916600,2017-05-02,26400.0,Q2
06916600,2018-10-13,43300.0,Q10
06916600,2019-05-02,31300.0,Q2
06916600,2019-05-26,51500.0,Q25
06916600,2019-06-28,30500.0,Q2
06916600,2019-09-01,30300.0,Q2
06916600,2021-03-19,23700.0,Q2
06916600,2021-05-25,30200.0,Q2
06916600,2022-05-07,23300.0,Q2
06916600,2022-06-03,22600.0,Q2
06916600,2024-04-29,39900.0,Q10
06917000,2009-04-28,12900.0,Q2
06917000,2010-09-17,11400.0,Q2
06917000,2012-03-21,9780.0,Q2
06917000,2013-07-30,9700.0,Q2
06917000,2016-04-28,10500.0,Q2
06917000,2016-10-07,11900.0,Q2
06917000,2017-04-30,13300.0,Q2
06917000,2019-05-01,14600.0,Q2
06917000,2019-05-22,19200.0,Q5
06917000,2019-08-17,9860.0,Q2
06917000,2021-03-18,10400.0,Q2
06917000,2022-05-06,10700.0,Q2
06917000,2024-04-28,54100.0,Q100
06917060,2009-04-29,9890.0,Q2
06917060,2010-09-18,8120.0,Q2
06917060,2012-03-22,8980.0,Q2
06917060,2017-05-02,15100.0,Q5
06917060,2019-05-03,9850.0,Q2
06917060,2019-05-23,18300.0,Q5
06917060,2021-03-19,9590.0,Q2
06917060,2022-05-07,9060.0,Q2
06917060,2024-04-29,45300.0,Q100
06917240,2009-05-08,8260.0,Q2
06917240,2013-08-03,6320.0,Q2
06917240,2016-04-27,6980.0,Q2
06917240,2017-04-30,7610.0,Q2
06917240,2019-05-01,5980.0,Q2
06917240,2019-05-21,8620.0,Q2
06917240,2021-03-12,8090.0,Q2
06917240,2022-06-01,6770.0,Q2
06917240,2024-04-28,18200.0,Q100
06917500,2009-04-28,17000.0,Q2
06917500,2009-05-09,19600.0,Q2
06917500,2012-03-21,14100.0,Q2
06917500,2013-04-18,12400.0,Q2
06917500,2015-05-24,12200.0,Q2
06917500,2015-06-26,11800.0,Q2
06917500,2017-04-30,22800.0,Q5
06917500,2019-05-21,22400.0,Q5
06917500,2021-03-18,14100.0,Q2
06917500,2021-07-16,17200.0,Q2
06917500,2022-05-05,13000.0,Q2
06917500,2024-04-28,32800.0,Q10
06917560,2008-06-10,9830.0,Q2
06917560,2009-04-28,11800.0,Q2
06917560,2009-05-09,12300.0,Q2
06917560,2010-09-16,9880.0,Q2
06917560,2012-03-21,10300.0,Q2
06917560,2017-04-30,14700.0,Q2
06917560,2019-05-22,15100.0,Q2
06917560,2021-07-17,9950.0,Q2
06917560,2024-04-29,29700.0,Q100
06917630,2008-04-03,512.0,Q2
06917630,2008-05-07,701.0,Q2
06917630,2008-06-01,640.0,Q2
06917630,2008-09-13,775.0,Q2
06917630,2009-09-21,768.0,Q2
06917630,2009-10-08,568.0,Q2
06917630,2013-05-31,771.0,Q2
06917630,2015-05-24,607.0,Q2
06917630,2015-12-27,574.0,Q2
06917630,2016-04-30,548.0,Q2
06917630,2017-04-29,574.0,Q2
06917630,2017-05-03,540.0,Q2
06917630,2017-05-11,583.0,Q2
06917630,2019-05-01,616.0,Q2
06917630,2019-05-20,1260.0,Q10
06917630,2019-05-23,1170.0,Q10
06917630,2019-09-22,962.0,Q5
06917630,2022-05-05,1200.0,Q10
06918060,2008-09-15,14800.0,Q2
06918060,2009-05-09,14800.0,Q2
06918060,2009-10-10,16100.0,Q2
06918060,2010-05-13,15200.0,Q2
06918060,2012-03-22,15500.0,Q2
06918060,2012-05-02,15300.0,Q2
06918060,2013-06-02,15800.0,Q2
06918060,2013-08-07,16500.0,Q2
06918060,2015-12-29,17200.0,Q2
06918060,2017-05-01,22100.0,Q2
06918060,2019-05-02,15400.0,Q2
06918060,2019-05-23,24300.0,Q5
06918060,2021-03-15,17500.0,Q2
06918060,2024-04-29,21400.0,Q2
06918440,2008-03-19,14600.0,Q2
06918440,2009-10-09,8050.0,Q2
06918440,2011-04-26,10700.0,Q2
06918440,2015-12-27,25900.0,Q10
06918440,2017-04-30,18400.0,Q5
06918440,2019-05-23,31800.0,Q10
06918440,2022-05-05,16800.0,Q5
06918440,2024-06-09,9300.0,Q2
06918460,2008-03-19,16000.0,Q2
06918460,2009-10-09,13800.0,Q2
06918460,2011-04-26,12800.0,Q2
06918460,2013-07-30,12600.0,Q2
06918460,2013-08-04,14300.0,Q2
06918460,2013-08-08,11500.0,Q2
06918460,2015-12-27,27100.0,Q10
06918460,2017-04-29,19400.0,Q5
06918460,2019-05-01,10300.0,Q2
06918460,2019-05-23,28400.0,Q10
06918460,2020-01-11,8560.0,Q2
06918460,2020-03-19,8880.0,Q2
06918460,2022-05-05,23000.0,Q5
06918493,2008-03-18,3290.0,Q5
06918493,2008-04-10,3190.0,Q2
06918493,2008-06-21,1980.0,Q2
06918493,2008-09-14,2860.0,Q2
06918493,2009-05-01,1910.0,Q2
06918493,2009-10-08,2460.0,Q2
06918493,2010-09-01,3180.0,Q2
06918493,2011-04-25,3630.0,Q5
06918493,2015-07-02,2410.0,Q2
06918493,2015-12-27,2030.0,Q2
06918493,2017-04-29,1940.0,Q2
06918493,2019-05-21,2560.0,Q2
06918493,2022-05-05,3040.0,Q2
06918493,2024-04-26,2190.0,Q2
06918493,2024-06-09,2940.0,Q2
06918740,2008-03-19,16600.0,Q2
06918740,2008-04-10,12900.0,Q2
06918740,2008-06-28,16800.0,Q2
06918740,2015-07-02,12000.0,Q2
06918740,2015-12-27,28600.0,Q10
06918740,2017-04-30,20400.0,Q2
06918740,2019-05-23,25000.0,Q5
06918740,2020-01-11,12000.0,Q2
06918740,2022-05-05,24200.0,Q5
06918740,2024-06-09,28600.0,Q10
06919020,2008-03-19,9170.0,Q2
06919020,2008-04-10,10100.0,Q2
06919020,2009-05-08,9280.0,Q2
06919020,2015-12-27,13700.0,Q10
06919020,2017-04-30,11400.0,Q5
06919020,2019-05-01,10200.0,Q2
06919020,2019-05-21,10500.0,Q2
06919020,2022-05-05,10400.0,Q2
06919020,2024-06-09,12400.0,Q5
06919500,2008-03-19,12100.0,Q2
06919500,2008-04-11,15300.0,Q2
06919500,2009-05-09,16400.0,Q2
06919500,2009-10-09,14800.0,Q2
06919500,2013-06-01,17200.0,Q2
06919500,2013-08-05,13300.0,Q2
06919500,2015-12-28,32600.0,Q10
06919500,2017-04-30,21000.0,Q2
06919500,2019-05-01,20100.0,Q2
06919500,2019-05-24,23500.0,Q5
06919500,2022-05-05,16600.0,Q2
06919500,2024-06-09,20900.0,Q2
06919900,2008-03-19,20600.0,Q2
06919900,2008-04-11,23300.0,Q2
06919900,2009-05-09,22700.0,Q2
06919900,2009-10-10,23100.0,Q2
06919900,2013-06-02,19100.0,Q2
06919900,2015-12-28,49600.0,Q25
06919900,2017-04-30,33300.0,Q5
06919900,2019-05-01,27500.0,Q2
06919900,2019-05-22,29200.0,Q2
06919900,2022-05-06,22600.0,Q2
06919900,2024-06-10,30300.0,Q5
06921070,2008-03-19,22800.0,Q2
06921070,2008-04-10,15700.0,Q2
06921070,2008-06-29,17300.0,Q2
06921070,2015-12-27,38200.0,Q10
06921070,2017-04-30,27600.0,Q5
06921070,2019-05-21,16000.0,Q2
06921070,2020-01-11,15500.0,Q2
06921070,2022-05-05,28800.0,Q5
06921070,2024-06-09,28000.0,Q5
06921200,2008-04-10,12400.0,Q2
06921200,2009-05-08,19000.0,Q2
06921200,2015-06-17,24100.0,Q5
06921200,2015-07-02,16800.0,Q2
06921200,2015-12-27,21300.0,Q5
06921200,2017-04-29,19600.0,Q2
06921200,2019-05-01,13600.0,Q2
06921200,2019-05-21,17000.0,Q2
06921200,2020-01-11,18900.0,Q2
06921200,2022-05-05,32800.0,Q10
06921200,2024-06-09,17600.0,Q2
06921350,2008-04-11,3470.0,Q2
06921350,2008-05-07,3470.0,Q2
06921350,2008-06-23,3630.0,Q2
06921350,2010-05-18,3710.0,Q2
06921350,2010-05-24,3600.0,Q2
06921350,2011-04-11,3850.0,Q5
06921350,2013-04-30,3560.0,Q2
06921350,2014-03-12,3600.0,Q2
06921350,2015-07-27,3580.0,Q2
06921350,2015-12-30,3670.0,Q2
06921350,2017-05-01,3600.0,Q2
06921350,2017-05-11,3590.0,Q2
06921350,2018-02-26,3850.0,Q5
06921350,2022-05-09,3480.0,Q2
06921350,2024-06-14,3700.0,Q2
06921590,2008-06-09,12500.0,Q2
06921590,2009-04-27,15000.0,Q2
06921590,2009-06-16,15300.0,Q2
06921590,2013-05-30,12100.0,Q2
06921590,2017-04-30,15200.0,Q2
06921590,2017-07-28,18300.0,Q5
06921590,2017-08-23,31800.0,Q100
06921590,2018-05-25,15800.0,Q2
06921590,2019-05-01,17000.0,Q2
06921590,2019-05-22,17400.0,Q5
06921590,2019-05-25,12100.0,Q2
06921590,2019-08-30,15200.0,Q2
06921590,2019-09-29,12100.0,Q2
06921590,2021-05-27,14200.0,Q2
06921590,2024-04-28,17700.0,Q5
06921720,2009-04-27,10600.0,Q2
06921720,2013-05-31,11300.0,Q2
06921720,2014-04-03,15800.0,Q5
06921720,2017-04-30,14400.0,Q2
06921720,2017-07-28,11100.0,Q2
06921720,2017-08-06,11300.0,Q2
06921720,2017-08-22,15700.0,Q2
06921720,2019-05-01,15400.0,Q2
06921720,2019-05-21,13300.0,Q2
06921720,2019-07-06,20600.0,Q10
06921720,2020-07-31,18000.0,Q5
06921720,2021-03-18,11400.0,Q2
06921720,2021-05-17,11200.0,Q2
06921720,2021-05-28,11700.0,Q2
06921720,2021-07-01,11500.0,Q2
06921720,2024-04-28,16600.0,Q5
06923250,2008-03-19,27400.0,Q5
06923250,2011-04-26,17300.0,Q2
06923250,2013-08-06,24500.0,Q2
06923250,2015-07-02,19300.0,Q2
06923250,2017-04-30,29400.0,Q5
06923250,2018-02-24,16400.0,Q2
06923250,2022-05-05,27500.0,Q5
06923250,2024-06-09,21700.0,Q2
06923940,2011-04-27,17600.0,Q2
06923940,2013-08-06,20500.0,Q2
06923940,2015-07-02,25400.0,Q2
06923940,2017-04-30,36700.0,Q10
06923940,2018-02-25,21700.0,Q2
06923940,2019-05-22,17600.0,Q2
06923940,2020-01-12,20300.0,Q2
06923940,2022-05-06,32100.0,Q5
06923940,2024-06-10,24800.0,Q2
06923950,2008-03-19,32600.0,Q2
06923950,2013-08-07,20700.0,Q2
06923950,2015-07-03,22500.0,Q2
06923950,2015-12-28,59200.0,Q25
06923950,2017-04-30,35200.0,Q5
06923950,2018-02-25,20800.0,Q2
06923950,2022-05-06,32100.0,Q2
06923950,2024-06-10,24800.0,Q2
06926000,2009-05-08,54800.0,Q2
06926000,2015-07-03,80500.0,Q5
06926000,2015-12-29,109000.0,Q25
06926000,2017-05-01,86400.0,Q10
06926000,2017-08-06,50200.0,Q2
06926000,2019-05-21,47700.0,Q2
06926000,2019-06-13,58900.0,Q2
06926000,2020-01-11,53100.0,Q2
06926000,2021-04-03,51300.0,Q2
06926000,2024-05-08,51600.0,Q2
06926510,2008-04-01,69000.0,Q2
06926510,2008-09-15,65600.0,Q2
06926510,2009-06-17,68800.0,Q2
06926510,2013-08-08,90200.0,Q5
06926510,2015-07-03,84300.0,Q5
06926510,2015-12-29,116000.0,Q25
06926510,2017-05-01,92200.0,Q5
06926510,2020-01-11,78800.0,Q2
06926510,2022-05-06,66900.0,Q2
06926510,2024-05-08,63300.0,Q2
06927000,2008-03-19,19100.0,Q2
06927000,2008-04-01,23300.0,Q2
06927000,2008-09-15,24200.0,Q2
06927000,2009-10-30,17600.0,Q2
06927000,2013-06-01,22900.0,Q2
06927000,2013-08-07,46100.0,Q50
06927000,2015-12-27,35800.0,Q10
06927000,2017-04-30,27400.0,Q5
06927000,2019-05-01,18300.0,Q2
06927000,2020-01-11,25900.0,Q2
06927000,2022-05-05,25600.0,Q2
06927240,2008-09-14,35000.0,Q50
06927240,2009-10-08,20700.0,Q2
06927240,2010-04-25,18200.0,Q2
06927240,2010-09-19,15300.0,Q2
06927240,2014-09-02,16900.0,Q2
06927240,2016-08-02,29700.0,Q10
06927240,2016-09-10,16300.0,Q2
06927240,2017-04-29,24500.0,Q5
06927240,2017-05-20,17000.0,Q2
06927240,2019-05-01,16500.0,Q2
06927240,2020-01-11,17400.0,Q2
06928000,2008-03-19,89500.0,Q5
06928000,2011-04-26,64300.0,Q2
06928000,2013-08-06,62300.0,Q2
06928000,2015-06-20,62700.0,Q2
06928000,2015-07-11,49700.0,Q2
06928000,2015-12-28,82900.0,Q5
06928000,2017-04-30,119000.0,Q25
06928000,2023-03-25,49100.0,Q2
06928300,2008-03-19,24500.0,Q5
06928300,2008-04-10,14300.0,Q2
06928300,2009-10-30,19000.0,Q2
06928300,2013-08-06,23400.0,Q5
06928300,2015-12-27,20300.0,Q2
06928300,2017-04-30,27600.0,Q5
06928300,2019-05-01,21400.0,Q2
06928300,2019-05-21,14600.0,Q2
06928300,2020-01-11,19400.0,Q2
06928300,2024-06-01,20900.0,Q2
06928420,2009-10-30,25800.0,Q10
06928420,2011-04-26,14800.0,Q2
06928420,2017-04-30,31100.0,Q25
06928420,2019-05-01,15800.0,Q2
06928420,2020-01-11,17000.0,Q2
06928420,2023-03-24,15400.0,Q2
06928420,2024-06-01,20700.0,Q5
06930000,2008-03-19,64000.0,Q10
06930000,2008-04-11,22800.0,Q2
06930000,2008-09-15,25700.0,Q2
06930000,2011-04-26,23800.0,Q2
06930000,2013-08-06,31100.0,Q2
06930000,2015-07-11,26800.0,Q2
06930000,2015-12-29,57700.0,Q10
06930000,2017-04-30,90200.0,Q25
06930000,2020-01-12,25400.0,Q2
06930000,2023-03-25,25500.0,Q2
06930060,2008-03-19,66000.0,Q10
06930060,2008-09-15,24900.0,Q2
06930060,2011-04-26,25300.0,Q2
06930060,2013-08-06,31100.0,Q2
06930060,2015-07-11,26200.0,Q2
06930060,2015-12-29,54400.0,Q5
06930060,2017-04-30,93500.0,Q50
06930060,2020-01-12,25600.0,Q2
06930060,2023-03-25,25000.0,Q2
06932000,2008-03-19,17800.0,Q5
06932000,2008-09-14,16700.0,Q2
06932000,2009-05-08,11300.0,Q2
06932000,2009-10-30,15800.0,Q2
06932000,2012-03-15,11900.0,Q2
06932000,2013-08-07,20100.0,Q5
06932000,2015-11-17,12900.0,Q2
06932000,2015-12-28,24000.0,Q10
06932000,2017-04-30,21000.0,Q5
06933500,2008-03-20,118000.0,Q5
06933500,2011-04-27,85100.0,Q2
06933500,2013-08-07,138000.0,Q10
06933500,2015-12-29,140000.0,Q10
06933500,2017-05-01,197000.0,Q25
06933500,2023-03-26,60000.0,Q2
06934000,2008-03-21,119000.0,Q5
06934000,2011-04-28,88000.0,Q2
06934000,2013-08-08,135000.0,Q10
06934000,2015-12-30,143000.0,Q10
06934000,2017-05-02,190000.0,Q25
06934000,2023-03-27,60200.0,Q2
06935755,2008-07-27,1690.0,Q2
06935755,2008-09-14,5570.0,Q100
06935755,2010-06-17,2350.0,Q5
06935755,2010-07-08,1230.0,Q2
06935755,2010-11-24,1200.0,Q2
06935755,2013-04-18,1190.0,Q2
06935755,2013-05-31,1220.0,Q2
06935755,2013-06-17,1270.0,Q2
06935755,2014-10-13,1110.0,Q2
06935755,2015-12-26,1170.0,Q2
06935755,2016-09-10,1580.0,Q2
06935755,2019-07-22,1710.0,Q2
06935755,2019-08-26,2460.0,Q5
06935755,2024-07-04,989.0,Q2
06935770,2008-05-31,1990.0,Q2
06935770,2015-04-07,2210.0,Q2
06935770,2015-12-26,2040.0,Q2
06935770,2016-09-10,1550.0,Q2
06935770,2017-04-30,1620.0,Q2
06935770,2019-07-22,2230.0,Q2
06935770,2019-08-26,4540.0,Q50
06935770,2020-01-11,2750.0,Q5
06935770,2020-01-18,1830.0,Q2
06935770,2020-08-09,2260.0,Q2
06935770,2022-05-05,1560.0,Q2
06935770,2022-08-04,1880.0,Q2
06935770,2024-07-04,2510.0,Q5
06935770,2024-07-09,1550.0,Q2
06935830,2008-05-31,2850.0,Q2
06935830,2008-07-28,2680.0,Q2
06935830,2008-09-14,6370.0,Q50
06935830,2009-10-23,3020.0,Q2
06935830,2010-09-19,2440.0,Q2
06935830,2015-06-14,2600.0,Q2
06935830,2016-09-10,3260.0,Q2
06935830,2017-04-30,2680.0,Q2
06935830,2019-07-22,5090.0,Q10
06935830,2019-08-26,4460.0,Q10
06935830,2020-01-11,2900.0,Q2
06935830,2020-08-09,3980.0,Q5
06935830,2022-08-04,2350.0,Q2
06935830,2024-07-04,2390.0,Q2
06935850,2008-05-31,1330.0,Q2
06935850,2008-09-14,2820.0,Q50
06935850,2015-04-07,1390.0,Q2
06935850,2015-12-26,1640.0,Q2
06935850,2016-07-25,1650.0,Q2
06935850,2016-09-10,1520.0,Q2
06935850,2017-04-30,1360.0,Q2
06935850,2019-04-30,1310.0,Q2
06935850,2019-06-05,1330.0,Q2
06935850,2019-06-17,1310.0,Q2
06935850,2019-07-17,1430.0,Q2
06935850,2019-07-22,2030.0,Q5
06935850,2019-08-26,1780.0,Q5
06935850,2019-08-30,1390.0,Q2
06935850,2020-01-11,1800.0,Q5
06935850,2020-05-17,1440.0,Q2
06935850,2020-08-09,2700.0,Q25
06935890,2008-09-14,8780.0,Q100
06935890,2015-12-26,3660.0,Q2
06935890,2016-07-25,3380.0,Q2
06935890,2019-05-01,3310.0,Q2
06935890,2019-07-22,5220.0,Q5
06935890,2019-08-26,3440.0,Q2
06935890,2020-01-11,4080.0,Q2
06935890,2020-08-09,6000.0,Q10
06935890,2022-07-26,4680.0,Q5
06935890,2024-04-02,3520.0,Q2
06935955,2008-05-26,2990.0,Q2
06935955,2009-06-16,3060.0,Q2
06935955,2011-06-26,3720.0,Q2
06935955,2019-07-22,5090.0,Q10
06935955,2020-08-09,3150.0,Q2
06935955,2021-07-10,2920.0,Q2
06935955,2022-07-26,7680.0,Q100
06935955,2022-08-03,2850.0,Q2
06935955,2024-04-02,3080.0,Q2
06935980,2008-05-26,3310.0,Q5
06935980,2008-09-14,3580.0,Q10
06935980,2008-12-27,1810.0,Q2
06935980,2009-06-16,1790.0,Q2
06935980,2014-08-07,2010.0,Q2
06935980,2015-06-05,1830.0,Q2
06935980,2015-06-25,1940.0,Q2
06935980,2015-06-28,2020.0,Q2
06935980,2015-07-01,3430.0,Q10
06935980,2015-08-05,2930.0,Q5
06935980,2015-12-26,1930.0,Q2
06935980,2019-07-22,2520.0,Q2
06935980,2021-07-10,2170.0,Q2
06935980,2021-08-31,1900.0,Q2
06935980,2022-07-26,5260.0,Q50
06935980,2022-08-03,2740.0,Q5
06935997,2008-09-14,1470.0,Q10
06935997,2008-12-27,933.0,Q2
06935997,2010-07-09,816.0,Q2
06935997,2011-04-22,1130.0,Q2
06935997,2011-06-26,957.0,Q2
06935997,2014-06-24,880.0,Q2
06935997,2015-06-25,832.0,Q2
06935997,2015-12-26,948.0,Q2
06935997,2019-08-12,1160.0,Q2
06935997,2022-07-27,1160.0,Q2
06936475,2008-05-26,5110.0,Q2
06936475,2011-06-26,5970.0,Q2
06936475,2015-06-26,5400.0,Q2
06936475,2015-12-27,7190.0,Q5
06936475,2017-04-30,4650.0,Q2
06936475,2019-08-12,7040.0,Q5
06936475,2020-01-11,4700.0,Q2
06936475,2020-08-09,5760.0,Q2
06936475,2021-03-18,4900.0,Q2
06936475,2022-07-26,7900.0,Q10
06936475,2022-08-04,4470.0,Q2
393109104464500,2009-06-02,442.0,Q2
393109104464500,2009-06-23,554.0,Q2
393109104464500,2011-07-14,519.0,Q2
393109104464500,2013-09-12,333.0,Q2
393109104464500,2013-09-14,819.0,Q5
393109104464500,2015-05-10,352.0,Q2
393109104464500,2015-06-11,808.0,Q5
393109104464500,2016-06-13,848.0,Q5
393109104464500,2023-05-12,1220.0,Q10
393109104464500,2023-06-11,704.0,Q5
393109104464500,2023-06-23,1200.0,Q10
393109104464500,2024-06-10,916.0,Q5
394839104570300,2009-04-18,2020.0,Q2
394839104570300,2009-06-02,1940.0,Q2
394839104570300,2009-07-11,1870.0,Q2
394839104570300,2013-07-13,1480.0,Q2
394839104570300,2013-09-12,2110.0,Q2
394839104570300,2015-06-07,3310.0,Q10
394839104570300,2015-06-12,1440.0,Q2
394839104570300,2015-06-24,3900.0,Q10
394839104570300,2017-05-08,1420.0,Q2
394839104570300,2022-08-16,1810.0,Q2
394839104570300,2023-05-11,5530.0,Q50
394839104570300,2023-06-22,5020.0,Q25
394839104570300,2023-07-05,1530.0,Q2
402114105350101,2010-06-08,890.0,Q2
402114105350101,2011-07-09,1020.0,Q5
402114105350101,2013-09-12,1130.0,Q10
402114105350101,2014-05-31,875.0,Q2
402114105350101,2015-06-13,686.0,Q2
402114105350101,2016-06-12,739.0,Q2
402114105350101,2017-06-11,709.0,Q2
402114105350101,2019-07-01,666.0,Q2
402114105350101,2021-06-08,661.0,Q2
402114105350101,2022-06-12,786.0,Q2
402114105350101,2024-06-08,705.0,Q2
