site_id,state,n_years,mean_log,std_log,station_skew,station_mse,regional_skew,regional_mse,weighted_skew,pilf_threshold_cfs,pilf_threshold_log,n_pilfs,n_retained,Q2_cfs,floods_Q2,Q5_cfs,floods_Q5,Q10_cfs,floods_Q10,Q25_cfs,floods_Q25,Q50_cfs,floods_Q50,Q100_cfs,floods_Q100,latitude,longitude,elevation_m,flood_severity_score
06803500,NE,17,3.9396042071462567,0.25184196173540185,0.6449268796392427,0.4447300705253459,-0.3,0.3,0.08064538429581916,2189.270495899892,3.3402994242536703,0,17,8634.149248346803,10,14142.051065568627,3,18384.37726362651,2,24401.192152982065,1,29352.866334459617,1,34702.933697411674,1,40.84675833,-96.68171944,348,1.4881082690752845
06793000,NE,17,4.110729060491691,0.3563522760979701,1.007684193791578,0.42382495962446093,-0.3,0.3,0.24198912723458924,1831.1442131279266,3.2627225488343767,0,17,12484.448618010963,10,25450.153874562122,3,37639.812746526135,1,57975.445450529856,1,77260.62376418369,1,100582.27516657903,1,41.41864167,-97.72366667,471,1.4336253465653674
06446700,SD,17,2.3871428165954742,0.4386013429519078,0.7651307673206357,0.4446776967697944,-0.3,0.3,0.12909735524813404,22.050038623876848,1.343409354535009,0,17,238.62069409395104,10,566.5771224431269,3,901.4592750430769,1,1493.2350849498496,1,2079.637761903742,1,2811.3465071220094,1,43.53688,-101.79858,760,1.4336253465653674
06465700,NE,13,3.3147986724180423,0.5652505185915587,0.9091394386163856,0.5782577453762271,-0.3,0.3,0.11302434677592818,108.35478168854863,2.0348480814622856,0,13,2014.4330809365038,7,6125.696295585617,1,11109.42334981078,1,21184.19945765287,1,32333.30833598598,1,47483.91390089524,1,42.654444,-98.043333,394,1.4219447210952747
06799100,NE,17,3.1981803565375944,0.5120939699749261,2.161087815914262,0.23016746403052163,-0.3,0.3,1.0926285463865684,95.40200917529141,1.9795575210830672,0,17,1278.664535785387,11,3804.952310359352,1,7671.027376031794,1,17996.14855115313,1,33132.1274592065,1,59760.4630415671,1,42.14843889,-97.47857222,471,1.42012562492535
06917000,KS,17,3.948358715571188,0.3163919602554641,0.22090524496905706,0.39908273933310867,-0.2,0.3,-0.01937535232070796,1568.3580119634782,3.195445206864167,0,17,8899.803355251332,10,16403.425092630878,2,22551.18412934716,1,31633.433367286194,1,39341.956563222215,1,47850.42889486708,1,38.01896828,-94.71366829,244,1.3852809692049737
06820500,MO,17,4.307777586972941,0.1671512039539162,0.37806169399955675,0.4202213248447133,-0.3,0.14,-0.1305515464156045,8128.496295202496,3.9100102121258344,0,17,20483.946925945314,10,28145.636563005537,2,33076.42358776975,2,39152.77749256921,2,43576.44122532399,1,47920.01264686366,0,39.68801667,-94.70261944,261,1.3755750771088373
06838000,NE,17,2.094599904938373,0.5633495442311274,1.2966905660028156,0.3767054262012552,-0.3,0.3,0.40785182334031683,5.675510069844689,0.7540048985637298,0,17,113.86804264437876,8,358.2312393722917,4,686.5482309291804,2,1429.736508256826,1,2348.1576155734697,1,3724.834326363005,1,40.23484167,-100.50070278,737,1.3700745802741374
06700000,CO,17,2.7453451692867157,0.23495748274455924,1.267774204398816,0.3819646080810834,-0.1,0.3,0.5016914315747858,153.53950783270056,2.1862201441522613,0,17,531.8315416945237,9,861.4402774616208,3,1138.2540453347954,1,1564.1595178585483,1,1943.0704963198873,1,2380.4180583042676,1,39.162769,-105.310273,2092,1.3504363134845971
06803495,NE,17,3.899645019532906,0.2749455454901228,0.5124832823149372,0.43615923361553366,-0.3,0.3,0.031103616669134054,1759.3853141612342,3.245360962532253,0,17,7910.787886029909,9,13508.886011154087,3,17902.133968049562,1,24205.758336826744,1,29436.755891056207,1,35119.25667985415,1,40.838611,-96.691389,346,1.3504363134845971
06449000,SD,17,1.9868027091190243,0.13767337662226,0.9684643084625862,0.428751965937182,-0.3,0.3,0.22217943871945336,45.62294399803664,1.6591833063866854,0,17,95.87567221390685,9,126.16439113651762,3,146.61830965840676,2,172.9895686353776,2,193.0499609475213,1,213.48745134585573,0,43.14694436,-101.51459355,917,1.340730421388461
06036650,MT,17,3.908099153585283,0.20278935878320536,-0.2864777168473285,0.4076137796908433,-0.2,0.3,-0.23666310040702315,2663.9382992310025,3.4255241617092906,0,17,8243.113420466103,11,12041.54393609822,3,14531.348201616176,3,17622.777961583488,1,19880.041937362646,0,22096.584104613212,0,45.8977058,-111.5966389,1263,1.3316625776071485
06710385,CO,17,2.216925538187764,0.34651286551527144,1.0340109307156835,0.42025308183235766,-0.1,0.3,0.3723385262708102,24.679350948781924,1.3923337338430082,0,17,156.84364094021078,8,316.6241640035144,3,470.44881902589367,2,733.802330533031,1,990.139075447644,1,1307.3663376779066,1,39.63276587,-105.33665962,2165,1.3217302029137439
06440200,SD,17,2.904708065195512,0.5323942937606987,0.3578221519609848,0.4174617636737393,-0.3,0.3,-0.024937751974699718,43.42870047171853,1.6377768340501027,0,17,807.0878899809426,10,2256.3976137860345,3,3850.8941956727663,2,6794.8262689703515,1,9794.420016693657,1,13597.888196518223,0,43.968879,-101.76709,685,1.3158181403614888
06892000,KS,17,3.7654235564998366,0.2032728784980489,0.5384239915213396,0.43849806920690115,-0.2,0.3,0.09996990742888151,1912.9249848198479,3.2816979395424157,0,17,5781.455624976823,9,8618.666143286458,2,10666.130403218755,1,13433.397645080053,1,15621.073916749685,1,17914.058635891743,1,39.11632734,-95.01088111,243,1.3020919361242032
06464100,SD,17,2.5812788348960294,0.3537060327646918,1.4231214077924639,0.35321034697709375,-0.3,0.3,0.4913781903945661,54.89964692264078,1.7395695513710048,0,17,356.79397245787936,9,736.9398696508347,2,1119.6538213393849,1,1803.179802967713,1,2495.4022708799166,1,3381.444586417937,1,43.12917164,-100.1070671,677,1.3020919361242032
06188000,WY,17,4.0589455940461265,0.18109478118158667,0.629092537040875,0.44416859192080604,-0.1,0.3,0.19392232282700175,4246.16517475659,3.627996884104613,0,17,11300.451942035517,9,16195.824486144807,2,19699.821820389378,1,24419.643102180416,1,28146.217401279326,1,32052.51532128845,1,44.92771567,-110.39380987,1828,1.3020919361242032
06207500,MT,17,4.005922852349585,0.1303769837634086,1.1945339442149725,0.3949208890090448,-0.2,0.3,0.402025626055179,4962.112123506247,3.6956665733319785,0,17,9935.92408347417,9,12952.079808986993,2,15052.544126422044,1,17830.442569357634,1,19993.079329680015,1,22238.02774299124,1,45.010225,-109.0654219,1220,1.3020919361242032
06447500,SD,17,2.206698152664988,0.3369266625822392,1.1529228655059953,0.4019678134664556,-0.3,0.3,0.3209356772347619,25.404959151173866,1.4049185009414908,0,17,154.42014197987467,9,304.6109189492335,2,445.04409221737717,1,679.2824141687262,1,901.9243971709955,1,1172.0701912595362,1,43.16666553,-101.63014889,943,1.3020919361242032
06784000,NE,17,3.2089769232791556,0.38784817992736226,1.4327802727630163,0.35140078192162155,-0.3,0.3,0.4980249582989491,193.2057517179788,2.286020051179876,0,17,1502.8128343447584,9,3330.6959092452735,2,5273.402815284036,1,8904.841749964802,1,12730.80427752436,1,17786.631156282358,1,41.03244444,-98.74053333,588,1.3020919361242032
06821500,NE,17,1.2538811618716514,0.6145383583174926,1.0172131486779776,0.42255541938126107,-0.3,0.3,0.24689776590670406,0.618689652858391,-0.20852714718362142,0,17,16.928407383613862,7,57.85610834057533,4,113.73570678104447,2,239.95208867184226,1,394.26324620279314,1,622.2589729051513,1,40.02928611,-101.96758611,994,1.2868855471933671
06061500,MT,17,2.4028829740253888,0.2617054709754008,0.6417352972215923,0.4446275046604463,-0.2,0.3,0.13912337052554652,60.270686271252664,1.780106136583579,0,17,249.3540880055774,9,418.0080580080052,4,551.9861614745594,2,747.0187558240777,1,911.3372691124838,1,1092.2746144225505,0,46.5190997,-111.9466583,1260,1.2809734846411123
06803513,NE,17,3.9671141766134363,0.23376073479679654,0.2041854376745107,0.3970911013599521,-0.3,0.3,-0.08301884645024268,2575.354602222292,3.4108370357793936,0,17,9340.029987084692,9,14612.89037822938,4,18388.07031501655,2,23420.744782193553,1,27335.656638612287,1,31377.187153477502,0,40.886111,-96.62418,344,1.2809734846411123
06935955,MO,17,3.443657832146606,0.18329775833188094,0.3472548315100055,0.41600564244158406,-0.3,0.14,-0.13702381865500368,1017.3414239411901,3.007466728389238,0,17,2804.417653268712,8,3972.0874622662473,2,4739.259985077905,2,5698.346019112384,1,6404.773070186086,1,7104.3422047461645,1,38.728,-90.447472,145,1.2733858255533501
06895000,MO,17,3.6621274560757113,0.263820516282659,-0.6727491728333435,0.44539601025712994,-0.3,0.14,-0.3891445846611533,1788.8721047461527,3.2525792918314735,1,16,4777.484178597411,8,7720.775793318316,2,9712.694598741464,2,12213.512652235837,1,14043.713555243385,1,15835.955667851355,1,39.33266389,-93.98,221,1.2733858255533501
06921590,MO,17,4.07167516193176,0.19043343930308348,-0.043538847856678914,0.3847265264897753,-0.3,0.14,-0.23157471656664075,4154.352828114602,3.618503378283842,0,17,11995.523953265776,8,17128.232990991655,3,20441.766889303806,1,24513.87117073774,1,27462.95016646111,1,30341.929384598898,1,38.479167,-94.334592,244,1.2672472804038268
06881000,NE,17,3.7495674718326946,0.27086046667681757,0.0024166047301285897,0.38408503540036704,-0.3,0.3,-0.1673776259906914,1273.5166272772826,3.105004619568682,0,17,5716.369913104016,8,9537.889734089147,3,12344.521080339235,1,16136.174069177794,1,19109.316466647404,1,22190.89017313107,1,40.59655556,-96.96043611,401,1.2672472804038268
06917060,MO,17,3.8810498600359904,0.3382493458560002,-0.35143783577929666,0.41658296947387885,-0.3,0.14,-0.3129384070373348,2155.388863954321,3.3335256346982827,1,16,7918.919062443917,8,14778.788993207248,3,20027.543178409524,1,27243.51779353461,1,32942.90346570841,1,38854.68104124828,1,37.994806,-94.369306,229,1.2672472804038268
06799315,NE,17,3.833452222814909,0.35549607464139843,1.907047205889679,0.2676392765882506,-0.3,0.3,0.8664347219707675,971.5903703197738,2.98748320175093,0,17,6063.550564718395,8,12827.931813753528,3,20378.095044282192,1,35321.03408073468,1,52021.2754309672,1,75319.11277483989,1,41.995278,-97.058056,427,1.2672472804038268
06935755,MO,17,2.976889598135278,0.3397968599200025,0.3778008267987167,0.420186074061533,-0.3,0.14,-0.13060607868413912,147.3261290614322,2.168279778077187,0,17,964.4602106079248,8,1839.979362197557,3,2554.6385918089545,1,3599.3224658122126,1,4474.286200646509,1,5427.588449525172,1,38.609806,-90.672417,176,1.2672472804038268
06869950,KS,17,3.3668537478604286,0.33924253230214685,-1.271674251751651,0.3812591997284988,-0.2,0.3,-0.6719235727805557,722.7961699243872,2.859015842581325,1,16,2538.5161465806277,10,4546.093294905815,3,5888.033157001931,1,7509.919576157926,1,8640.552085745732,1,9696.963674521703,0,38.844448,-97.66837,375,1.261335217851572
06211000,MT,17,2.7313735469958615,0.3967566775147992,0.4510190944767465,0.42954465041102047,-0.2,0.3,0.06770908159355297,61.26567858681431,1.787217248177744,0,17,533.2078233311412,10,1158.5632849783165,3,1748.3445288630726,1,2723.501070558198,1,3635.350388390949,1,4721.417754277019,0,45.437722,-109.25377,1298,1.261335217851572
06308500,MT,17,3.4826058043325174,0.31565849782632194,0.2951859736941214,0.4088042094563952,-0.2,0.3,0.009586498113729663,538.8125538946532,2.7314377058773385,0,17,3034.6000577644495,10,5599.155496862148,3,7717.222827283064,1,10870.88170235975,1,13567.844729554432,1,16563.86338771027,0,46.384725,-105.84528,720,1.261335217851572
06093200,MT,16,3.095051612021002,0.20707095199784784,0.35422724380237197,0.4449961832429796,-0.2,0.3,0.023179899280750288,405.1301514028873,2.60759456631518,0,16,1242.3719509380642,9,1858.1873586891002,2,2295.7907163437635,2,2878.819187858012,1,3333.4439591004493,1,3804.496712438104,0,48.3699711,-112.8028433,1258,1.258302525540345
06450500,SD,17,3.1702987439186163,0.358909411035804,0.9066133386143221,0.4354366110916544,-0.3,0.3,0.19220285762899572,207.11285441660604,2.3162070541274216,0,17,1441.4773467586617,8,2941.2173891838024,3,4335.224479789701,2,6633.307427816911,2,8787.273720277008,1,11365.54472379664,0,43.60138549,-100.74986078,592,1.2575413883076907
06909500,MO,17,3.558696790283376,0.1945847392034045,-0.8761196621832564,0.4381851369676864,-0.3,0.14,-0.4394998721839569,2214.929272585579,3.3453598628316756,2,15,3740.318700277733,9,5311.431967489231,1,6267.997988230471,1,7382.785614144601,1,8150.066282358874,1,8868.24166569181,1,39.1208333,-92.5672222,188,1.2537475587638094
06834000,NE,17,2.343061611851809,0.5337660010858778,0.5876795302128506,0.4420852685090134,-0.3,0.3,0.05885884057354879,11.826769919348818,1.0728661480303043,0,17,217.6836141640617,9,617.5829927529451,1,1072.4711032756684,1,1941.9650492369076,1,2857.9707129348863,1,4053.582901950057,1,40.35178056,-101.12372778,839,1.2537475587638094
06893500,MO,17,4.046936263938292,0.2602404391682129,0.5718005919808021,0.44105652814964547,-0.3,0.14,-0.08994800511753481,2676.9837945074505,3.4276457421330315,0,17,11241.833463421217,7,18493.552985500584,3,23869.393836342453,2,31216.193449358907,1,37048.37307275273,1,43160.152807145045,1,38.95700278,-94.5589,235,1.2385411698329736
06449500,SD,17,2.725126892252467,0.2799511376466332,1.8972472421150943,0.2692025167785451,-0.3,0.3,0.858066159589712,114.53312166648753,2.0589310978275392,0,17,484.7939101192438,7,874.4014311063231,3,1258.031464587865,2,1937.6013602650726,1,2625.5290554238695,1,3509.8545623561404,1,43.32555863,-100.88375559,703,1.2385411698329736
06935830,MO,17,3.359113078720144,0.22700404469670335,0.18535863799229257,0.3949699012767789,-0.3,0.14,-0.1729831170749074,659.0444977294927,2.8189147385180755,0,17,2320.891372134679,9,3563.0492110134824,3,4420.82306072695,2,5529.594038660463,1,6368.038143248227,1,7213.99396313621,0,38.654639,-90.594944,142,1.2326291072807185
06893300,KS,17,3.71662639732842,0.2031564581755827,0.3571458922413892,0.41736882950443194,-0.2,0.3,0.032995581628326276,1710.7156332950312,3.233177824178946,0,17,5194.08681733124,9,7713.88575714782,3,9499.242880126987,2,11873.695046156947,1,13722.870245823344,1,15637.315961065699,0,38.94061488,-94.67129139,263,1.2326291072807185
06191000,MT,17,3.0773059790354202,0.1675451390220596,-0.055597898773487676,0.38512967211621807,-0.2,0.3,-0.13677017339776631,477.0909324067582,2.6786011624337287,0,17,1205.38037151017,11,1656.9659542398585,2,1947.2475323443277,2,2304.575905333122,1,2564.4375268186313,0,2819.36623614342,0,44.99243556,-110.6913211,1718,1.2288352777368374
06769525,NE,17,2.1616473490314614,0.49702117868737794,0.2541192348686137,0.40328657435569465,-0.3,0.3,-0.06363010965639647,9.525614978566791,0.9788930235262807,0,17,146.8648788727027,9,381.4293655808792,4,623.9127148193261,1,1049.0492489163787,1,1463.4043514754312,1,1970.549515868568,0,40.728899,-99.398433,691,1.2264905621311952
06884400,KS,17,4.087079382957779,0.2862388789667702,0.4964236493017228,0.4345685339874859,-0.2,0.3,0.08442151429545999,2546.365483674901,3.4059207387329895,0,17,12107.440827534418,9,21219.474855149707,4,28602.17330529758,1,39483.134470432946,1,48732.575289101405,1,58977.19287600698,0,39.72583518,-96.80474321,342,1.2264905621311952
06119600,MT,17,2.8961995782989534,0.3551211473850636,0.5014918381210627,0.435081827652393,-0.2,0.3,0.08629132637983761,112.49229222437222,2.0511227663664853,0,17,778.2028726442343,9,1561.3148852382592,4,2261.8314496687326,1,3375.387638573045,1,4383.860867222787,1,5556.434614413854,0,46.476893,-110.249077,1421,1.2264905621311952
06730500,CO,17,3.029135975626131,0.2814572613667608,2.142721982362832,0.23267910168539913,-0.1,0.3,1.1630805161682796,228.74735430726355,2.359356079715968,0,17,945.8148938750602,8,1724.5447670208512,2,2549.7583476248305,1,4115.941560807643,1,5808.4201577968315,1,8111.080700108034,1,40.1522065,-105.01497987,1481,1.218902903043433
06191500,MT,17,4.325852541132809,0.16436009760877549,0.5509953912184913,0.4395231983106434,-0.2,0.3,0.10465388764032885,8604.529401386024,3.934727122894832,0,17,21037.11525158714,8,29058.914599761585,2,34533.779914113846,1,41632.0792672297,1,47049.89821374887,1,52578.734112334285,1,45.1118797,-110.7943814,1554,1.218902903043433
06205000,MT,17,3.8773351549622976,0.11780662373509225,1.7325357036323508,0.2967155530189015,-0.2,0.3,0.7715863918018923,3953.5968800369055,3.5969923853366135,0,17,7283.270482740439,8,9323.00855547794,2,10830.988807945632,1,12920.018422893789,1,14614.261908715911,1,16431.26096300507,1,45.5510534,-109.3873875,1183,1.218902903043433
06775500,NE,17,2.94596353224295,0.08200098130878902,1.8633383873689913,0.2746773729912029,-0.3,0.3,0.8293319464321979,563.4131089766871,2.7508269475308453,0,17,860.5022472881318,8,1022.487161515951,2,1136.6269177438999,1,1288.311011680894,1,1406.7131504578863,1,1529.7973805328909,1,41.83124444,-100.10077778,797,1.218902903043433
06786000,NE,17,3.3764430178982834,0.25518340243906995,2.3174172468312113,0.20999765970275783,-0.3,0.3,1.23966426925766,587.741903873289,2.7691866554450035,0,17,2113.9244562118615,8,3647.9106624532124,2,5228.698215514728,1,8152.405773421444,1,11239.522337654638,1,15360.289576014673,1,41.77708611,-99.38113333,688,1.218902903043433
06279940,WY,17,3.8994456821833894,0.11301639606861288,1.4974847939096598,0.33929621753236555,-0.1,0.3,0.6496453522324105,4270.730338099149,3.6305021501267074,0,17,7714.1556664238,8,9756.18958522952,2,11216.339531962503,1,13187.014476909115,1,14748.944310084435,1,16393.676306586778,1,44.469672,-109.43044,1713,1.218902903043433
06803520,NE,17,3.2314735741325626,0.2912494559379887,0.5978514262221664,0.4426781839985905,-0.3,0.3,0.06268121734293611,345.45487852969086,2.5383913301898766,0,17,1692.1197957778365,9,2989.963361238038,3,4042.2641187720137,2,5592.263047072734,2,6908.306129570491,0,8364.007287966144,0,40.85694444,-96.5952903,345,1.218902903043433
06790500,NE,17,3.7081026125670498,0.2898990185836306,2.1074739696269833,0.23758499335827066,-0.3,0.3,1.0434939587436745,1042.8791515282185,3.0182339854493234,0,17,4555.957750595449,8,8437.19923823781,2,12496.316278897093,1,20101.306560915895,1,28214.706341081208,1,39125.22958863437,1,41.26334596,-98.449236,539,1.218902903043433
06102050,MT,17,3.3136943863830988,0.36249518734627467,0.15831388816025896,0.39218230959304096,-0.2,0.3,-0.04470252279160762,282.53332142601846,2.451069675015834,0,17,2072.0252714474477,10,4164.271945926213,2,5976.972432160426,1,8763.92012301692,1,11205.968657827632,1,13965.319579722802,0,47.93303,-110.50938,781,1.2129908404911782
06881380,NE,17,3.5362587162339123,0.4685617480238194,-0.1378111266084205,0.3902997759546352,-0.3,0.3,-0.2295137218461571,263.7721252824924,2.4212288985809627,0,17,3582.3516929726848,10,8608.38419834878,2,13306.304383723107,1,20816.283538293235,1,27540.626753991364,1,35211.82371085328,0,40.367222,-96.889444,391,1.2129908404911782
06408650,SD,17,3.8680956850283676,0.27722554220122747,-0.5467648359215874,0.43918635734674133,-0.3,0.3,-0.4001499148904748,1615.7938538979204,3.208385951843616,0,17,7700.870384242356,10,12739.317742718258,2,16195.403564348897,1,20569.907106788793,1,23790.13384892771,1,26955.49151656118,0,43.89804,-102.64406,742,1.2129908404911782
06433000,SD,17,2.979513225185247,0.42624925306358746,0.15112297964290838,0.3914981028258692,-0.3,0.3,-0.10428450441178923,92.29408277723637,1.9651738581269778,0,17,970.3324657077733,9,2188.987754299981,5,3317.3692288014436,2,5131.268826357946,1,6774.910441278813,0,8676.031111613844,0,44.66720665,-103.83936958,920,1.2074903436564783
06280300,WY,16,3.5900573779155214,0.31843432147613804,-3.2374150122587726,0.1355908138344338,-0.1,0.3,-2.260799708772984,2554.5989735425887,3.4073227333368283,1,15,4979.911735495711,7,6714.268766709061,2,7145.739899089328,1,7351.391527917014,1,7405.367635154464,1,7427.588122350627,1,44.20828238,-109.55488792,1898,1.206695986835329
06714800,CO,17,1.9731829634053204,0.20482299377285618,0.04266889908998082,0.3847011674633836,-0.1,0.3,-0.03749000036679048,30.603321086567853,1.4857685588772132,0,17,94.28937111221525,8,139.93586181394787,3,171.7269114381318,3,213.35721986610034,1,245.30612788527455,1,277.98345312098814,0,39.68721,-105.70028,2835,1.2039229967098652
06935980,MO,17,3.2418657574477328,0.22422433879407921,0.40083078112996956,0.4232563140722707,-0.3,0.14,-0.12580522063067973,510.83688077229834,2.70828224438169,0,17,1764.2742094801365,8,2702.8244106788998,3,3357.621750819295,3,4212.46980718704,1,4865.2093897798695,1,5529.223277048782,0,38.76425,-90.432833,142,1.2039229967098652
06935890,MO,17,3.5012929656521248,0.18647620242601648,0.8939559069758704,0.43662392475616063,-0.3,0.14,-0.01011638643452592,1141.663622459435,3.0575381630788563,0,17,3174.0033154160415,6,4553.300369082935,4,5496.281345712809,2,6715.89838275512,1,7642.857636394072,1,8584.477145341862,1,38.68275,-90.488889,148,1.203696514112597
06253000,WY,17,2.707756085995615,0.0699256736859198,0.5771685634745605,0.44141822321121205,-0.1,0.3,0.17400266500395345,347.8203128719837,2.5413549414119823,0,17,507.84259295646024,8,583.3620994203526,4,628.8845817774983,2,682.7445277353326,1,720.7815880647017,1,757.3803298576573,0,43.22218047,-108.21898648,1458,1.1977844515603422
06752260,CO,17,3.4202939604040723,0.23937238787512166,0.03364181407764893,0.3844678569328708,-0.1,0.3,-0.04142523448368919,709.0271206280668,2.8506628474734033,0,17,2642.0838390181025,8,4190.074612953026,4,5320.847418100843,2,6853.74100645878,1,8064.37098459417,1,9329.44321370432,0,40.58914908,-105.06970016,1509,1.1977844515603422
06821190,MO,17,4.217178140301419,0.15028528707842398,0.364706986583803,0.41840553347643533,-0.3,0.14,-0.1333487536515261,7236.796347480674,3.85954635120698,0,17,16615.649343232377,8,22107.357121259585,4,25556.63644816143,2,29734.296503280115,1,32732.278275445773,1,35644.76101650823,0,39.40097222,-94.72681944,240,1.1977844515603422
06054500,MT,17,4.230935425457277,0.1422179849078495,-0.24589951264897708,0.4022196907635988,-0.2,0.3,-0.21960903970055254,7807.307450551381,3.8925012821504965,0,17,17224.12157984662,10,22484.996558522234,3,25675.866370741474,2,29433.775513337358,1,32063.390992487388,0,34567.61639908286,0,46.14604028,-111.42052,1194,1.193990622016461
06065500,MT,17,4.0238064793821025,0.19487516673376387,-0.05230934994640733,0.3850102214802806,-0.2,0.3,-0.13531892864265344,3631.3221546656137,3.560064779286706,0,17,10670.882429040299,10,15451.389004849889,3,18644.721977137422,2,22684.449716668183,1,25689.281320915776,0,28686.684008673463,0,46.76605,-111.889713,1098,1.193990622016461
06452000,SD,17,3.9749184271592126,0.32697794483895787,0.25807372334747747,0.40380519072214016,-0.3,0.3,-0.06211866691056997,1573.3074511061088,3.196813599464688,0,17,9512.69281263223,10,17825.875966511205,3,24644.65919496715,2,34697.96669565996,1,43202.26091378707,0,52555.301994872476,0,43.74832745,-99.5564948,419,1.193990622016461
06610795,NE,13,4.107780689321088,0.2307661814964954,0.5187155707997958,0.5824010753371811,-0.3,0.3,-0.021651890387729855,3847.9980512736593,3.5852348434278047,0,13,12841.431443563983,6,20055.67662307996,4,25291.777561429062,2,32363.472237150672,1,37934.33791820803,0,43746.80563270925,0,41.11805,-95.93779,298,1.189449287685704
06817500,MO,10,4.200211519521166,0.32482273053737376,-0.3137648719830071,0.7349748548061562,-0.3,0.14,-0.30220244280968267,3184.338604357267,3.5030192419127393,0,10,16464.538796749843,6,30009.315995384037,3,40231.83121306591,1,54165.494564928245,0,65101.8838935254,0,76398.73887832195,0,40.44488056,-95.08889722,278,1.1877054302287244
06464500,SD,17,2.9173634389887506,0.3196723042094763,0.6707352688041832,0.4453615843311899,-0.3,0.3,0.09071047765705026,143.43123629434737,2.1566437417989777,0,17,817.5815656339868,9,1530.736422266854,2,2138.055551828648,2,3068.045368920071,1,3884.5001592296285,1,4811.532295320553,0,43.02889277,-99.78067095,629,1.1842847299203247
06701900,CO,17,2.885057827706833,0.2016355377007362,0.8921719114474133,0.43678603174344083,-0.1,0.3,0.30398645008225456,254.23103625995125,2.4052285676721934,0,17,749.6459276190577,9,1124.868020805133,2,1409.7267530850224,2,1812.3160415410264,1,2144.104958457411,1,2504.010947101902,0,39.25999,-105.221938,1990,1.1842847299203247
06071300,MT,17,2.665186047814321,0.34197577892128983,0.23631490621306656,0.4009964070911962,-0.2,0.3,-0.013273690792410545,71.0217034778557,1.8513910847800208,0,17,463.3856628905764,9,897.8805681571413,2,1267.5257296320601,2,1829.4190936275015,1,2317.8299401558797,1,2866.82601777731,0,47.00522069,-112.070281,1086,1.1842847299203247
06430850,SD,17,1.5760045474834765,0.238388867908348,2.203786482348066,0.2244451401486647,-0.3,0.3,1.1322488420647676,10.202671488622096,1.008713903218538,0,17,34.03878295485426,7,56.58808683964644,3,78.64211989775984,1,117.53372256304193,1,156.82527292037094,1,207.33784001829292,1,44.34943,-103.93604,1547,1.1840582473230565
06463500,NE,17,2.8845200835948477,0.31100431721943383,1.600158699748965,0.3203275685184672,-0.3,0.3,0.6189461163013249,139.45287538443998,2.144427473429759,0,17,712.2395606699367,7,1357.1446568483407,3,1985.9818201364205,1,3084.610001643779,1,4179.210557263446,1,5564.649704757162,1,42.68950833,-99.67895556,611,1.1840582473230565
06407500,SD,17,2.067690842356986,0.5145274222965414,0.6918158755337696,0.4456152580625098,-0.3,0.3,0.09905938007935153,6.9707122349502555,0.8432771545550757,0,17,114.60334235153056,8,314.82223469644924,4,539.8835436382805,2,967.7510817977866,2,1417.5254733560337,0,2004.4764866531782,0,43.978877,-103.3468525,1213,1.1840582473230565
06211500,MT,17,2.3120126896706057,0.35735985272962245,0.760579025696375,0.44481683106708897,-0.2,0.3,0.1869054721763604,28.947326662374127,1.4616084620396734,0,17,199.93387530429183,9,406.5103710422249,3,597.7811303522252,1,912.0432028220863,1,1205.7118269125888,1,1556.3658052297862,0,45.422167,-109.230436,1317,1.1781461847708015
06019500,MT,17,2.9785642906204948,0.14409358862307226,-0.07171685110403428,0.3858169227177367,-0.2,0.3,-0.14388452166464102,432.1821239215331,2.635666799468111,0,17,959.4419462353737,9,1261.0550194780255,3,1448.3247375868448,1,1673.2133050701698,1,1833.4254891976766,1,1988.2086079879243,0,45.19242228,-112.14248642,1648,1.1781461847708015
06408700,SD,17,1.1007256989798406,0.169118080137923,0.21920138265557834,0.3988755351948924,-0.3,0.3,-0.07712710353605771,4.992036780244889,0.6982777764737573,0,17,12.673583734724648,9,17.524919637057973,3,20.70212072455402,1,24.675257491500844,1,27.60687263862751,1,30.51669951394737,0,44.13664933,-103.8585355,1829,1.1781461847708015
06307500,MT,17,3.4702095515879097,0.22521037697004836,0.17206886541172664,0.3935593297497286,-0.2,0.3,-0.03906112305662966,859.5666899594391,2.934279577309046,0,17,2962.6181568709058,9,4572.633271827271,3,5726.24678966706,1,7268.392523743392,1,8472.346015764255,1,9719.638136252192,0,45.1413669,-106.7714494,1025,1.1781461847708015
06803093,NE,17,2.9870265389093276,0.4184362712248677,-0.6973288560680794,0.4456427163018562,-0.3,0.3,-0.4598602845765196,98.01208209378056,1.9912796151132217,0,17,1044.7069603302007,11,2214.2401365760807,2,3151.2156352142597,1,4460.267793734849,1,5497.41334755727,0,6568.7139157787215,0,40.766392,-96.796965,359,1.1743523552269204
06278500,WY,11,3.2021607712758384,0.2422239244071518,0.6379647708886332,0.7093308301355105,-0.1,0.3,0.11934278103529915,469.5783031492284,2.671708022140214,0,11,1575.2295240994965,6,2537.9907203848106,2,3277.279057861704,1,4325.141092177365,1,5187.886581111001,0,6120.9507261860845,0,44.56496097,-107.7128666,1346,1.17208383881747
06289820,WY,13,2.2212466973251948,0.4201001971198099,0.37499442627472357,0.5608330920750714,-0.1,0.3,0.06553537403972164,18.61974827097204,1.2699738052561305,0,13,164.68665888927967,7,374.46169778591087,2,578.7463266577824,2,924.9074654125607,1,1255.2196160479045,0,1654.7863422537305,0,44.99052258,-107.42286645,1351,1.1717958055410658
06445685,SD,17,2.6995924297480407,0.5308235695579772,0.11219868451183397,0.3882601198471704,-0.3,0.3,-0.12033013131574574,27.314863146826408,1.4363990289499236,0,17,513.139942800787,9,1409.8270894013456,2,2358.6621390904907,2,4041.5952491354446,2,5691.399595599997,0,7714.78982852023,0,43.013036,-102.8357327,924,1.1705585256830393
06917240,KS,17,3.661051313682615,0.4078685342454845,-2.1526748835130274,0.2313142079211267,-0.2,0.3,-1.302553736226964,1559.626190238725,3.193020519527397,1,16,5585.012193648847,8,10068.210845949114,1,12440.615888556296,1,14671.939770706618,1,15868.92806835435,1,16761.626538459044,1,37.8356,-94.98136,266,1.1705585256830393
06844500,NE,17,3.0358205256713795,0.4775421334863519,0.6534838812058,0.4449785323683817,-0.3,0.3,0.08396430492079546,79.32685028462042,1.8994202107318445,0,17,1069.3958027456201,9,2726.826783705147,2,4486.911861665635,2,7682.164494521481,2,10912.896440137072,0,15001.758747609605,0,40.13154444,-99.50256111,604,1.1705585256830393
06437020,SD,17,2.1114349090928335,0.3568190012193235,-0.15662055194076185,0.3920189283609565,-0.3,0.3,-0.23784297993170578,18.2943817887158,1.2623177382125843,0,17,133.52650333617459,8,260.08613999435636,1,361.96875426467176,1,508.120593110265,1,628.0412602559713,1,756.2843006013965,1,44.33554,-103.635472,1455,1.1705585256830393
06917560,MO,17,3.927798658684564,0.3266275929482062,-2.218582209886652,0.2225001305554596,-0.3,0.14,-1.0409694141973211,3848.575572884256,3.5853000190400657,1,16,9626.450246158913,8,16051.675787302995,1,19652.505181641503,1,23353.41017992546,1,25556.192151430278,1,27361.582511513814,1,37.864722,-94.582222,229,1.1705585256830393
06827500,NE,14,1.8370481645577539,0.6360604874358031,2.2014111561000522,0.27533047514190984,-0.3,0.3,1.004334429086027,2.377825120376093,0.37617991081737623,0,14,53.99054986723776,7,208.23417048925867,2,489.37938202680726,1,1370.8050733611562,1,2851.9707778941006,1,5772.442510755268,0,40.01021667,-101.54208056,916,1.1698716858021958
06888000,KS,17,3.6530855170551284,0.2934653272906069,-0.062327642965319945,0.38539615779985903,-0.2,0.3,-0.13974038716093237,901.0112117084417,2.9547301951442284,0,17,4570.022756602452,11,7977.260273451479,3,10580.669662504659,2,14205.877871983754,0,17122.892339940616,0,20206.937238131835,0,39.34777386,-96.2174979,303,1.1690783409894887
06317000,WY,17,3.4951658578447664,0.3633221128981099,0.030193928344166572,0.38439316719959926,-0.1,0.3,-0.04293020390155519,427.143029294313,2.630573323343914,0,17,3146.048177099692,9,6334.014115047022,3,9100.810343283196,3,13360.695153726094,1,17098.05962758654,0,21325.229526499115,0,44.64998226,-106.12752779,1112,1.1652845114456076
06447450,SD,17,3.830994377764042,0.2575961086130137,-0.4317325521717171,0.42720601915411344,-0.3,0.3,-0.354344662462344,1651.9486078283146,3.2179965322799142,0,17,7017.440223645176,10,11246.625787768964,1,14119.168103715037,1,17744.71191230172,1,20413.887507177704,1,23041.95632116342,0,43.713882,-100.685137,543,1.1646464631307845
06730200,CO,17,3.0087222327144456,0.26343008083864133,2.7846769843174077,0.1613277180494838,-0.1,0.3,1.775896594625159,240.90253239635098,2.3818413653780883,0,17,861.803857945941,10,1510.9282373039516,1,2271.0721898362813,1,3851.3347048876612,1,5714.595890248787,1,8454.72920282785,0,40.05165184,-105.1788754,1562,1.1646464631307845
06803530,NE,17,3.4353008864092485,0.40347400112943155,-1.1609028591848516,0.40063766267982054,-0.3,0.3,-0.6686225727112829,605.7728192271753,2.782309782822393,1,16,3019.6236990368093,11,6041.5197738516845,4,8221.840425018056,1,10988.682720289948,0,12990.11432225672,0,14907.902627342379,0,41.01569722,-96.54428333,343,1.1629397958399657
06412500,SD,17,2.38185148423195,0.37306404143625277,0.25205790836048053,0.4030175772688785,-0.3,0.3,-0.06441930065028575,31.194370000562078,1.4940762190722539,0,17,243.14013789217358,9,497.6698152277229,4,719.9553251967586,2,1063.2249641593735,1,1364.8407758252465,0,1706.1559671403531,0,44.05276555,-103.31185069,1042,1.1591459662960844
06466500,NE,17,3.2511819259619994,0.5288691407678126,0.40799377277036997,0.4241912778841829,-0.3,0.3,-0.006709900660970131,98.31945260277439,1.9926394519343753,0,17,1785.5555616254012,9,4971.197954638272,4,8483.478001844223,2,14991.440097366194,1,21649.217741723678,0,30123.50717985378,0,42.75650556,-97.94692222,377,1.1591459662960844
06114700,MT,17,3.499550644864212,0.4093427156893727,-0.0585464492322507,0.38524279608811196,-0.2,0.3,-0.13807149017460355,335.3077007068202,2.5254435275894966,0,17,3228.2543109112567,9,7022.974132171369,4,10416.503135330371,2,15716.752367546704,1,20399.898257566376,0,25708.9274255863,0,47.668315,-109.653244,762,1.1591459662960844
06295113,MT,16,1.9547667398055437,0.4441226084783324,1.3718677565451818,0.38657085470327723,-0.2,0.3,0.4868341755744262,8.114772131675604,0.9092763290488395,0,16,82.95839512263782,7,206.17550235634823,1,348.36442766189134,1,633.0236256314785,1,951.0275114288885,1,1391.4462294529694,1,45.3610886,-106.9903417,1143,1.1553300858899107
06186500,WY,17,3.7213040473854124,0.13223856724443728,0.16467362723065404,0.3928081008057952,-0.1,0.3,0.014609064294780594,2550.4556988149266,3.406617784276806,0,17,5259.955477486064,9,6799.921248617115,5,7780.008585209403,1,8984.124681849251,1,9861.065241117576,0,10723.999107169007,0,44.56744139,-110.3807556,2372,1.153007421146561
06392900,WY,13,1.4679911633044118,0.2984398656927423,1.0714964429109386,0.5507151499235485,-0.1,0.3,0.31312175162845673,6.19734035676719,0.7922053481759507,0,13,28.342575996211337,6,51.70808142603984,2,72.28726031163855,1,104.99812463161737,1,134.8281238067033,1,169.8579741484046,0,44.08498109,-104.060489,1869,1.1510761568352035
06429500,WY,13,1.0430720611867952,0.19707352896327898,2.0404493281440303,0.32744376610864073,-0.1,0.3,0.9234141019930457,3.952025132218515,0.5968196977448197,0,13,10.307545854293686,6,15.63533720515638,2,20.277663519922978,1,27.66937801803677,1,34.46926167328218,1,42.55161300831359,0,44.153871,-104.07799,1856,1.1510761568352035
06927000,MO,17,4.23454416476951,0.2124668799110165,0.4441458903969459,0.42872373518077606,-0.3,0.14,-0.11681716761397805,5357.222838837927,3.7289397116453733,0,17,17325.267839237662,8,25969.298580009854,3,31918.03200417358,2,39612.142942850725,1,45443.853651346806,1,51344.88680234574,0,38.43180556,-91.9886111,169,1.1494400741999484
06785000,NE,17,3.8437931211820198,0.3121236913186229,0.8986932863400556,0.43618713302234247,-0.3,0.3,0.1884736091836897,1261.9343212869464,3.1010367521783824,0,17,6823.289287854797,8,12682.900165090105,3,17764.953876597203,2,25699.711413616544,1,32802.4349416396,1,41005.27498482386,0,41.2036236,-98.44645751,545,1.1494400741999484
06033000,MT,17,3.082202044483945,0.23385770139485473,0.24013110141847024,0.401480640157245,-0.2,0.3,-0.011770528127557564,335.50125850409194,2.5256941535969855,0,17,1209.6530226650564,8,1901.7537057645784,3,2407.7228820017845,2,3095.0281185411845,1,3639.2298728437268,1,4209.316047105949,0,46.21103889,-112.091665,1473,1.1494400741999484
06077200,MT,17,3.1459172600226015,0.21745834182339777,0.30322336206118,0.40990939519853464,-0.2,0.3,0.012656727237895307,425.0447878959395,2.6284346950178934,0,17,1397.8434720265852,8,2132.061566656139,3,2660.077845803784,2,3369.4893643883383,1,3926.4205046411807,1,4506.3397068838285,0,46.828005,-111.192174,1339,1.1494400741999484
06930060,MO,17,4.348307887014693,0.3190680681416849,-0.2643221561222266,0.40463114256596067,-0.3,0.14,-0.2908288422153837,6242.1386035482865,3.7953334077269254,1,16,23107.55828742716,8,41720.40618875386,3,55717.67785510051,2,74767.62330991788,1,89710.58203741343,1,105145.3418335809,0,37.76025,-92.057972,239,1.1494400741999484
06036805,WY,17,2.466614609256269,0.14944335927064567,-0.08241858628416948,0.3863649668356364,-0.1,0.3,-0.09231542347059765,129.1178672882725,2.1109863439533965,0,17,294.3836189400251,8,391.7535639122186,3,453.51984461419823,2,528.9746249371107,1,583.5599855074419,1,636.9375529334275,0,44.45966,-110.82243,2240,1.1494400741999484
06893557,MO,17,3.6893906195374644,0.22343462936956415,0.06405538597687993,0.38546932145124607,-0.3,0.14,-0.20300527175211683,1437.7599006699918,3.1576863669089836,0,17,4976.748810078209,8,7573.583874147648,3,9341.991012323362,2,11601.498642369424,1,13292.231934649057,1,14983.794007896424,0,39.033083,-94.605389,260,1.1494400741999484
06845110,KS,17,1.9514409953814544,0.7023485789620313,0.014716928001848876,0.38415683064947176,-0.2,0.3,-0.10584749648789553,1.9057763634543636,0.2800719362728765,0,17,92.00877385975821,9,351.4599038859278,6,696.9521585007333,2,1429.1443085755702,0,2257.9517675182933,0,3392.3138805163303,0,40.001673,-99.992906,683,1.1477334069091298
06810000,IA,17,4.182370495704507,0.24933234222115788,-0.9815234237079421,0.42716665194841935,-0.2,0.25,-0.48852699016529233,6077.523362908046,3.7837266370114726,1,16,15944.02904633367,10,24882.77895643023,2,30622.608702493915,2,37521.436119068014,1,42373.50439828232,0,46976.331763626076,0,40.63250117,-95.62582599,276,1.1456462446560671
06897500,MO,17,4.500064890789456,0.1841049845038718,-0.5498030226043987,0.4394291038653646,-0.3,0.14,-0.3603566906310284,15413.346752731548,4.187896948804925,1,16,32441.476342385176,10,45430.10266518531,2,53427.777189986096,2,62870.689477467255,1,69460.68551000263,0,75704.5533046865,0,39.92695172,-93.94272245,230,1.1456462446560671
06710247,CO,17,3.1325058558054777,0.21923883569472807,-0.2753097038610204,0.4061008362099639,-0.1,0.3,-0.1744835701379445,408.11849317781287,2.6107862745162453,0,17,1376.8244446724816,10,2082.73628093857,2,2564.830150597207,2,3183.0704090226627,1,3647.5327511103887,0,4113.88978390131,0,39.632488,-105.014983,1616,1.1456462446560671
06400000,SD,17,2.511205537109415,0.8170245566343975,0.344242954019265,0.4155893327487693,-0.3,0.3,-0.02991088972306663,3.689297375321418,0.5669436628863342,0,17,327.5506545974449,8,1584.8633574838636,4,3594.2924635363374,1,8572.62589035206,1,14998.010277247427,1,24768.56817524323,0,43.23997364,-103.58825191,1014,1.143301529050425
06479215,SD,17,2.3770532086345475,0.5074276428785941,0.12870569084286554,0.38953339977226603,-0.3,0.3,-0.11348009060135944,14.775247562073554,1.1695347663006197,0,17,243.5838729088775,8,640.7268384948956,4,1049.2325919484713,1,1759.0325275061539,1,2443.7019945139514,1,3273.483022772355,0,45.18079549,-97.1861904,545,1.143301529050425
06848500,KS,17,2.731485434041719,0.3558963169699487,0.40147922562062244,0.42334138527882903,-0.2,0.3,0.049458653076555836,76.65914337280786,1.8845639619240573,0,17,535.244050136054,8,1071.8344213415905,4,1546.777731480429,1,2293.845031897291,1,2963.5510124624434,1,3735.4605889936206,0,39.98524051,-99.47427767,619,1.143301529050425
06605000,IA,17,3.389653161377794,0.5102297105359775,-0.3392880392766202,0.4149035499181262,-0.2,0.25,-0.2523715203858408,149.7844323763767,2.1754666779537843,0,17,2576.879048626933,8,6669.99011781256,4,10671.067039245592,1,17261.58021844668,1,23295.836128086634,1,30286.949203684242,0,43.1280262,-95.21083041,402,1.143301529050425
06166000,MT,17,2.9117867778354145,0.6891744826017134,-0.41568120701244543,0.42518237426121896,-0.2,0.3,-0.2892249514057086,18.69682792256402,1.271767930997345,0,17,880.980648623054,10,3157.578527719804,3,5900.920388872923,1,11144.276785817796,1,16526.289882867237,0,23297.306420292105,0,48.356663,-107.583159,676,1.1395076995065438
06807410,IA,17,3.7622175155348336,0.3811828665373474,-0.4067762140559367,0.4240331089585022,-0.2,0.25,-0.27669364134628405,716.34460789132,2.855121996192609,0,17,6022.4876415222925,10,12219.979334143307,3,17299.923102287456,1,24654.719556335975,1,30721.176918097146,0,37224.26561200834,0,41.38999164,-95.37166665,329,1.1395076995065438
06012500,MT,17,2.800966717164679,0.09210067663628946,-1.1249563647781,0.4065402604716988,-0.2,0.3,-0.5927404069630439,454.01349445021907,2.6570687613993287,1,16,645.6787027137696,10,758.423843242535,3,815.8736007947009,1,874.9595604819211,1,911.5729384734828,0,943.2766274136221,0,44.65602346,-112.371389,1998,1.1395076995065438
06043500,MT,17,3.7478316884984304,0.09943985603520684,0.2896792189524238,0.4080504638908135,-0.2,0.3,0.007476406241548286,3244.8607056031633,3.5111960582746504,0,17,5593.810886396847,8,6784.003097343898,3,7504.958973282515,2,8359.402807814819,2,8963.026649976628,0,9543.549169602653,0,45.4974286,-111.2705108,1580,1.1357138699626628
06804000,NE,17,3.6398922428068268,0.4127986548195549,-0.17070143272705054,0.39341855579070045,-0.3,0.3,-0.2440603804758969,454.5284539299309,2.6575610756723034,0,17,4535.954025666848,8,9801.587110056353,3,14353.562326780408,2,21220.593005270264,2,27085.391409674634,0,33543.009731140584,0,41.14752222,-96.53783056,340,1.1357138699626628
06062500,MT,17,2.3734378249770587,0.26870066301636875,0.568792803467657,0.4408477118785202,-0.2,0.3,0.11131612791984397,54.20191454771288,1.734014627180858,0,17,233.58966379497588,8,396.2835797356334,3,525.8173748898134,2,714.4649866523674,2,873.3477891998573,0,1048.1690779601747,0,46.52409916,-112.2569557,1480,1.1357138699626628
06461500,NE,17,3.337755649692537,0.1665872647935658,1.8065887377576024,0.2840641976640531,-0.3,0.3,0.7820328036795475,873.6354995298302,2.941330272953012,0,17,2071.336596025026,7,2937.533599056337,2,3633.2203879661065,1,4666.628104462991,1,5559.292601498469,1,6566.82881356628,1,42.90209167,-100.36234444,702,1.1357138699626628
06066500,MT,17,4.029049362473588,0.19868172256049788,-0.005692311150318425,0.3840940879458253,-0.2,0.3,-0.1147890506846176,3599.5586556254834,3.556249254884899,0,17,10785.733881036494,10,15749.837333029951,4,19103.100462259554,2,23383.32076848369,0,26592.52735326824,0,29814.00244892736,0,46.994665,-112.0111108,1057,1.1342336852691124
06228000,WY,17,3.780375846756189,0.20518324584483658,-0.5832142288681823,0.4418085947555795,-0.1,0.3,-0.29542004458470766,1959.3145131628528,3.2921041554268786,0,17,6172.558593668552,10,9022.818848685243,4,10863.9647565785,2,13118.962542989406,0,14743.83966296117,0,16321.874917381712,0,43.01051478,-108.37677012,1501,1.1342336852691124
06337000,ND,17,3.746071030586837,0.5648980058258181,-0.3834279787683677,0.42094428699831943,-0.3,0.3,-0.33471612728178624,252.2267662276796,2.4017911718808795,0,17,5991.445337118246,10,16917.3293010044,4,27974.872500863316,2,46456.90103437146,0,63467.56935676212,0,83168.16777870119,0,47.59584887,-103.26296849,599,1.1342336852691124
06317020,WY,10,1.7058410451246195,0.4893760316794351,0.3674394247830312,0.7470650385288107,-0.1,0.3,0.033928478437159446,4.523298257632172,0.6554552252372319,0,10,50.47470564881897,4,130.88276743616592,1,216.14860371509528,1,370.0598727608254,1,524.5402660658193,1,718.6115378731291,0,44.632482,-106.031967,1142,1.131370849898476
06480000,SD,17,3.552539840165261,0.4036701774056442,0.674137707569815,0.44541849196681255,-0.3,0.3,0.0920499899323072,390.77932883527075,2.591931582656225,0,17,3518.4197150051127,8,7768.650515511648,4,11848.924547620596,3,18700.888560572414,1,25198.01940279282,0,33025.308467793584,0,44.17996953,-96.74894048,475,1.130439855725231
06403700,SD,17,3.267160808336932,0.481772100433512,0.5393722885581052,0.43857792410391444,-0.3,0.3,0.0409412579897295,132.03665103719962,2.1206945004014637,0,17,1836.0034686007282,8,4695.068630392275,4,7702.82111390587,3,13102.128461469245,1,18498.895744376063,0,25258.797257422048,0,43.673045,-102.893797,814,1.130439855725231
06803510,NE,17,3.168656493330385,0.4727923521074989,-1.1203469710132135,0.40727971611386066,-0.3,0.3,-0.647958644503733,282.74279586977775,2.4513915481550135,1,16,1657.2383093335256,9,3749.21558620573,2,5399.874030247455,1,7625.092188878414,1,9312.885969963603,1,10985.436330406557,0,40.89311389,-96.68155278,347,1.1298018074104075
06896000,MO,17,3.723644591437151,0.219872902626671,-0.1760011632568885,0.39396877135237796,-0.3,0.14,-0.2674890404169732,1586.412524728658,3.200416129966202,0,17,5412.979699078517,9,8146.447423726899,2,9962.73566494695,1,12234.974297238912,1,13902.351674679448,1,15544.33273284267,0,39.34673333,-93.49604167,200,1.1298018074104075
06799350,NE,17,3.944506678172552,0.400035388012847,1.3579761074548207,0.36538530817905207,-0.3,0.3,0.447526021573353,982.9876873008413,2.9925480779839244,0,17,8217.867356340803,7,18603.053516653854,2,29682.440106499314,2,50402.55511769048,2,72207.3036698462,1,100964.90379449667,0,41.83944413,-96.72753243,393,1.1260079778665266
06123030,MT,17,2.9577261844610554,0.5152988555772756,0.289539188420028,0.4080313390837058,-0.2,0.3,0.0074226780922841545,53.88609689582639,1.731476727704516,0,17,905.9176102783742,8,2461.6463594684387,5,4154.4772818823,2,7263.863821223698,1,10424.875222695076,0,14431.197057752024,0,46.318569,-109.460456,1152,1.124301310575708
06429905,WY,14,1.9243646483665937,0.3088636465276493,0.01558368150161429,0.47458948628731973,-0.1,0.3,-0.055234217525097946,16.405287687459783,1.2149838506916362,0,14,84.56834407498116,8,153.14592376557277,3,208.1219901363333,2,287.85380628347366,0,354.4106373695401,0,426.8952130917398,0,44.52026325,-104.0838239,1138,1.1165493649787162
06482020,SD,17,3.7901939453975615,0.29249355713046654,0.596891510486074,0.44262446274356765,-0.3,0.3,0.06231967386554124,1242.084468701609,3.0941511313024015,0,17,6125.705348888997,7,10850.130323328294,4,14687.12741786971,2,20345.896948033176,1,25155.471679078466,1,30479.567306045203,0,43.56691932,-96.71116073,397,1.1145954184795719
06911490,KS,17,3.470772115391214,0.46355373500264413,-0.9881591402938541,0.42633956840515297,-0.2,0.3,-0.525533335058879,233.163086711943,2.367659796060217,0,17,3244.919539772702,11,7377.873012703493,3,10781.891513126118,1,15586.50786043264,0,19403.049999022256,0,23338.33763521064,0,38.6014,-95.68471,303,1.1145954184795719
06874000,KS,17,3.118546427555085,0.6841246696234037,-0.8708283980844094,0.43862245849598663,-0.2,0.3,-0.4724646632531501,30.941726985713714,1.4905445498104894,0,17,1486.7413460741418,11,5061.723885557105,3,8983.467426865644,1,15780.334123082985,0,22131.421990035757,0,29503.169792595054,0,39.42862159,-98.69479507,463,1.1145954184795719
06404000,SD,17,2.3682655457322537,0.6356476574686324,0.06651836617409165,0.38557695377504464,-0.3,0.3,-0.13961609379257703,7.171726741915914,0.8556237336594006,0,17,241.57521454586478,8,807.413549063425,7,1488.6395218855832,2,2818.119359662835,0,4223.34974114786,0,6045.870923539866,0,43.87248893,-103.33657785,1163,1.1128887511887533
06077500,MT,17,3.320339304690184,0.22187848782161612,0.11164529463194266,0.38822010571584725,-0.2,0.3,-0.06415161717436882,619.9236147840195,2.792338180270031,0,17,2102.3812305057263,9,3219.105623536432,3,4009.7805991439454,2,5056.347557819712,1,5866.141959914108,0,6699.1091099026335,0,47.189119,-111.386352,1074,1.1108015889356906
06657000,WY,17,3.4856323397969153,0.21548165213407924,0.6441065519395845,0.4447042208031197,-0.1,0.3,0.1997592323850841,939.406748010426,2.9728536755120865,0,17,3009.2794640598527,9,4619.340950967211,3,5834.191702623818,2,7538.187520788787,1,8931.097627973093,0,10430.8730735541,0,42.24102331,-104.62796012,1300,1.1108015889356906
06306300,MT,17,3.5221176777166385,0.25082231844877967,0.1491932600366687,0.3913188196984759,-0.2,0.3,-0.04846647447455342,841.8589350824906,2.9252393256472002,0,17,3343.0562657890764,9,5417.317787729845,3,6953.922310153199,2,9057.68318325971,1,10732.501882532913,0,12492.926146765752,0,45.0088633,-106.836178,1046,1.1108015889356906
06607500,IA,17,4.087238058994046,0.4039184537847498,-0.4957388074680382,0.4344983933876557,-0.2,0.25,-0.3080129662556238,1336.7154928866698,3.126038981669077,0,17,12821.652903508353,9,27027.416850073158,3,38881.24235710885,2,56206.8267869874,1,70578.63863557516,0,86029.1390687233,0,41.96443234,-95.97278843,315,1.1108015889356906
06036905,WY,17,2.956335601833639,0.14595198503945486,-0.1454880271130062,0.39097981591822684,-0.1,0.3,-0.11974935854785784,406.45803270613993,2.6090157108032765,0,17,910.4328615714069,9,1202.1099143482388,3,1384.872346541958,2,1605.9720392254908,1,1764.5356763346435,0,1918.5352604364607,0,44.62021,-110.86299,2155,1.1108015889356906
06890900,KS,17,3.743981637884839,0.2920589959187731,-0.9532612893924418,0.4305243282783449,-0.2,0.3,-0.5093372500684605,1119.3681435106087,3.048972943008068,0,17,5870.5235939126005,11,9866.559994821178,4,12553.210815707325,0,15874.366785902164,0,18258.787194314405,0,20551.48599833371,0,39.07500017,-95.40386342,258,1.1084568733300486
06402430,SD,17,1.1435581921170732,0.47469099451646585,0.9102039755412575,0.4350880934419659,-0.3,0.3,0.19390160975453258,1.0326251365066415,0.013942692581491833,0,17,13.434645408529398,7,34.50979434635004,3,57.66345623829831,3,101.25088115720108,2,146.91841602350738,0,206.5484210249973,0,43.58137,-103.47658,1262,1.1070077593918095
06614800,CO,17,1.6379386833064578,0.17283582189257327,0.5903939517356585,0.44224858528465844,-0.1,0.3,0.17904153625468483,16.85169937336459,1.226643702908321,0,17,42.93225246546758,7,60.491500162037156,3,72.8593017953215,3,89.30989999300404,2,102.15663056206597,0,115.50770176790105,0,40.49609409,-105.86501195,3188,1.1070077593918095
06133500,MT,17,2.2238667011880437,0.39092943421989956,0.11321614843730834,0.3883341499775844,-0.2,0.3,-0.06348949193607137,19.6597237708586,1.2935774114801133,0,17,169.04530211506474,9,358.1209032004628,4,527.3883960452246,3,793.678792836919,0,1031.2521251048533,0,1303.2129380340994,0,48.97082,-113.05704,1287,1.1055275746982591
06285100,WY,17,3.715786766269392,0.16615157632222824,-0.17772952250628762,0.3941508733083302,-0.1,0.3,-0.13359335505946768,2091.21262076015,3.3203981912722145,0,17,5241.857908160661,9,7187.748154339616,4,8437.251075365486,3,9974.411006933555,0,11091.812840590392,0,12187.717979079294,0,44.83856383,-108.43511864,1192,1.1055275746982591
06436190,SD,17,2.5631450904032946,0.5021588748892764,-0.3479760459080452,0.4161052581311156,-0.3,0.3,-0.3200987405259051,23.343429530043807,1.3681646613305047,0,17,388.95030215947696,9,980.9986901746195,4,1538.2767502865556,3,2424.2652477298097,0,3209.1506626603814,0,4093.846925189133,0,44.54165099,-103.57158114,973,1.1055275746982591
06821150,MO,17,3.5950693215674607,0.300373308520566,-0.0605448370182165,0.3853226907795645,-0.3,0.14,-0.23618451400280957,759.0583702258328,2.8802751736455225,0,17,4044.6730465037767,9,7090.817329484039,4,9367.444535718367,3,12466.18739455933,0,14903.606308413955,0,17430.824770581436,0,39.38805536,-94.57912146,244,1.1055275746982591
06403300,SD,17,2.0982690809288194,0.5054778794938098,-0.026204503916330786,0.3843167424365112,-0.3,0.3,-0.1799698389189691,7.859419375368554,0.8953904631656595,0,17,129.84450635487113,9,336.90366538822065,4,543.9343940260949,1,893.5673426239098,1,1221.7634102062032,0,1610.373572978859,0,43.71721053,-103.36797127,1188,1.1046630437861673
06926510,MO,17,4.786978786631044,0.1540116738734014,-0.21027878484242107,0.3978059242182633,-0.3,0.14,-0.27664404656694835,26331.728416585764,4.420479367163379,0,17,62240.310109844526,9,82838.2517579821,4,95330.30786111536,1,110000.87701830805,1,120225.9708623392,0,129924.67149826456,0,38.421444,-92.20825,162,1.1046630437861673
06192500,MT,17,4.400737094112462,0.15302658480309358,0.251362657555121,0.40292706222785457,-0.2,0.3,-0.007364370298431636,10878.822160954707,4.036581877284192,0,17,25172.417028099397,8,33851.81784208036,2,39511.86273199853,2,46585.45801229786,1,51809.63719556198,1,57003.469865413914,0,45.59715806,-110.5660394,1386,1.1010956968395547
06481000,SD,17,3.653504717247773,0.3158181454785288,0.4563958978591058,0.43017661697326237,-0.3,0.3,0.010772440643687486,797.9151434262634,2.9019567075145605,0,17,4497.153341772657,8,8301.130510865898,2,11444.700942700116,2,16127.69252407545,1,20134.416245830635,1,24587.155221721932,0,43.7902515,-96.74532896,448,1.1010956968395547
06847500,NE,17,2.37311306868799,0.39405600244758365,0.5253320412681143,0.4373544173139785,-0.3,0.3,0.035794573907057786,27.251068062772152,1.4353835284357124,0,17,234.83469928090582,8,505.88843205950616,2,757.883050371976,2,1168.9917304470052,1,1548.6371825864323,1,1996.1024753042375,0,40.13179444,-99.55463333,609,1.1010956968395547
06311400,WY,13,2.5892030213102233,0.37965447050123363,-0.24133432718271916,0.5374617845313842,-0.1,0.3,-0.15062953192370632,53.64326960154663,1.7295152405933323,0,13,396.9456131977237,7,815.0599382204097,2,1172.7817638356441,1,1713.060556312549,1,2177.307828905641,0,2692.5430935075,0,43.911357,-106.88949987,1745,1.100548906874251
06914990,KS,17,3.0773148295018005,0.29999947446709735,-0.2549369431941184,0.40339354059507504,-0.2,0.3,-0.22343081363000922,230.89274621808914,2.3634102892318527,0,17,1225.9649408142088,9,2150.320970455408,5,2843.7481315858427,2,3790.997772921818,0,4538.70761770895,0,5316.26312319762,0,38.76751,-94.87941,299,1.0993890295487359
06359500,SD,17,3.5023763265628602,0.6403115089544602,-0.08347539415447548,0.38642298812237186,-0.3,0.3,-0.2053682891195988,95.19979485849673,1.9786360125449904,0,17,3344.0995144418757,9,11134.403495341898,5,20305.109255854884,2,37743.61007188441,0,55703.07966211813,0,78465.08191712758,0,45.19775826,-102.15654716,689,1.0993890295487359
06017000,MT,17,2.6288325746617978,0.21299498372275988,0.060585411303102604,0.385324339838086,-0.2,0.3,-0.08592901368511081,132.42543259008696,2.1219714003063768,0,17,428.43273756171016,9,644.0585714383783,5,793.8934375928965,2,989.3423702076037,0,1138.6597063425436,0,1290.7344950822217,0,45.217977,-112.655854,1553,1.0993890295487359
06354000,ND,17,3.611310161631141,0.5304045072252158,-0.29657497969096697,0.40899480819258616,-0.3,0.3,-0.2985507565346927,223.41585882446373,2.3491139975866746,0,17,4341.77324815454,9,11578.358341754583,5,18700.411788524554,2,30423.01290781203,0,41113.39657575053,0,53434.70539604606,0,46.37611111,-100.93444444,514,1.0993890295487359
06305700,WY,10,3.2034564871754916,0.28912345643332243,0.9706455728947411,0.7544787215118937,-0.1,0.3,0.20459948154088903,382.72632633035033,2.582888336765291,0,10,1561.721322708907,4,2776.3340810140808,2,3799.599998422388,2,5362.751049085126,1,6736.9656491277465,0,8302.429241917052,0,44.8863607,-106.98895933,1114,1.099070478491457
06099000,MT,10,3.0580580918922466,0.2378033155057912,-0.21491994090653005,0.7136057140310883,-0.2,0.3,-0.20441590078863914,352.8924358483847,2.5476423494778104,0,10,1164.5411889767622,6,1820.5095305027914,3,2275.8218545627824,0,2865.3873640892693,0,3311.3388151230397,0,3761.0449760102597,0,48.6333169,-112.3469964,1086,1.0950844619618656
06935770,MO,17,3.174773621760199,0.23612065629072107,-0.05534509775796027,0.38512023783446875,-0.3,0.14,-0.23477363116848185,410.0913499876981,2.61288060885776,0,17,1527.5843132835182,8,2375.2496669654693,3,2956.7908277565652,1,3702.226843272733,1,4260.816685062338,1,4819.828587784959,0,38.657833,-90.619167,144,1.0949571516900312
06759500,CO,17,3.732541226194833,0.43487601365081147,0.5641212838323262,0.4405147010388676,-0.1,0.3,0.1690512219003745,498.5088560632777,2.6976728780042425,0,17,5251.624999820015,8,12431.235403081084,3,19821.40133096911,1,33004.12328530951,1,46193.54366648417,1,62794.11201611003,0,40.268592,-103.799396,1301,1.0949571516900312
06866900,KS,17,2.452865054795602,0.9614702369023899,0.2914625949363961,0.4082942191318475,-0.2,0.3,0.008160358362988993,1.4617322265215096,0.16486782187271443,0,17,282.85079200494454,8,1826.7329347542002,3,4851.496187009468,1,13765.58662663842,1,27020.21806982527,1,49584.60858241759,0,39.10612964,-99.86999066,684,1.0949571516900312
06891500,KS,17,3.449977669003022,0.27393646060089055,-0.45100112683254173,0.4295425232996308,-0.2,0.3,-0.3032158313530353,943.1614203566473,2.974586027807035,1,16,2909.392397807635,8,4826.452376608996,3,6179.481882274095,1,7939.746114004244,1,9270.720168471868,1,10608.8221559049,0,38.9112951,-95.26110069,249,1.0949571516900312
06452320,SD,17,2.70048235474423,0.7250599360205598,0.4941294991264924,0.4343328450689656,-0.3,0.3,0.024428971600164884,9.442073958812449,0.9750673978934079,0,17,498.3452266237903,8,2040.9447735105077,3,4281.143182133991,1,9460.40396460144,1,15814.504082587744,1,25132.5741855832,0,43.32722,-98.97064,421,1.0949571516900312
06864000,KS,14,3.013033404680062,0.7178520622797774,-0.8331096129376094,0.54217320542563,-0.2,0.3,-0.4255271037568712,23.137201212954064,1.3643108234453187,0,14,1158.2584716220538,9,4238.111477096248,2,7836.621349145358,1,14412.665669194246,0,20844.04428551712,0,28583.596906875548,0,38.77667813,-98.85480662,521,1.0927028981628453
06710605,CO,16,2.3324221637479017,0.5102472493827606,-0.714563787306991,0.47517121948877117,-0.1,0.3,-0.3378431133107464,31.914917564858886,1.5039937269994716,1,15,229.66967798031226,8,586.2246698464626,3,922.8030370401293,2,1457.8218406266078,1,1931.0893692229022,0,2463.49080916829,0,39.6522099,-105.173599,1726,1.091838340595853
06915000,KS,17,2.9828091595640482,0.2576295737071006,-0.42494808434785175,0.4263586410167585,-0.2,0.3,-0.292907857762786,234.27809160172134,2.369731677665051,0,17,989.3956641151273,10,1593.9732991674678,2,2013.0076376319903,1,2551.7979751232165,1,2955.560264709731,0,3358.9918589724457,0,38.63667821,-94.89162978,271,1.09116332214615
06903700,IA,17,3.82128468330064,0.3494430820806846,-0.3328936313331109,0.41401737060550026,-0.2,0.25,-0.25003394384544814,976.6071143858815,2.9897198837073473,0,17,6852.250393370763,10,13146.765747601068,2,18143.503082097024,1,25232.807735428705,1,30994.69614152742,0,37111.037731307464,0,40.80056114,-93.19243034,280,1.09116332214615
06799000,NE,17,3.636453991671302,0.4212091567750478,1.2762656427811272,0.3804270979598301,-0.3,0.3,0.39497480957505193,430.6341538797148,2.6341084710361886,0,17,4062.4792608976436,6,9560.575123884884,3,15520.98790826529,2,26782.22673137545,2,38715.56576277374,1,54523.21947906166,0,42.00306111,-97.42617222,462,1.09116332214615
06890100,KS,17,4.104690816831399,0.26957102461176674,-0.6723440723828386,0.44538925841345467,-0.2,0.3,-0.3901063372129401,2905.336443436612,3.4631964317581705,0,17,13248.833580276889,10,21634.419331049437,2,27349.81813359577,1,34559.16620436682,1,39854.64728621719,0,45053.695379149896,0,39.52138733,-95.53275605,284,1.09116332214615
06935850,MO,17,3.10570213650641,0.168642683615016,0.6818794343901481,0.44552507418867904,-0.3,0.14,-0.06523102617749763,506.2738646877135,2.704385508435874,0,17,1280.9597296572483,6,1770.6948064194858,3,2092.25433885113,2,2495.298721392132,2,2793.341497326796,1,3089.7053691318474,0,38.646444,-90.527028,150,1.09116332214615
06446000,SD,17,2.8622623979788564,0.518120906049064,0.18957368516168838,0.3954327583418402,-0.3,0.3,-0.08880473520013352,42.588990630396275,1.6292973473091628,0,17,741.1909359775335,8,1997.146319039233,2,3320.0170947077013,2,5666.318640118673,2,7971.089483173533,0,10805.883571105345,0,43.25470471,-102.82518431,882,1.087369492602269
06625000,WY,17,3.3886492976860225,0.18824939279488662,-0.6453363788215307,0.4447428416494635,-0.1,0.3,-0.3196743687849545,872.318049764744,2.9406748588705636,0,17,2504.169502837109,10,3542.356165711688,3,4193.184944321713,2,4973.003720865046,0,5524.560268053423,0,6052.755060234411,0,41.30329849,-106.71531285,2137,1.0858893079087186
06888500,KS,17,4.0112058935156325,0.39508800450972714,-0.7944512024685403,0.44353249404300954,-0.2,0.3,-0.43984877886217344,1177.6615950818511,3.071020512435498,0,17,10966.91736343204,10,22351.280766319207,3,31282.51888950032,2,43612.86328767867,0,53306.166717292865,0,63273.325736653045,0,39.06265453,-96.15025179,295,1.0858893079087186
06715000,CO,17,2.737985112395529,0.19131523506139417,-0.9835384690578344,0.42691700643226405,-0.1,0.3,-0.46463796880785924,269.2998871553268,2.430236171429226,1,16,565.9162659740132,10,797.5739556402532,3,936.8941681093014,2,1097.6472297869757,0,1207.2899553755722,0,1309.1786854016464,0,39.751932,-105.661947,2530,1.0858893079087186
06289600,WY,13,2.074197093518114,0.4041668762028082,-0.006892623096615832,0.514813840249728,-0.1,0.3,-0.06571951568415374,14.421270988198977,1.15900353769525,0,13,119.84605753968917,7,260.36306725690116,4,388.3567545190387,1,592.3007830981036,0,776.1415394863221,0,988.2250047799644,0,44.9877441,-107.4828685,1381,1.085624790752849
06861000,KS,17,2.4970401359814782,0.5853253930393391,0.6828625909591631,0.4455363326528144,-0.2,0.3,0.15525938265853756,12.710115892570176,1.1041495105283792,0,17,303.3188124767773,8,965.4481184080998,3,1803.9329021875842,3,3567.3899833513797,1,5588.6726666924205,0,8416.595941968491,0,38.80766483,-100.02267708,672,1.0820954783648373
06108800,MT,17,2.669960974533357,0.564284025828755,0.6459670200249573,0.44476233656026326,-0.2,0.3,0.14076656880856042,21.23939762229006,1.327142195412011,0,17,453.6554648680915,8,1382.3056576471606,3,2518.200211544568,3,4837.700437716576,1,7430.191412213249,0,10984.421644443924,0,47.932472,-110.514379,781,1.0820954783648373
06200000,MT,17,3.7931254092719477,0.12457977621040814,0.8610054138364422,0.4394022853166499,-0.2,0.3,0.23048504240775997,3138.0847165149153,3.4966646637309458,0,17,6142.477364382623,8,7876.573436749056,3,9026.898971177397,3,10490.186310210862,1,11590.525149970892,0,12701.671125835299,0,45.8341061,-109.9387978,1240,1.0820954783648373
06409000,SD,17,1.8320304547520698,0.31410602899365625,0.5856191700853589,0.4419588424657326,-0.3,0.3,0.05808691239888872,12.149453539634601,1.0845567445961903,0,17,67.4512028139851,8,124.5841870881907,3,172.3758267446719,3,244.43290144549036,1,306.80892045862663,0,376.82377501266944,0,44.01359238,-103.83047842,1820,1.0820954783648373
06930000,MO,17,4.333993987377845,0.33115534354126824,-0.3106057254552765,0.4109286202042125,-0.3,0.14,-0.30269508881783697,5674.017243647564,3.753890651306433,1,16,22422.169743467442,8,41346.99420475734,3,55745.95101918123,3,75482.39850393592,1,91042.33311951593,0,107166.75091768593,0,37.66563611,-92.04991389,246,1.0820954783648373
06769000,NE,17,2.1933673218080405,0.2577429929779434,0.7230417103103499,0.4455587880922535,-0.3,0.3,0.11165434301758695,38.02068505176947,1.580019937661539,0,17,154.37318145796465,8,256.3142108792868,3,336.20634557512585,3,451.17273936966427,1,547.0282176736672,0,651.6881965524798,0,40.7344535,-99.505937,703,1.0820954783648373
06916600,KS,17,4.34257355617067,0.18529190211424462,0.358342742791345,0.417533278679811,-0.2,0.3,0.033442584217963825,7973.280015162979,3.9016370164330914,0,17,21955.37199947518,8,31492.730182120104,3,38079.23594343287,3,46674.97928520233,1,53263.739039481836,0,60003.7002111716,0,38.22252545,-94.66801238,240,1.0820954783648373
06422500,SD,17,2.1990152775434626,0.4778971404235692,0.26739336969236127,0.4050398393941921,-0.3,0.3,-0.05856965607224579,11.528429752528938,1.061770157576329,0,17,159.83801797774393,8,400.42750619161933,3,643.2655393962003,3,1061.5791021723303,1,1463.5932224801254,0,1950.5099914233685,0,44.14387557,-103.45491071,1339,1.0820954783648373
06108000,MT,17,2.7721613457708876,0.5687646757158651,0.520719725761995,0.4369335278762592,-0.2,0.3,0.09339948523132466,26.22285822790628,1.4186800269785975,0,17,579.8407983070451,8,1770.4415561473995,3,3210.060223096798,3,6108.464905498025,1,9301.433578279746,0,13621.739516048014,0,47.9302408,-111.5527636,988,1.0820954783648373
06823500,NE,17,1.16369974984374,0.4217285505670864,2.904547319686178,0.15123836883722397,-0.3,0.3,1.8305018861386941,1.4458333400241319,0.1601182350890269,0,17,11.04837352216634,9,27.094976440184354,1,52.29987638831563,1,123.15720753732079,1,234.00002998990573,1,443.03073647920564,0,40.03938889,-101.86658889,976,1.0814574300500137
06884025,KS,17,3.9320070219519714,0.383335495248418,0.10421946839140349,0.38770037820728664,-0.2,0.3,-0.06728836654803803,1046.6197416425184,3.0197889222683028,0,17,8635.86285385703,9,18022.71531264996,1,26328.55136314502,1,39277.84900351166,1,50743.5141693382,1,63792.47802273289,0,39.98033056,-97.00468889,375,1.0814574300500137
06340000,ND,17,2.8896756493001745,0.6093372550058745,-0.32615603415153666,0.41308297388070675,-0.3,0.3,-0.31100406338796377,27.51974040241917,1.4396443328218813,0,17,834.0928225453995,10,2567.573330662609,4,4441.033907095827,1,7735.684454573009,0,10897.679068627493,0,14678.6410379746,0,47.28611884,-101.92572603,561,1.0797507627591951
06751150,CO,17,2.7253866722065148,0.2933414869416496,-0.2841141087693775,0.4072921765431867,-0.1,0.3,-0.17809252592155694,106.49422354625105,2.0273260514364955,0,17,542.11266914293,10,942.8965091444064,4,1245.326068037525,1,1661.5764794360994,0,1992.81563714753,0,2339.7932396245033,0,40.878316,-105.338041,1934,1.0797507627591951
06332000,ND,11,2.6547531218243927,0.49387241612979943,-0.12628109749463792,0.6277916185899166,-0.3,0.3,-0.24382825873032193,37.429024439070425,1.5732085076848228,0,11,472.9392487692242,6,1188.9666320946537,3,1876.6690326942212,1,2996.131864009458,0,4012.12087213391,0,5182.053425598937,0,48.37640911,-102.76712644,632,1.0797322092988404
06410500,SD,17,2.4276404115595547,0.38878842031876387,0.5794661811289773,0.4415687104032643,-0.3,0.3,0.05578612020350393,31.801387049822473,1.5024460625928273,0,17,265.4762933901918,8,567.2235524286435,4,847.5340744357167,2,1305.247672431583,1,1728.6124042608458,0,2228.5050316244688,0,44.08470785,-103.58047018,1441,1.0759569332153143
06309200,WY,17,2.784683238471418,0.2390754565179471,0.06969982714289169,0.38572175966321703,-0.1,0.3,-0.025757134835751403,164.34584508478727,2.215758728925345,0,17,610.5335648823012,8,968.6964989793123,4,1231.4135389628557,2,1588.9217166332794,1,1872.2997439986793,0,2169.321492074631,0,43.57773999,-107.13839954,2236,1.0759569332153143
06620000,CO,17,3.3955504901624067,0.28302952042580515,-0.10707728529940902,0.3878965822086682,-0.1,0.3,-0.1030864895170807,527.2652036380412,2.722029111428895,0,17,2514.2732633594997,8,4315.801027346818,4,5688.535453309836,2,7600.8643177190115,1,9142.35807436534,0,10775.809227650852,0,40.93747359,-106.33835976,2388,1.0759569332153143
06349000,ND,17,3.421592877504593,0.5730150697571734,-0.2635603056780843,0.4045300308275514,-0.3,0.3,-0.2844834033778036,114.28703233758395,2.0579969556470257,0,17,2810.146369560711,8,8129.295412881099,4,13686.266437796405,2,23255.0022529108,1,32307.456516934104,0,43033.95528906298,0,46.8338827,-100.97457887,508,1.0759569332153143
06120500,MT,17,2.9756383998381715,0.39655380848358207,0.3128221546090986,0.4112352082359717,-0.2,0.3,0.01630909803285044,107.63781311931454,2.0319648656073035,0,17,943.1059792343834,8,2037.3621443280206,4,3051.6164180805627,2,4700.026897688673,1,6216.196373083215,0,7996.74745280106,0,46.42995639,-109.8407389,1274,1.0759569332153143
06752280,CO,17,3.356987996386754,0.27333014178823317,-0.28956822288913586,0.40803530431423474,-0.1,0.3,-0.18032151295311818,508.8011601577766,2.7065480929106918,0,17,2318.454505933586,8,3882.354064247713,4,5030.0810455758865,2,6578.464553380351,1,7790.596575229249,0,9044.983282754441,0,40.55192692,-105.01136508,1485,1.0759569332153143
06294000,MT,17,2.8497593681092557,0.5149145789994898,0.39389579779328243,0.42234142498647953,-0.2,0.3,0.04665446722970319,42.11379404728288,1.6244243689333102,0,17,701.0607498283572,8,1913.8745069816284,4,3252.126655093646,2,5746.8095694364265,1,8319.620713505847,0,11621.567597889412,0,45.7358122,-107.557305,884,1.0759569332153143
06127500,MT,17,3.021887098278267,0.5170523078812569,0.601055819177645,0.44285412914533223,-0.2,0.3,0.12350462402326881,61.867843129908614,1.79146497567562,0,17,1026.2341160783214,8,2842.211410221874,4,4908.81350133253,2,8885.421056158968,1,13113.184091923462,0,18683.93602059967,0,46.52303086,-108.1090022,908,1.0759569332153143
06720820,CO,17,2.5613571680241436,0.2119342837655337,0.32594471806030056,0.4130536662442595,-0.1,0.3,0.07920588795390532,114.03026312914501,2.0570201264748653,0,17,361.87592207870307,8,548.1012524256972,4,683.4324944344376,2,867.1624830943837,1,1012.8985664409813,0,1165.9972220815653,0,39.905681,-105.035389,1594,1.0759569332153143
06214500,MT,17,4.676518534009534,0.12133064967688259,0.20535995771932675,0.39722786287935513,-0.2,0.3,-0.025583580648095156,24422.475876288325,4.3877896892937445,0,17,47537.44920915802,8,60087.0604094925,4,67869.38333922683,2,77242.86191218336,1,83952.44248246157,0,90467.24330689118,0,45.79995278,-108.4673564,938,1.0759569332153143
06712000,CO,17,2.3363112180735746,0.6168409473399536,0.6714543124612756,0.44537412288883954,-0.1,0.3,0.2104968184854704,7.386240939108431,0.8684234702278484,0,17,206.38825139036913,8,704.9344553233124,4,1378.5408339784192,2,2881.0814162687557,1,4695.084732521616,0,7344.800554512621,0,39.35582342,-104.7633092,1890,1.0759569332153143
06870300,KS,15,2.9046568640100796,0.5508332403362473,-0.33139089741143823,0.4734906044134751,-0.2,0.3,-0.2509602430831347,41.98927027231878,1.62313832713951,0,15,846.5932155970686,9,2364.1800152069063,3,3927.614398352792,1,6603.999453476991,0,9130.848387195148,0,12125.696070182365,0,38.6527822,-97.4203079,380,1.074646332627102
06344600,ND,17,2.4599932435199285,0.8444037767505106,-0.6847801962063136,0.44555681566742544,-0.3,0.3,-0.4548293254600013,2.8221326505655164,0.450577423328562,0,17,334.0436986902357,10,1523.2723435887297,5,3109.8555200178075,0,6283.687401350942,0,9598.68917956549,0,13772.64400882458,0,47.02779158,-103.05323554,769,1.073612217609672
06279500,WY,17,4.028040346874699,0.15744653869392658,-0.9296587932161717,0.43311227500533234,-0.1,0.3,-0.43950821238539645,4501.601302301714,3.6533670277862345,0,17,10953.172621653288,10,14547.031745804741,5,16632.79997530228,0,18988.385875770364,0,20569.941211332007,0,22024.658443819855,0,44.75856618,-108.18149719,1120,1.073612217609672
06824500,NE,10,2.3217447785792715,0.48944686812290084,1.7104300746723382,0.5264169526941841,-0.3,0.3,0.4298120161202569,18.67269127790589,1.271206916926593,0,10,193.54442716810073,3,525.0185625509961,2,927.2269926233248,1,1764.0117491210538,1,2727.8474626776215,1,4093.9839749485664,0,40.03435833,-101.54272222,910,1.072134935173836
06218500,WY,17,3.1324025011270358,0.12998872808742393,0.09558722196857654,0.38713714719658576,-0.1,0.3,-0.014607779786083866,665.3806220211735,2.82307014869418,0,17,1357.4347867194538,8,1745.4003611778382,5,1989.6887375608474,3,2287.2684699872716,0,2502.3452834575933,0,2712.7173541858206,0,43.57856415,-109.75988352,2233,1.0706829189778826
06142400,MT,17,2.3346654680844847,0.4094817707077187,0.3054602453131801,0.41021786701805174,-0.2,0.3,0.013509235174028383,22.920677129038037,1.3602274435336121,0,17,215.64704247359373,8,477.5538622815691,5,724.4795896902989,1,1130.94031471554,1,1508.6969333403713,0,1955.8168773610162,0,48.578889,-109.391294,755,1.0698183880657908
06799445,NE,17,3.6629529487339405,0.39485394106170896,-0.13095083201217758,0.3897182348279916,-0.3,0.3,-0.22647033551462586,528.8403270734727,2.7233245651570455,0,17,4762.613682774395,8,9973.914359708697,5,14402.629940809547,1,21013.565382251727,1,26617.785463610966,0,32758.937356901515,0,42.276945,-96.861986,421,1.0698183880657908
06871000,KS,17,2.8846896727600697,0.6535090380823789,0.1380090194020096,0.39031692128923556,-0.2,0.3,-0.053107025637987804,21.35715422664763,1.329543383843403,0,17,777.0943497496637,8,2730.963953178212,5,5228.675339815086,1,10393.148381576413,1,16149.079190729228,0,23955.962153557582,0,39.67311245,-99.30957425,536,1.0698183880657908
06404998,SD,17,1.7162569478147556,0.6027469962799399,0.12602958728707744,0.38931667075358667,-0.3,0.3,-0.11458612331775203,1.9138521199952492,0.28190837756245446,0,17,53.42761399660539,8,168.5026392007215,5,302.6474651518391,1,558.9007682153637,1,825.6619231805183,0,1168.1088197476822,0,43.76110028,-103.36408158,1254,1.0698183880657908
06865500,KS,17,3.037531832941709,0.4396729233330011,-1.1844363975347478,0.3966551714719045,-0.2,0.3,-0.6239269747132493,188.0083573294746,2.2741771549094407,1,16,1210.5405761773802,11,2596.742916857904,2,3660.433217088012,1,5073.72162451478,0,6136.466048152318,0,7185.081646985015,0,38.61133568,-97.9528983,434,1.0662510411191781
402114105350101,CO,17,2.7957721718018,0.17970878917353333,-1.1111227383833027,0.4087467030122454,-0.1,0.3,-0.5279904516321254,317.6931019890051,2.5020077851745373,1,16,647.9168529214652,11,890.7278661609812,2,1031.684994066712,1,1189.853606310823,0,1295.0633996513027,0,1390.9268067812345,0,40.3538729,-105.5841679,2444,1.0662510411191781
06927240,MO,17,4.178648968205753,0.1787434596150302,0.4850039604870746,0.43337517531760683,-0.3,0.14,-0.10832697472939287,5666.2491276682285,3.753295665206139,0,17,15201.117976998434,7,21377.014563961682,3,25441.63529888476,2,30535.83676112764,1,34298.713542248865,1,38034.775678080056,0,38.76,-91.840278,170,1.0662510411191781
06902000,MO,17,4.825197615788922,0.16767596061698573,-1.5107356817737485,0.33682673335930774,-0.3,0.14,-0.6554813176143746,37098.50311189769,4.569356386613484,1,16,69725.95726310568,11,93095.70436003787,2,105903.74843067683,1,119610.72162396474,0,128336.27247941516,0,136011.40921197864,0,39.64003333,-93.27368611,197,1.0662510411191781
06479010,SD,17,3.519306295100234,0.49755166554802527,0.053614021244741676,0.38505676160445895,-0.3,0.3,-0.14514537726047017,216.41610549879772,2.3352895774557254,0,17,3398.902854415694,7,8733.317057842902,3,14083.600879402265,2,23174.80918219316,1,31770.330057968764,1,42018.43833357848,0,42.81721871,-96.9242106,345,1.0662510411191781
06714215,CO,17,3.6556732627988744,0.17362387320605444,0.8880471105787634,0.4371558179655294,-0.1,0.3,0.30210512614782054,1747.8452062591018,3.242502967746739,0,17,4435.504982235956,7,6290.3218972993855,3,7639.038621752361,2,9482.096861522788,1,10957.45049251142,1,12521.906502813701,0,39.81220846,-104.95831293,1558,1.0662510411191781
06892360,KS,17,3.554986700232939,0.291601958691431,-1.1837374537596466,0.39677467254071597,-0.2,0.3,-0.6235533347556466,726.2156611672814,2.8610656104336494,0,17,3846.899072245862,11,6381.960688982854,2,8014.222634739648,1,9952.401464809545,0,11290.774490939362,0,12536.670091093065,0,38.956667,-94.973611,238,1.0662510411191781
06800500,NE,17,4.182139402656842,0.3721870824400727,0.8564722304644821,0.43974793953286767,-0.3,0.3,0.16899984521542513,1979.0238337026121,3.2964510245162493,0,17,14847.74807169102,7,31040.87260024419,3,46274.60032812745,2,71589.86061885036,1,95458.0524296786,1,124143.85567345574,0,41.29333056,-96.28377222,340,1.0662510411191781
06221400,WY,17,3.124021973240369,0.19193031198761587,0.9092607942522913,0.435180136411953,-0.1,0.3,0.3118422455663679,464.8235280200281,2.6672881026668245,0,17,1300.3526359230284,7,1914.1093887279794,3,2374.134426371161,2,3017.926174685151,1,3544.066034851625,1,4111.107783198702,0,43.34551138,-109.41014306,2011,1.0662510411191781
06891260,KS,17,3.6053812024091902,0.41541878746297023,-2.0217594240620147,0.24998809581511414,-0.2,0.3,-1.1937084663780198,1186.320843425314,3.074202160938002,1,16,4853.506720229196,11,9036.337133667173,2,11405.7212096297,1,13776.741777185514,0,15129.35610061453,0,16190.784544331065,0,38.891944,-95.594444,279,1.0662510411191781
06836500,NE,17,2.147979645890978,0.5927129569003585,0.7292807834339828,0.4454860716689812,-0.3,0.3,0.11420523704607127,5.463977953725589,0.7375089383684543,0,17,136.99351462459714,7,439.7904946614584,3,821.201857608489,2,1616.4248065411616,1,2519.13378256855,1,3770.4876813010974,0,40.14583655,-100.67320835,769,1.0662510411191781
06425720,WY,10,1.244572260047424,0.8503081106843722,0.6211674520195345,0.7863723881583239,-0.1,0.3,0.0991492401354463,0.26271801910452325,-0.5805101391313676,0,10,17.00290289116363,5,90.3243945118176,1,220.24856074866776,1,577.836715058665,1,1085.8425195742661,0,1925.0816394961234,0,43.984421,-105.388325,1391,1.065685424949238
06711565,CO,17,3.3421691602854726,0.22556579521376188,0.14749814496283128,0.3911628690099477,-0.1,0.3,0.007426840789650023,638.84191403043,2.805393402198712,0,17,2197.303025183574,9,3403.5193843972334,2,4279.786656261518,2,5465.627064055012,1,6402.102563036055,0,7381.509430262964,0,39.66498738,-105.00414909,1603,1.0624572115752968
06622700,WY,17,2.852497746904735,0.15846177485077115,0.5814580948176707,0.44169706457522473,-0.1,0.3,0.1756346737901464,298.81919026983445,2.47540848457802,0,17,704.4680627181807,9,964.5640287477287,2,1143.7229366571105,2,1378.017105445964,1,1558.3405302809556,0,1743.654813464471,0,41.37024471,-106.52058146,2463,1.0624572115752968
06696980,CO,17,2.0093607088532526,0.2847114873126897,-0.8823433487005643,0.43765550546193405,-0.1,0.3,-0.4181742735902089,36.615223638545174,1.5636616910657826,1,16,106.94282404386271,9,179.02059957344986,2,228.62555275124197,2,291.45127846462157,1,337.67573239064285,0,383.0653113556545,0,39.339433,-105.911681,3040,1.0624572115752968
06607200,IA,17,3.59552593284297,0.4864886486821281,-0.4455888986162624,0.42889727098772445,-0.2,0.25,-0.2904366938531644,274.05373240744115,2.4378357212154356,0,17,4159.539979395951,9,10240.140722986913,2,15918.753488140757,2,24928.25240052878,1,32913.82473584401,0,41931.28058017966,0,42.15693381,-95.81000698,334,1.0624572115752968
06873000,KS,17,2.8716426031573286,0.7966565042079757,-0.33781374647947415,0.41469932688143596,-0.2,0.3,-0.25784827603552646,9.459110470742264,0.975850297521021,0,17,805.0906092201209,9,3549.2970198751086,2,7380.552654224881,2,15602.193113247853,1,24868.916363617835,0,37392.66914143787,0,39.37408287,-99.58306809,592,1.0624572115752968
06853800,KS,17,3.1355610715883313,0.4259695145545898,-0.24328314257815795,0.40188344917443314,-0.2,0.3,-0.21850014099736997,132.39981989706578,2.121887394335073,0,17,1415.9973863758153,9,3146.559184993223,2,4683.074131077632,2,7052.12213846164,1,9114.232566923733,0,11419.142261035946,0,39.89924944,-98.25042485,494,1.0624572115752968
06471200,ND,17,2.774165390912638,0.737140038848365,-0.8520951793820427,0.4400730611466811,-0.3,0.3,-0.5238002739323944,10.471371867088928,1.020003582851436,0,17,689.0481833109186,11,2545.1541541593574,3,4655.124813713015,0,8370.376704917153,0,11864.07645011863,0,15921.872984052126,0,45.93886156,-98.45260044,418,1.0601124959696548
06827000,KS,17,2.0671346592742195,0.6447793952742805,0.5603754052827106,0.44024009274958054,-0.2,0.3,0.10816031692839219,3.410061243726073,0.5327621788674064,0,17,113.63534075724775,7,403.7646450507866,4,795.3514452008334,1,1657.970696526089,1,2681.9115114328197,1,4151.351088072593,0,39.671938,-102.013516,1061,1.0601124959696548
394839104570300,CO,15,3.1581548756208457,0.2537694910463809,1.0469032386960175,0.4773675591125341,-0.1,0.3,0.3426104068474466,369.6220315479028,2.5677578497085607,0,15,1392.161654131023,6,2325.00956683572,2,3099.2459101074983,2,4274.379860837033,1,5304.983666217012,1,6479.174180720115,0,39.81108,-104.95167,1561,1.059346648101749
06713500,CO,17,3.1136058141727196,0.11349788411396305,0.027507632748936046,0.3843405250897985,-0.1,0.3,-0.044103427427944035,697.4554813467057,2.8435164917699987,0,17,1301.487689039047,9,1619.4339764531856,3,1813.4799896164309,3,2044.4277818764924,0,2208.0490343759443,0,2365.675370635684,0,39.74248685,-104.99998174,1589,1.0571831973378654
06342260,ND,17,2.3482438464399533,0.6978758225858457,-1.0616918734273064,0.41629032373198976,-0.3,0.3,-0.6190152853631055,36.99832694974115,1.568182085879878,2,15,262.9178247969878,9,884.046738509663,3,1526.5523590447335,3,2567.8274481246085,0,3477.4282036726136,0,4472.966349001853,0,47.0569385,-101.19347783,573,1.0571831973378654
06863500,KS,17,2.8106382146716706,0.41419052543264123,-0.007570805297705629,0.38410257800407244,-0.2,0.3,-0.11561388559722012,66.83359653575404,1.8249948325677186,0,17,658.5938359439873,9,1449.9501185700458,3,2167.975161270207,3,3303.804282314432,0,4319.034388157975,0,5480.840360670569,0,38.85226733,-99.31853109,602,1.0571831973378654
06324500,MT,17,3.640899799805342,0.3048213768547602,0.040410503813292364,0.38463768853853786,-0.2,0.3,-0.09465500899030926,823.2289717602907,2.915520646076801,0,17,4422.908681213395,9,7920.374747834172,3,10673.945442465343,3,14604.521440335717,0,17838.015607625377,0,21317.624903321856,0,45.0577647,-105.8780669,1026,1.0571831973378654
06411500,SD,17,2.2754298222099267,0.3143673258938138,0.10403657089491568,0.3876879849741597,-0.3,0.3,-0.12374132758327995,33.67707060946027,1.5273343074868486,0,17,191.38668546168307,9,348.11373581123615,3,471.9693818317546,3,648.8939068307865,0,794.353823197878,0,950.6935973969247,0,44.07665378,-103.48213402,1384,1.0571831973378654
06914950,KS,17,3.4623668431444323,0.2754443242130049,-0.6818222175729493,0.4455244031809561,-0.2,0.3,-0.39388589381533634,641.0558229728109,2.8068958494150125,0,17,3022.7829480186856,9,4987.261127624114,3,6334.605952981717,1,8040.7740286044655,1,9297.62546667004,0,10533.960603322113,0,38.75334,-94.97719,296,1.0563186664257735
06307616,MT,17,3.449085711422166,0.22098171478844292,-0.11173925903278764,0.3882268875832112,-0.2,0.3,-0.16152689938757692,837.9510031383588,2.9232186252069514,0,17,2851.2315518099585,9,4331.02177562856,3,5347.973508312089,1,6658.865611011869,1,7648.2922198244,0,8645.455899189177,0,45.41166028,-106.4578075,931,1.0563186664257735
06893970,MO,17,2.9506767182783644,0.2355528234004242,-1.0178807947598592,0.4224654607018027,-0.3,0.14,-0.47868352510210976,388.9735746433565,2.5899200980444883,1,16,931.9747084072363,9,1420.289449954498,3,1729.4974609651495,1,2098.0782947030584,1,2355.7809353480106,0,2599.3305990755666,0,39.08834,-94.34356,231,1.0563186664257735
06479525,SD,17,2.8933620611076,0.3330810069000182,0.11378125349147351,0.38837552356254434,-0.3,0.3,-0.11967055509903893,126.10545174934754,2.10073386225491,0,17,794.3355165699961,9,1497.7920605110176,3,2068.8448261233234,1,2900.9440962193894,1,3596.384800996083,0,4353.136490515744,0,44.73163118,-97.0445129,512,1.0563186664257735
06919900,MO,17,4.218845521977656,0.2907036619711567,-0.7960689900304334,0.4434569321561001,-0.3,0.14,-0.419031336807701,5128.721699445382,3.710009133521912,1,16,17341.800438978004,9,29343.89430482181,3,37664.68534143873,1,48254.33270787609,1,56075.14447494245,0,63775.00764539768,0,37.86983056,-93.80316389,230,1.0563186664257735
06635000,WY,17,3.0682875046307423,0.2978486384755716,-0.24709043346255957,0.40237329306819714,-0.1,0.3,-0.16282575159714013,228.82384482957573,2.35950127859269,0,17,1192.2497140064177,9,2094.249745018327,3,2782.453042072259,1,3738.2275085812257,1,4504.893210695686,0,5313.0794201823255,0,42.00968443,-106.51308309,1958,1.0563186664257735
06431500,SD,17,2.503242816027951,0.40886479464339964,0.7777886123006061,0.4442358338876497,-0.3,0.3,0.13445446855356996,33.90572230718485,1.530273000760904,0,17,311.948564040545,7,698.8908120685714,3,1078.3426153803284,2,1728.2131778787361,2,2355.74570378238,0,3123.357551983144,0,44.48248388,-103.86159204,1118,1.0525248368818922
06088500,MT,17,2.7737470869325027,0.11516559178838513,0.5698319352795059,0.44092035107897115,-0.2,0.3,0.11170635311545919,316.00149988187275,2.499689143975603,0,17,591.0216123764512,7,741.3015302664676,3,836.8477452538514,2,954.3852549231175,2,1040.1816739484138,0,1124.8184830656085,0,47.56106889,-111.5383072,1038,1.0525248368818922
06906000,MO,17,3.7853984785929877,0.2760722893196369,-0.2968912229758252,0.40903822783795496,-0.3,0.14,-0.2992072887436302,1344.104778592873,3.128433125109932,0,17,6297.1959867409405,9,10491.60102671007,4,13464.2285497207,2,17343.856109916785,0,20285.362577852546,0,23248.858751089876,0,39.52352778,-92.9496389,197,1.051044652188342
06224000,WY,17,3.434009439808026,0.15747963843520976,-0.0697203578943603,0.3857227152047882,-0.1,0.3,-0.08675281942646591,1146.1919493631879,3.0592573537296333,0,17,2730.7764750885426,9,3691.203950024482,4,4308.326390868341,2,5069.311513193672,0,5624.191721416902,0,6170.03316928108,0,43.17690132,-109.20291088,1800,1.051044652188342
06428500,SD,17,3.053415404282724,0.4540205717008406,-0.08198962767112834,0.3863416146084134,-0.3,0.3,-0.20470764076286307,93.96995522172406,1.9729890199067186,0,17,1171.9146882012722,9,2750.053977386941,4,4211.246515062839,2,6537.145098506529,0,8615.914767846549,0,10986.656589786686,0,44.74970737,-104.04743495,960,1.051044652188342
06471800,SD,17,1.6544147177665214,1.086399020693103,-0.019498882709905914,0.3842125258244685,-0.3,0.3,-0.17701140798960383,0.11725360682074505,-0.9308737891394949,0,17,48.579230821193676,9,377.4319059536997,4,1057.9929137707934,2,3080.2125762478486,0,6042.048051722264,0,10954.326603301899,0,45.518866,-98.577319,409,1.051044652188342
06871500,KS,17,2.9038056007129645,0.775034156556767,-0.33283599968562,0.41400937968458573,-0.2,0.3,-0.2558127120448896,11.467472106102495,1.0594676924115634,0,17,864.6041288364003,9,3663.0558112525214,4,7471.612313211529,2,15490.309675425278,0,24396.6809312642,0,36303.88626592119,0,39.55945424,-99.28596033,551,1.051044652188342
06918460,MO,17,3.905009217708751,0.40591838944391784,-0.2688259043684279,0.4052310519543562,-0.3,0.14,-0.29199536898572415,869.062321925683,2.9390509215556007,0,17,8408.885762162083,9,17828.38446662689,4,25756.119771567137,2,37433.01892593444,0,47188.4940205329,0,57737.797400858144,0,37.40236944,-93.80202778,273,1.051044652188342
06820410,MO,17,4.173883114533369,0.21907338347265848,-0.6829413687377199,0.4455372125626792,-0.3,0.14,-0.39156000758455956,4493.21559517591,3.6525572575756313,0,17,15422.220720976566,9,22970.663333956047,4,27788.126918664748,2,33601.554078959234,0,37724.05495014482,0,41671.16879563587,0,40.113611,-94.838333,280,1.051044652188342
06847900,KS,17,2.3584931186751708,0.6305567363068048,-0.2909259110460341,0.40822082776153185,-0.2,0.3,-0.2385159151560494,7.210511938727644,0.8579661002633441,0,17,241.8455972131685,9,785.5282573240272,4,1408.5639196523593,2,2564.3162080247816,0,3728.281682358503,0,5176.450790629585,0,39.76984922,-100.10077916,714,1.051044652188342
06402000,SD,17,2.553430329734438,0.22480745933495752,-0.12479879717052138,0.3892183121833525,-0.3,0.3,-0.22373916954942868,104.34200384174851,2.0184591728986954,0,17,364.591990211775,9,555.4697888881448,4,684.8768194750093,2,849.499068275084,0,972.1512354148869,0,1094.415557173347,0,43.43053476,-103.47630687,1049,1.051044652188342
06430500,SD,17,2.5023300301623173,0.5065496637290448,-0.023217667059587624,0.38426656186666214,-0.3,0.3,-0.17865153069060236,19.81074931669401,1.2969009024921538,0,17,329.15884006990746,9,855.959578341495,4,1383.6988867402988,2,2276.3419774128706,0,3115.382803932625,0,4109.929075953225,0,44.5719,-104.05355,1048,1.051044652188342
06204070,MT,17,2.928772322496024,0.15210579454108267,-0.850005135934854,0.44022529625190027,-0.2,0.3,-0.4634353915866404,469.46187303535737,2.671600327160759,1,16,871.9322470161513,9,1145.4821975500067,4,1301.9915837490619,2,1476.8232325631295,0,1593.074365742188,0,1699.201721264654,0,45.254387,-109.699895,1932,1.051044652188342
06755960,WY,11,2.3949236016084026,0.3041371948086283,-0.6941407238404647,0.71044695937067,-0.1,0.3,-0.2763993799963066,53.56551694260428,1.7288853004971738,0,11,256.4000992939567,7,450.9349909721761,2,595.0957765064362,0,789.5254426027808,0,941.0446800280428,0,1096.8843488185512,0,41.131093,-104.82858,1845,1.0493821606240958
06236100,WY,11,3.8102552775381713,0.5308365105705758,-1.447243363687993,0.5521018681795717,-0.1,0.3,-0.5743247541163969,444.38765855935156,2.6477619893012387,0,11,7257.909456442292,7,18417.49335963521,2,28159.37803319421,0,42354.36798366783,0,53855.70435157714,0,65843.16773944937,0,43.129125,-108.223986,1470,1.0493821606240958
06402600,SD,17,3.091345610757374,0.6009694441258092,0.4038559318727433,0.42365246925597605,-0.3,0.3,-0.00820692454912228,45.83814735880485,1.66122705642645,0,17,1236.4245749006013,7,3957.059020254742,4,7260.875151395724,3,13859.741290609481,1,21034.838825564497,0,30604.26175965396,0,43.50137,-103.07353,859,1.0472508226444608
06470500,ND,17,3.3577498483055113,0.3796644384559061,-0.454654138825815,0.4299729033002011,-0.3,0.3,-0.36355885463417537,284.6215051394257,2.454267710964505,0,17,2402.754047019353,8,4809.7098276967545,2,6716.5986884288905,1,9389.087031534784,1,11525.900474308537,1,13757.535432626386,0,46.35552489,-98.30454325,398,1.0466127743296374
06354580,ND,17,2.9911835052873688,0.5670960951674626,-0.045993257516586596,0.38480078479239765,-0.3,0.3,-0.188723809263558,43.82005155860677,1.6416728842152215,0,17,1020.96648352367,8,2971.103182796367,2,5076.064930048573,1,8835.124207123477,1,12522.691566907846,1,17033.31941115916,0,46.268602,-100.251781,516,1.0466127743296374
06884200,KS,17,3.513494226772758,0.45307675990698887,-1.9337486169732716,0.2634237907247914,-0.2,0.3,-1.1231498450267612,1363.1229558560308,3.1345350316537344,2,15,3949.453505903256,12,7894.371511949906,1,10303.34737842608,0,12854.178495622888,0,14384.337527183347,0,15632.51873760487,0,39.81357031,-97.03741834,393,1.0466127743296374
06449100,SD,17,2.458209833585534,0.3335683451490111,2.4920326024139823,0.18990090357478864,-0.3,0.3,1.4097534922107458,46.17659683606769,1.664421922739277,0,17,241.3023026767978,8,493.11701119485986,2,801.6404690233148,1,1474.1667670573315,1,2301.138891840094,1,3559.3059256487295,0,43.10083808,-101.2307063,853,1.0466127743296374
06167500,MT,17,3.2086572398401088,0.5071371953962803,-0.4098618280493186,0.4244333281080653,-0.2,0.3,-0.2869073052991895,100.42225546138455,2.0018299713047423,0,17,1709.5337216789396,9,4375.159439086404,5,6934.551204491257,1,11078.748927361654,0,14812.644843243785,0,19080.694487656467,0,48.420317,-107.17177,652,1.0449061070388188
06709000,CO,17,2.8339538531948603,0.2347143742255443,-0.08301006828688157,0.38639735490288757,-0.1,0.3,-0.09257430192944631,188.54167021031142,2.2754073499921903,0,17,687.9784154377933,9,1077.6468897671143,5,1356.2205246905507,1,1726.9983344569744,0,2014.963055919544,0,2311.827595238596,0,39.438322,-104.983039,1748,1.0449061070388188
06352000,ND,17,2.6391367214948964,0.8466565569971982,-0.21933005339893935,0.3988911504824297,-0.3,0.3,-0.2653723130367114,4.210755181698971,0.6243599917579461,0,17,474.83632708060014,9,2293.0088703139177,5,4980.605558706949,1,10997.110529600974,0,17999.80813150567,0,27688.73883918063,0,46.15417025,-102.47404668,757,1.0449061070388188
06035000,MT,17,2.346597891956288,0.2305338400765372,-0.579170948280269,0.4415495193486239,-0.2,0.3,-0.3533967476426924,62.80579932440353,1.7979997472133502,0,17,229.1663250011271,9,349.5469330201915,5,428.4988223031523,1,525.8149589361634,0,596.12388099933,0,664.4243174234371,0,45.72298385,-111.7410894,1451,1.0449061070388188
06401500,SD,17,2.2644409646567034,1.3441615042711277,-0.015918837103382193,0.3841693679244715,-0.3,0.3,-0.1754338430445579,0.11634793834237374,-0.934241307903366,0,17,201.24490659328126,9,2544.7597538460705,5,9116.712340230002,1,34241.39274464892,0,78882.24052303637,0,164854.20003802923,0,43.34497757,-103.4371412,956,1.0449061070388188
06879650,KS,16,2.7985432222987825,0.7660600909396823,-1.2321516967089938,0.41382752852372984,-0.2,0.3,-0.6337819664269287,9.889931481618513,0.9951932827743211,0,16,756.768564682421,10,2852.516882967811,2,5173.219454829346,1,9100.737774890596,0,12637.625969677109,0,16586.1582269078,0,39.10194797,-96.59521413,339,1.0445033835408082
06610750,NE,13,3.187291720082124,0.3545512813304735,0.4802274889975688,0.5774906723329808,-0.3,0.3,-0.033252723841548815,242.35248754726013,2.384447481754277,0,13,1546.167904365516,5,3063.7145570409484,2,4369.0452236421,1,6366.834496248416,1,8111.712954188261,1,10079.112244378104,0,41.336108,-96.053072,333,1.0422904981911194
06209500,MT,17,3.0682435902440703,0.1643070255233713,1.1687362968818338,0.3993216950328206,-0.2,0.3,0.3871702422234718,475.60287024289295,2.6772444669031064,0,17,1141.9970806474555,6,1594.1996000925656,3,1925.0526591556597,3,2379.9221888994093,1,2746.2460012557726,1,3136.7324063378323,0,45.08609222,-109.32990083,1954,1.0375449305483249
06720990,CO,17,2.6222167881981107,0.20412829830502105,-1.0868408172297954,0.4125222996831683,-0.1,0.3,-0.5154989188416725,200.51105094316705,2.302138313272306,1,16,436.19837779025744,10,626.7431246836038,2,741.2800725729843,2,872.8495409822776,0,962.0378942621704,0,1044.4143485771867,0,40.06883,-104.83199,1494,1.0375449305483246
06332523,ND,15,2.283914127244302,1.0309080567716435,-1.208641700300302,0.4476150460114618,-0.3,0.3,-0.6646161370672995,5.389204065048161,0.7315246286964969,1,14,249.64881947150823,8,1470.9165514526974,4,3237.464999567212,1,6808.195109564061,0,10457.178882781913,0,14890.688698127835,0,47.94862,-102.21489,577,1.0351557228106754
06436000,SD,17,3.207111813452342,0.6355234870965989,-1.1901919487203743,0.3956684217181073,-0.3,0.3,-0.6838863117525938,149.3047438070677,2.1740736066299364,1,16,1901.1918172646956,10,5647.12715088607,3,9141.057622048409,1,14361.667671541627,0,18620.790736190982,0,23044.371361649242,0,44.69081782,-103.73769851,905,1.0314063853988014
06846500,KS,17,1.5281413026487356,1.1165628294855874,-1.0141362622114811,0.4229683045133107,-0.2,0.3,-0.5378306865442226,0.07431430202575848,-1.1289275968297723,0,17,42.44123036257767,10,305.4143322672801,3,757.6826998661901,1,1827.3350974235473,0,3079.578854607748,0,4777.891396354912,0,39.98500557,-100.56014801,771,1.0314063853988014
06483500,IA,17,3.9228720505043118,0.596907503428644,0.5652130380697326,0.4405934698706114,-0.2,0.25,0.07701284165527289,317.9945226419371,2.5024196394596876,0,17,8226.424828450483,6,26477.53842652504,4,49271.12203478445,2,96276.29622202132,1,149032.5272416067,1,221408.00932785022,0,43.21442593,-96.29447086,379,1.0314063853988014
06274300,WY,17,3.9282470486106473,0.15856420546022962,-0.5799103840570304,0.44159750383279306,-0.1,0.3,-0.29413915833456006,3555.6093011155276,3.5509140335997498,0,17,8629.990745988574,10,11573.227532882773,3,13360.11080486439,1,15458.178893131197,0,16919.412227386234,0,18304.15710696027,0,44.38329072,-108.03621169,1171,1.0314063853988014
06204050,MT,17,2.851949745951272,0.1923616875392053,-1.3424590070994942,0.368268702255079,-0.2,0.3,-0.7128740893794316,354.76799116380755,2.5499444288371684,1,16,749.2462383540375,10,1039.430004241939,3,1199.982571869772,1,1371.7995790202049,0,1480.7400231755687,0,1576.0417043213913,0,45.2429983,-109.7312844,2005,1.0314063853988014
06342450,ND,17,2.4605769558505552,0.6811543717928608,-1.1895608713874797,0.3957768483325402,-0.3,0.3,-0.68355438536911,21.133297743772477,1.324967271788431,1,16,344.84005332789064,10,1107.6550003628909,3,1856.2205450725978,1,3012.8504491385297,0,3980.230342394062,0,5002.178685137584,0,46.914992,-100.813742,516,1.0314063853988014
06837000,NE,17,2.4681450198740964,0.472490219426984,1.1364138241039188,0.4046844163594237,-0.3,0.3,0.3115136609057396,22.068187942235976,1.3437666739411507,0,17,277.7470193099092,6,719.4181310584912,4,1222.4460357700907,2,2206.5751197430054,1,3277.206403545111,1,4722.271037877345,0,40.18764722,-100.618575,753,1.0314063853988014
06772898,NE,17,2.206689463591088,0.822225112455521,-1.3713579580284927,0.36289191211091787,-0.3,0.3,-0.7848564019812155,9.278608840158673,0.9674828664847361,1,16,205.68706557570965,10,814.2024249296894,3,1470.4434405978645,1,2526.0259694012393,0,3422.4750902864876,0,4369.961645064126,0,41.297222,-97.713889,475,1.0314063853988014
06900050,MO,17,4.088285167036214,0.3110157622605559,-1.2196933587759025,0.3905397151532484,-0.3,0.14,-0.5426907289898822,3700.9571446630584,3.5683140561991076,1,16,13070.433881166766,10,22635.81045928907,3,29138.04244288193,1,37205.45438426649,0,43000.86010522958,0,48567.03562602709,0,40.026611,-93.436222,226,1.0314063853988014
06235500,WY,17,3.697123199054788,0.24868043903335424,-0.22518520057705235,0.39960721197083987,-0.1,0.3,-0.15368092199524244,1274.5058915284858,3.105341847378764,0,17,5052.316382000362,8,8092.047488569245,3,10267.12418611712,2,13153.941895883723,1,15386.168706939037,0,17676.805631032767,0,42.99745929,-108.37538111,1497,1.0276125558549205
06126500,MT,17,3.1419489701637797,0.5787815721663653,0.35161726039425456,0.41660770814442183,-0.2,0.3,0.030928548824547736,58.16082836836527,1.7646305834295244,0,17,1377.1001748398892,8,4247.8903188370205,3,7683.825663027452,2,14499.326262609198,1,21887.660367056276,0,31735.442078709795,0,46.42801917,-108.5726353,984,1.0276125558549205
06187915,MT,17,2.9884412222418644,0.1199219682634309,-0.19819843718556981,0.3964018085244303,-0.2,0.3,-0.1992239123481396,504.736366421213,2.70306459692127,0,17,982.6995556490805,8,1231.2748841301309,3,1378.2980174888278,2,1548.6105003681835,1,1666.245722991565,0,1777.250427171065,0,45.002995,-110.001851,2257,1.0276125558549205
06880800,NE,17,3.223551306313041,0.48902073836906296,-1.2282959119764567,0.38902363665672374,-0.3,0.3,-0.7041788391240371,319.6090137975876,2.5046190190379214,1,16,1907.6708879713249,8,4391.847016715597,3,6337.815667895691,2,8925.870557026941,1,10857.889488113582,0,12744.311416107059,0,40.73111773,-97.1775413,434,1.0276125558549205
06719505,CO,17,3.091406078924569,0.16949912138012993,-0.16205781799731658,0.39254840157025034,-0.1,0.3,-0.12688237436832273,487.58619158129017,2.6880513979205753,0,17,1244.4848994612496,8,1717.9271672321584,3,2023.9300232099279,2,2402.2360730044984,1,2678.4030020158793,0,2950.135943774095,0,39.75304299,-105.23526675,1750,1.0276125558549205
06326500,MT,17,3.706827883769882,0.3655463206395855,-0.015010995821940515,0.38415980738947497,-0.2,0.3,-0.11888342364750322,686.9773736201582,2.8369424333132147,0,17,5176.893908589741,8,10384.870477830642,3,14804.566494350183,2,21457.789337737715,1,27168.331874418538,0,33507.27254334607,0,46.43000389,-105.309983,752,1.0276125558549205
06037500,MT,17,3.13212948879831,0.1536092811766697,0.29624365065708747,0.4089493270924061,-0.2,0.3,0.00999116510582676,584.2350897485109,2.766587637585318,0,17,1354.7953578867198,8,1825.303770314724,3,2133.7880807355446,2,2521.033188918249,1,2808.1924866841655,0,3094.6121962280827,0,44.6568722,-111.0682742,2023,1.0276125558549205
06885500,KS,17,3.8517341598118966,0.2142142648050445,0.3948537232290566,0.42246833429662317,-0.2,0.3,0.04700891166732907,2197.715541488372,3.341971479371991,0,17,7080.3688845828765,8,10752.625845511244,3,13406.527980218341,2,16990.21656291978,1,19817.92290453589,0,22775.250187981976,0,39.68192405,-96.44289431,346,1.0276125558549205
06926000,MO,17,4.650621724546013,0.2199506147937229,-0.5944693439486874,0.4424868335308059,-0.3,0.14,-0.37077534766395004,13403.194889966513,4.127208332521464,0,17,46151.49120780976,8,68955.88588335403,3,83624.46698441051,2,101446.61421269704,1,114165.78741871344,0,126407.23289055524,0,38.19142184,-92.60740708,171,1.0276125558549205
06430800,SD,14,1.3260432541803708,0.6217069387504667,-1.1339986030414704,0.4969800406390156,-0.3,0.3,-0.613934563169025,0.790936159066798,-0.10185856945293126,0,14,24.507008002425806,9,72.27322549480063,2,117.7189230966019,0,187.40362431370022,0,245.83765975096986,0,308.03209675290776,0,44.326928,-103.894371,1572,1.0265450636865174
06343000,ND,17,2.6096306489383663,0.8262760539242611,-0.48318955274575487,0.43318099754340794,-0.3,0.3,-0.3749567514813731,4.398991435271902,0.6433531164170145,0,17,458.3086050191736,10,2069.003315845391,4,4264.445131073306,0,8795.262862863165,0,13687.50743874467,0,20038.382598898297,0,46.86556675,-102.9485116,743,1.0252678402492783
06893150,MO,17,3.715297953341705,0.31061770908820885,0.04190285419578015,0.38467925446363527,-0.3,0.14,-0.20877016924112676,946.5103103953144,2.976125349122217,0,17,5322.294462663631,6,9536.09582471925,5,12758.037910820525,1,17224.335166907607,1,20794.269873545163,1,24542.717144918373,0,38.88942,-94.58067,253,1.0252678402492783
06425500,SD,17,2.8793133814806597,0.9063738058072209,-0.9021126504299675,0.4358662013058106,-0.3,0.3,-0.5454709766645779,5.27750134435242,0.722428352608735,0,17,914.8298861967265,10,4529.0502876237,4,9444.483530295462,0,19227.752914790635,0,29288.734777974423,0,41717.23363696866,0,44.24831768,-102.50322171,707,1.0252678402492783
06471500,SD,17,3.1037925523680108,0.7222679485993061,-0.660978520551429,0.44516432786939136,-0.3,0.3,-0.44532842235626957,24.267310603130355,1.3850216488107838,0,17,1436.2827002754825,10,5271.484147183165,4,9731.685561701977,0,17827.198426442712,0,25686.76785159079,0,35081.676679911085,0,45.65608661,-98.49704024,403,1.0252678402492783
06817000,IA,17,4.25104335082024,0.3526750058241225,-0.6438651812152413,0.44469654730317043,-0.2,0.25,-0.35973347749399975,2580.997522352783,3.4117875876399437,0,17,18713.16156037846,10,35671.79282729098,4,48670.41699722911,0,66483.64761001951,0,80479.27159892338,0,94915.33141333175,0,40.73940695,-95.01322897,293,1.0252678402492783
06889500,KS,17,3.836970607491766,0.37615413700633227,-0.7620761446158334,0.44477222808983535,-0.2,0.3,-0.4264086079273226,874.6652755521519,2.941841885259298,0,17,7305.163811139818,10,14414.001447790935,4,19889.10990870264,0,27365.03717341265,0,33197.10342630563,0,39165.00585976156,0,39.09938003,-95.72495226,272,1.0252678402492783
06336600,ND,17,2.560341551145247,0.8608166690603044,-0.8839754272261064,0.4375139137884189,-0.3,0.3,-0.5375448447716906,3.2498865567943893,0.5118682014040785,0,17,433.634587147746,10,1985.851817177748,4,4001.3239721310956,0,7888.95898700317,0,11798.251084119895,0,16554.512549169576,0,47.16307,-103.992706,726,1.0252678402492783
06904050,MO,10,3.9477059021204837,0.21386852129572323,-1.2446159715680116,0.6779901987984411,-0.3,0.14,-0.46167215232380565,NaN,NaN,1,9,9206.808587961035,6,13514.226496791456,1,16182.941613712306,1,19323.47283806653,0,21499.233675425032,0,23543.614756442614,0,40.48401667,-92.68591389,238,1.0233345472033855
06894000,MO,17,3.77078501518162,0.20253357041449116,0.05142871886054643,0.3849794406830161,-0.3,0.14,-0.20628200491724852,1944.5482300688914,3.288818719297837,0,17,5994.373233260678,8,8769.056801574943,4,10603.746596920511,3,12899.618375545306,0,14588.44054617808,0,16256.9304814662,0,39.10056091,-94.30050385,225,1.0223385416174886
06670500,WY,17,2.764417106010724,0.549556640065308,0.5253219301174898,0.43735350475049184,-0.1,0.3,0.15441877990222141,28.618369070300005,1.4566448801592073,0,17,562.7020132533103,8,1668.519627418647,4,3000.28044317856,3,5689.661521789536,0,8670.437448802377,0,12732.338447848333,0,42.20052277,-104.53829076,1288,1.0223385416174886
06894200,MO,17,3.5466479771311907,0.29519639221857064,-0.27529797659360195,0.4060992569143215,-0.3,0.14,-0.2936672990612798,698.51102351334,2.844173264298788,0,17,3639.8008868112524,8,6285.759548805611,4,8212.334026244713,3,10775.41223463901,0,12749.347060717944,0,14761.064223355768,0,39.33167,-94.336892,232,1.0223385416174886
06479438,SD,17,2.9468046909673014,0.502758534469677,-0.30333819010830804,0.40992522184197755,-0.3,0.3,-0.30141065143437784,56.28559486908011,1.7503972604045102,0,17,937.6193162907939,8,2374.6639934658915,4,3738.7106252818417,1,5925.401099942277,1,7877.986621353548,0,10093.703197078235,0,45.0060753,-97.1650756,530,1.021474010705397
06915800,KS,17,4.281531373812527,0.17904733234148376,-0.31677518835081764,0.4117825186367928,-0.2,0.3,-0.2492180625232827,9224.42832533684,3.9649394607015807,1,16,19451.874702491885,7,27162.974440969287,2,32039.35580121406,2,37941.433698001325,1,42160.68762324758,1,46239.34060634657,0,38.34538191,-94.77241748,244,1.0179066637587841
06139500,MT,17,2.4499260528521427,0.7152318715157624,0.19807977982299255,0.39638828211351346,-0.2,0.3,-0.028509558511739447,5.59627185211079,0.747898803211489,0,17,284.0040300251059,8,1129.4063666897168,5,2313.778410389934,2,4954.812827959843,0,8088.609779378591,0,12554.394801271425,0,48.526663,-109.841595,777,1.0161999964679655
06479770,SD,17,3.217945070795069,0.31051819173131906,-0.22013939355723264,0.39898949155080626,-0.3,0.3,-0.2657245463309103,301.30704527778,2.4790092866335005,0,17,1704.8361404281438,8,3037.2427421849297,5,4036.5846364291288,2,5396.991555309089,0,6465.671574795378,0,7571.633418246993,0,44.467745,-96.887559,494,1.0161999964679655
06799500,NE,17,3.590229273272895,0.4035320848104682,-0.15081501371333486,0.3914693666085944,-0.3,0.3,-0.23527479589514,426.530049186831,2.6299496327751015,0,17,4036.823110950593,8,8582.94192746866,5,12478.137270603675,2,18322.0323297857,0,23293.578016222797,0,28753.82821159062,0,41.71280833,-96.52189167,374,1.0161999964679655
06425100,SD,17,2.3746694149817706,0.8714462464312062,0.06828915760589589,0.38565675083280265,-0.3,0.3,-0.13885997308774262,1.9994060831622094,0.30090100910853046,0,17,248.2171647753481,8,1298.249492062379,5,3004.120213262893,2,7208.776840702591,0,12556.269139149792,0,20539.34827949394,0,44.24026462,-103.15129067,899,1.0161999964679655
06899500,MO,17,4.586619726111154,0.23230786815686888,-0.10795257320452527,0.3879576330051192,-0.3,0.14,-0.24907424749533688,10809.359268384258,4.033799951635814,0,17,39468.8492016775,8,60871.24694778089,5,75414.39748931587,2,93915.01978120417,0,107685.54351779626,0,121394.01931429745,0,40.06930278,-93.63803333,226,1.0161999964679655
06481500,SD,17,3.3421443284210386,0.3864882752019009,0.25715809288032887,0.4036848159553262,-0.3,0.3,-0.06246833230701669,264.498736955738,2.422423602516902,0,17,2219.0545344334855,8,4661.6442436763,5,6835.846239537735,2,10241.9675473207,0,13270.490257111958,0,16728.634868984955,0,43.53358676,-96.79088491,429,1.0161999964679655
06406500,SD,17,2.2736017385911795,0.6138769131601255,-0.02896674589516175,0.3843685148812754,-0.3,0.3,-0.1811897764677892,6.497816779809951,0.8127674612965374,0,17,195.9434416982336,8,623.611258739496,5,1115.4482160589528,2,2037.4358551714388,0,2978.087297349587,0,4163.447481375759,0,43.72543056,-102.90611667,859,1.0161999964679655
06911000,KS,17,2.9208001196175952,0.6492632154768005,-1.0804867026080824,0.4134885538553771,-0.2,0.3,-0.5702175870307888,23.755137862623936,1.375757555184738,0,17,959.8371798496062,11,3000.993573978786,2,5049.363075461557,0,8330.63958178785,0,11188.16027115999,0,14321.064822172237,0,38.51642112,-95.69192422,296,1.011768118609261
06921350,MO,17,3.5336088876605185,0.047692797466099765,-1.417701621014136,0.3542255943901068,-0.3,0.14,-0.6166129571558898,2888.8752549068977,3.46072878889326,1,16,3455.267280647749,11,3753.9791847261567,2,3896.9393215022533,0,4038.17291760259,0,4122.918564980048,0,4194.658231268957,0,37.90606111,-93.32891667,246,1.011768118609261
06762500,NE,12,1.3626068859894895,0.7424270207781735,1.2340729238544412,0.5604517261253165,-0.3,0.3,0.23486077508234957,0.5102019054278921,-0.2922579237833163,0,12,21.55607021735047,4,94.9468189372427,2,214.17836511961548,1,525.2491943789079,1,953.1525070387796,1,1647.25649289634,0,41.22776667,-103.89309722,1479,1.0112969095092879
06843500,NE,17,2.752799227491468,0.39838903197457987,1.4997172120838747,0.33887985561201545,-0.3,0.3,0.5450965527907438,63.79085713768529,1.8047584376680343,0,17,520.9181375787639,5,1183.772009189875,3,1909.5236666484004,2,3303.89703904669,2,4810.30349328456,1,6843.521741315623,0,40.28441944,-100.14371944,684,1.0079742890653798
06751490,CO,17,2.813819040630696,0.4399308666009612,-0.15636977083446033,0.3919948492738426,-0.1,0.3,-0.12443794382007886,58.46847005474981,1.766921729796357,0,17,665.1827220277065,9,1536.32694967766,2,2351.948218597934,1,3671.4559098314,1,4871.977703226626,0,6263.789623890481,0,40.7874815,-105.2522047,1766,1.0079742890653796
06817700,MO,17,4.287943497728363,0.25206350673573324,-0.6065706721676356,0.4431446826542026,-0.3,0.14,-0.37360076389296326,4876.536815824328,3.688111507306857,0,17,20118.973322227353,9,31867.53585523433,2,39739.629458564006,1,49569.06232016111,1,56737.20601690344,0,63742.68233587775,0,40.20246389,-95.06955556,263,1.0079742890653796
06877600,KS,17,3.9440273348022337,0.3663195831366375,-1.4538631022684614,0.34745150547057885,-0.2,0.3,-0.7809839462912974,3844.460540068936,3.5848354076203996,2,15,9800.62748103237,9,18101.38225924035,2,23567.986379550497,1,30014.804366962522,1,34382.468846057825,0,38357.58983526225,0,38.90648906,-97.11792021,345,1.0079742890653796
06917500,KS,16,4.010112162762014,0.3812338521174364,-1.545285728111291,0.3520340887534882,-0.2,0.3,-0.818964139137163,2974.7399968774234,3.4734490128020514,1,15,11523.894801941822,9,21695.389777891687,3,28393.095738140946,1,36244.65509747472,0,41519.49823130839,0,46280.24774417084,0,37.86331464,-94.6785993,235,1.0074809368379083
06847000,NE,10,1.1080371810981877,0.45232823519161786,0.48074272927828116,0.7697899526610595,-0.3,0.3,-0.0810571895904757,1.3714182573830662,0.13716992683268137,0,10,13.006107177847909,4,30.931353610666907,2,48.26720869729667,1,77.11927436185809,1,104.0463273084106,0,135.91831476763113,0,40.12000694,-99.8934567,666,1.006449510224598
06299980,WY,11,3.285959894277535,0.2521413555929949,-0.3710480338739143,0.6728304709415872,-0.1,0.3,-0.18358538572858574,541.7372431158147,2.7337886933012445,0,11,1966.3958165964568,6,3163.0259828980343,2,4015.4281729904656,1,5141.047785112212,0,6006.880033884044,0,6891.29429956315,0,44.900249,-107.020905,1112,1.0050181715600501
06276500,WY,11,3.379330192174858,0.2509293989268686,-0.2171366750045844,0.6418300672667394,-0.1,0.3,-0.13731140438461165,675.7920648913062,2.8298130880098284,0,11,2427.007751451446,6,3908.5682510281854,2,4977.3141084719855,1,6405.426939837773,0,7516.513607050494,0,8662.308775474283,0,44.15551,-108.877075,1752,1.0050181715600501
06076690,MT,16,2.7579773187935728,0.33735933855628125,0.33115653786907484,0.44161829611949854,-0.2,0.3,0.014863848686719194,92.00551173602626,1.9638138452242595,0,16,571.6649671049385,7,1100.6762563786776,3,1551.8652656884738,2,2240.318522211748,1,2841.286635939311,0,3519.474135131203,0,46.79578218,-111.17884,1343,1.0034499929475345
06928420,MO,16,4.089002678283441,0.25124274612958164,-1.1446459616126394,0.42983633758348566,-0.3,0.14,-0.5075164864480846,5360.498312538937,3.729205163634311,1,15,12887.578017763224,7,20147.362042891302,3,24789.40007847064,2,30343.62365514926,1,34231.91939639767,0,37905.73154327462,0,37.79194,-92.18333,238,1.0034499929475345
06334500,SD,17,3.2879865462221605,0.656523576038261,-0.6630636245342258,0.4452107261936356,-0.3,0.3,-0.4461587756749038,53.16999305989204,1.7256666036271222,0,17,2170.995443271353,9,7077.31961745468,3,12353.74712367067,2,21410.963186036206,0,29834.91581286555,0,39598.11073887697,0,45.54814722,-103.97124167,951,1.0027002748279483
06892495,KS,17,3.5017176270889374,0.22336781456267257,-0.24906388192623194,0.4026285661330537,-0.2,0.3,-0.2209487135697843,933.6247856100716,2.9701723727189764,0,17,3235.468109106537,9,4917.033421107633,3,6055.814909624413,2,7503.628092334972,0,8581.913637986747,0,9656.563016219843,0,38.978056,-94.922778,237,1.0027002748279483
06406000,SD,17,2.337030461947079,0.7706716243475585,-0.12323925758363773,0.3890948832998955,-0.3,0.3,-0.22304655859441247,3.1847402032912524,0.5030740103357614,0,17,232.0911209532244,9,983.0535254934832,3,2015.853812210896,2,4219.775065523005,0,6701.605518587598,0,10061.288648154388,0,43.82804586,-103.19602112,1003,1.0027002748279483
06794650,NE,17,2.483665273092458,0.4782780150370719,-0.5116346066791975,0.4360778224750599,-0.3,0.3,-0.386254985634906,22.15714455872169,1.3455137911514041,0,17,326.8781076506989,9,780.7397812298188,3,1184.2368832940542,2,1795.3426083010527,0,2313.8579120842355,0,2878.4355767097177,0,41.351944,-97.403333,445,1.0027002748279483
06809210,IA,17,3.8722791383549473,0.29746998476736825,-1.1622568955776178,0.4004109078081295,-0.2,0.25,-0.569864989972417,2609.902734451051,3.416624322404062,1,16,7950.457367935416,9,13403.914206159296,3,17013.01860557368,2,21400.798058848628,0,24497.991217176957,0,27432.90390166838,0,41.34610124,-95.07693555,341,1.0027002748279483
06441500,SD,17,3.6403813280695485,0.5334574074890206,-1.4164651941102113,0.35445718150363964,-0.3,0.3,-0.8117822337338056,715.7485310972442,2.8547604654089476,1,16,5150.022135322234,9,12501.60137900439,3,18243.58131401322,2,25723.996254210568,0,31155.775672393815,0,36317.130722605514,0,44.32664897,-100.3843003,437,1.0027002748279483
06020600,MT,17,2.935807792002145,0.18557382712582063,-0.31876652564450075,0.4120584242104624,-0.2,0.3,-0.2500379694725992,312.03287978884805,2.494200359270046,0,17,878.0798385086143,9,1241.123911641631,3,1472.6886097853055,2,1754.6138816709022,0,1957.1147804199009,0,2153.540657378255,0,45.24214576,-112.11081954,1621,1.0027002748279483
06336000,ND,17,3.6714123320859717,0.5613563623944697,-0.5467297443980744,0.4391835285715424,-0.3,0.3,-0.4001360561462488,216.55113910984932,2.3355604725628396,0,17,5113.976384905546,9,14171.562470161982,3,23041.291530804283,2,37391.791275196876,0,50197.27458581868,0,64644.80149921302,0,46.91945839,-103.5282426,687,1.0027002748279483
06906150,MO,17,3.2040480814091916,0.3527102692910123,-0.041966759806911856,0.384681067560637,-0.3,0.14,-0.23114930981789725,231.58392070990197,2.364708402251499,0,17,1650.5374992423508,9,3192.714440572076,3,4430.367147177203,2,6202.935900532426,0,7655.992783262514,0,9209.174202735881,0,39.897306,-92.49325,253,1.0027002748279483
06901500,MO,17,4.176307734416266,0.26525187753084867,-0.5841967623377119,0.44187032601252346,-0.3,0.14,-0.36837871764304975,3508.2583136899993,3.54509156305204,0,17,15579.736620102192,9,25290.32802516619,3,31920.64806717337,2,40309.39660727147,0,46492.93605115368,0,52583.77143983393,0,39.89593056,-93.23651944,217,1.0027002748279483
06468250,ND,17,2.7481455006522784,0.8284497313616561,-0.458725221744667,0.43044752137052616,-0.3,0.3,-0.3651895791692962,5.97991895960535,0.77669529843077,0,17,628.7358075669578,9,2857.3670573285253,3,5918.493468966453,2,12283.614275204089,0,19204.070947037082,0,28240.210227916752,0,47.39971891,-98.79760572,441,1.0027002748279483
06478600,SD,17,3.0909096222309715,0.5339552045727012,-0.7439829034739062,0.44523459709574037,-0.3,0.3,-0.4787287809251565,66.10950624315058,1.8202639135264782,0,17,1359.4562007449733,9,3532.8669484354355,3,5521.204184368102,2,8554.962898049056,0,11124.09363677964,0,13903.166236828423,0,43.44526,-97.10978,401,1.0027002748279483
06913000,KS,17,3.868009603293853,0.34377020016430554,-0.2156260080384862,0.39844376803548837,-0.2,0.3,-0.20671178214494096,1121.8750282748733,3.0499444812040366,0,17,7583.079954249227,9,14462.504618037936,3,19964.670983692267,2,27842.060550560433,0,34305.706087836734,0,41225.29207879518,0,38.58417771,-95.45359023,283,1.0027002748279483
06102500,MT,17,2.962446111557701,0.4199012362634539,1.3456444461533992,0.36767755871293084,-0.2,0.3,0.49448692380776194,91.87831693571721,1.9632130310133504,0,17,847.165647894229,5,2004.6689112945742,4,3295.1670515610303,3,5805.897306664447,1,8543.48196610461,1,12262.117156550137,0,47.883006,-112.611984,1448,1.0027002748279483
06447000,SD,17,3.8733212895112947,0.2728414938947216,-0.46729888934953207,0.43142918428765,-0.3,0.3,-0.36861862758968267,1675.1134069784146,3.2240442145714847,0,17,7763.356612029188,9,12777.750205093005,3,16235.072380626048,2,20638.252181945798,0,23900.9414909589,0,27126.727291174102,0,43.75249491,-101.5248665,654,1.0027002748279483
06862850,KS,16,2.4687385476807897,0.9181382630791167,-0.6698036204816283,0.4749139214861442,-0.2,0.3,-0.38187966719476285,2.0294939438594763,0.3073877596925576,0,16,336.54798975867345,9,1792.6748812114379,4,3994.732146996296,0,8898.833631791626,0,14507.64620985489,0,22098.49385076571,0,38.7127903,-99.29204719,576,1.0009587326165397
06313500,WY,11,3.4939747823518545,0.424740165903973,0.9397662181558399,0.6865025960563558,-0.1,0.3,0.2161977137148176,366.28974517928907,2.5638247601213022,0,11,3010.792208155607,4,7018.707667567929,2,11147.655426646237,2,18543.55663282098,1,25983.835331328406,0,35400.756923177134,0,43.6955304,-106.3072499,1335,0.9991549804467791
06893390,KS,17,3.979165374368597,0.24534311202803427,-0.2691808603520081,0.4052784864790788,-0.2,0.3,-0.22942703981970683,2484.9966805634954,3.395325812943025,0,17,9739.561722540933,9,15413.74498941895,4,19361.757585621297,1,24474.338879129195,0,28338.07994332002,0,32229.32878529266,0,38.938333,-94.607778,250,0.996561729678425
06349600,ND,17,2.6071851310899636,0.21774909641023912,-0.30160864461530273,0.40968694214322593,-0.3,0.3,-0.30068000882633317,122.74693638749481,2.0890106614743584,0,17,415.0329029833906,9,620.7216709780633,4,755.6085716492255,1,922.4744626954358,0,1043.6583463862244,0,1161.9999986442012,0,46.807493,-100.73346,506,0.996561729678425
06350000,ND,17,2.6424688662891227,0.9921092758242503,-0.44536979530058424,0.42887096177980427,-0.3,0.3,-0.3598335519962042,1.9123190101223198,0.28156034232254745,0,17,503.32953519593605,9,3090.335019842016,4,7406.093574606951,1,17807.350258944065,0,30477.65159924641,0,48476.14236248506,0,46.42667116,-102.55183031,746,0.996561729678425
06024540,MT,17,3.583016277911906,0.20588864845926927,-0.44460823288479534,0.42877940405559123,-0.2,0.3,-0.3006922937957245,1238.9847185255821,3.0930659498781274,0,17,3920.311087100262,9,5736.046914860501,4,6908.132407357718,1,8342.523480377477,0,9375.215118968687,0,10377.379788272392,0,45.807424,-113.313388,1796,0.996561729678425
06911900,KS,17,3.6522312104695267,0.33466838392298526,-0.1283412699404169,0.389503656385551,-0.2,0.3,-0.1688216025850136,717.5060258806823,2.8558255527868517,0,17,4588.215062396266,9,8635.521629376564,4,11874.714142659643,1,16528.698148118376,0,20365.431445539267,0,24492.062575127704,0,38.71069034,-95.8360288,313,0.996561729678425
06131200,MT,17,2.249727215105404,0.6102785950791971,-0.6456118659449811,0.4447513835469844,-0.2,0.3,-0.3795009216992755,6.27271859628423,0.797455804862025,0,17,194.1976566351163,9,590.640924094675,4,1006.6153293851331,1,1715.5934229798343,0,2375.584685120994,0,3144.2846935330135,0,47.535558,-106.153636,709,0.996561729678425
06101500,MT,17,3.2020902203088597,0.34449292072000204,-0.210282513568001,0.3978063656197236,-0.2,0.3,-0.20442064478397348,241.1599861507064,2.382305250252728,0,17,1636.1376454864344,9,3125.4476030613005,4,4318.684047296351,1,6029.495692905657,0,7435.069853312958,0,8941.327329175578,0,48.3063708,-111.0805283,860,0.996561729678425
06436198,SD,17,2.7901888266580737,0.5391093147152817,-0.5349290896533155,0.4382002571710277,-0.3,0.3,-0.39547372303294387,32.15717983319192,1.5072779543616246,0,17,669.3283839712398,9,1782.8899453340055,4,2846.1537608433077,1,4537.16373866126,0,6026.690579036095,0,7692.042930301947,0,44.61776281,-103.48157859,868,0.996561729678425
06482610,SD,17,3.4633771097054553,0.5589498774410665,-0.3500361730086449,0.4163896375501773,-0.3,0.3,-0.3209534743605809,135.91016153871453,2.1332519286619354,0,17,3113.3685542165367,9,8717.168823717251,4,14379.996666452136,1,23852.45387634745,0,32585.960353504892,0,42720.96345132967,0,43.61636276,-96.56532272,402,0.996561729678425
06421500,SD,17,2.9959197232819568,0.34210829505206625,0.06848230639430647,0.38566557647772204,-0.3,0.3,-0.13877753862726744,151.9880396460631,2.181809413470506,0,17,1008.8585666617764,7,1931.566296304241,4,2685.0507703243566,2,3786.120605514692,1,4707.713940643791,0,5711.0916246308625,0,43.94193295,-102.85378581,831,0.9927679001345439
06073500,MT,17,3.220015632020832,0.3864073544187176,0.7018262327947472,0.4456531997148794,-0.2,0.3,0.16283337876357995,199.75031468434102,2.300487472169084,0,17,1620.067434036149,7,3481.6988231904015,4,5265.789735229943,2,8272.73369296035,1,11140.922154234016,0,14618.731855528513,0,47.19911229,-112.0963938,1161,0.9927679001345439
06483290,IA,17,3.7513235825037357,0.4727125287889129,0.33573794270990004,0.4144116752238128,-0.2,0.25,0.0015835823961973944,423.0738767724918,2.6264162101013016,0,17,5638.957472932171,7,14097.17368011285,4,22761.933594140468,2,37944.81059946499,1,52790.752188917555,0,71050.60503483894,0,43.422972,-96.164887,407,0.9927679001345439
06347500,ND,17,2.9485068409038067,0.55013886906482,0.1844514851036865,0.3948712358376223,-0.3,0.3,-0.09084550052512462,43.58620858499026,1.6393490928710701,0,17,905.3894477865193,7,2592.8497245380267,4,4446.01772274607,2,7838.129871491567,1,11255.750026900041,0,15540.41309270889,0,46.69444606,-101.4673665,575,0.9927679001345439
06485500,IA,17,4.2478978946328425,0.4730984267376297,0.6862783613825562,0.4455714606017697,-0.2,0.25,0.1185432452245084,1324.5617400348306,3.122072206296158,0,17,17320.193485609365,7,43964.07415029486,4,72424.38819729749,2,124486.8655099495,1,177553.6005205859,0,245213.48189478734,0,42.83721494,-96.56169967,346,0.9927679001345439
06899700,MO,17,3.871768251952655,0.2411677924764483,-0.09744547315668282,0.3872546262033829,-0.3,0.14,-0.2462164344346108,1985.4759913487176,3.297864639882495,0,17,7614.754276348981,7,11942.177606537793,4,14920.55027306717,2,18744.00237795067,1,21611.251236788907,0,24481.384657338014,0,39.66848889,-93.7671222,217,0.9927679001345439
06904010,IA,14,3.6682402788561688,0.4150365564709511,-0.8802622749207429,0.5376879463315412,-0.2,0.25,-0.41590474949150036,518.8089541712221,2.7150074630049366,0,14,4976.622116076161,8,10549.8579155887,2,15074.567450669876,1,21486.809844051586,0,26640.527427965197,0,32030.256393461856,0,40.6925174,-92.77241787,254,0.9916876437076244
06190540,WY,17,1.4629472173285807,0.04127210424439245,-0.41687183130213556,0.42533466606956294,-0.1,0.3,-0.2310588805933671,23.159680827846373,1.3647325699232637,0,17,29.143072394156142,9,31.482155551469745,5,32.71250447396148,0,34.026492722080384,0,34.874940611912606,0,35.63698645279885,0,44.985213,-110.689099,1732,0.9904231845289017
06430532,SD,12,2.2318324588407856,0.45599565301668615,-0.04935845712813797,0.5636528193806472,-0.3,0.3,-0.21293670190820252,16.42181787273859,1.2154212312486907,0,12,177.01276183170106,6,416.44834576436875,3,638.0217389435105,1,990.2760601748098,0,1304.6248317088634,0,1662.6000191525504,0,44.57054,-104.00577,1027,0.9897545251906038
06332770,ND,15,2.3888040728385467,0.7945197702306777,-0.5209824758368666,0.4994471423457737,-0.3,0.3,-0.38292573609874314,3.470136918580487,0.5403466107594233,0,15,275.042275997301,7,1169.291215655908,6,2338.4082655821626,0,4674.514602600691,0,7132.942967933018,0,10262.97196316283,0,47.737785,-102.107669,567,0.9887080951581223
06476000,SD,17,3.5316418641130447,0.4495503520669449,0.2768836275411851,0.40631298548321504,-0.3,0.3,-0.05497393957162594,289.63643857989297,2.4618531986807506,0,17,3433.6862177982784,7,8149.75021522497,5,12736.590653452839,3,20421.781394317604,0,27643.820030138595,0,36244.86881774772,0,44.36359475,-98.19925697,376,0.9874938858971123
06475000,SD,17,3.445251672414443,0.4669530200900261,0.23295108254859945,0.40057282991456367,-0.3,0.3,-0.07177915280545752,215.7993449442769,2.3340501220544096,0,17,2823.8231514130266,7,6914.9633687232,5,10964.099428490043,3,17827.50550417737,0,24332.480271267315,0,32124.927467863443,0,44.91053097,-98.47203862,385,0.9874938858971123
06426500,WY,17,2.6502178169863635,0.48747583274559997,-0.13969377800523133,0.39046371864988144,-0.1,0.3,-0.1172465736865281,30.91565251591529,1.4901784172935952,0,17,456.81639942857623,7,1156.1618917238202,5,1855.6882308843776,1,3045.4305892533803,1,4173.114336839866,0,5521.67856344208,0,44.32192645,-104.94053135,1251,0.9866293549850207
06835500,NE,17,2.3473685042012598,0.5060159832109432,1.0474209048804786,0.41835865768219416,-0.3,0.3,0.2627081502273416,13.906228735678829,1.1432093685722593,0,17,211.4635635060047,6,582.7853467073073,3,1019.5678547424003,2,1893.5526512306744,1,2860.344951075929,1,4180.664760327398,0,40.23472153,-100.87821393,789,0.9830620080384077
06331000,ND,17,3.020406933599199,0.6896359175754745,-1.020075506334134,0.42216882696518643,-0.3,0.3,-0.5991304025238048,67.16286325517243,1.8271292024960175,1,16,1227.1348425536305,10,4088.366499793767,2,7051.223740473798,1,11874.510271636167,0,16112.089601652891,0,20776.136142735093,0,48.28446833,-103.57297177,573,0.9830620080384077
06864500,KS,17,3.610193173101395,0.5063463580912103,-1.0625366491374635,0.41616625452395994,-0.2,0.3,-0.5613141405458136,254.2423235828894,2.4052478490051223,0,17,4542.92492956002,10,11069.913396262788,2,16638.780270803738,1,24645.87157921568,0,31076.211222059363,0,37742.77553777145,0,38.72667589,-98.23366838,464,0.9830620080384077
06897000,MO,17,3.4988048342606377,0.23132273908386417,-0.822791012071878,0.44202629692135614,-0.3,0.14,-0.4257516062026877,887.8290632206151,2.94832935761855,0,17,3274.7214249334424,10,4974.0210190854905,2,6063.507932614862,1,7378.7405068757935,0,8310.138178920419,0,9200.035387990318,0,40.297225,-94.02621944,267,0.9830620080384077
06828500,NE,17,2.4634346824925344,0.5743114130878977,1.8511869946080524,0.2766639426812636,-0.3,0.3,0.8191199078301309,12.495506668003951,1.096753870599088,0,17,243.14047518393053,6,813.1243525679762,3,1703.1868718679327,2,4082.6196051113557,1,7537.295429329757,1,13524.036143728565,0,40.14098056,-101.23026389,850,0.9830620080384077
06716500,CO,17,2.952961162971241,0.16418970512755848,-1.4742986274186511,0.3436270687470615,-0.1,0.3,-0.7405721701981751,518.8436099670829,2.7150364723697935,1,16,939.8399572484592,10,1240.5926805246368,2,1399.9480484219719,1,1565.6044610888468,0,1668.1665830098782,0,1756.354321549877,0,39.76582091,-105.62611234,2466,0.9830620080384077
06481480,SD,17,2.4535688898540475,0.5033029421193705,0.19312770058071727,0.39582856470346467,-0.3,0.3,-0.08739258823434362,18.02461263207469,1.2558659400455496,0,17,289.00069307516463,7,757.1042533538259,6,1240.7529950084988,2,2086.290545645805,0,2907.287870154432,0,3908.327972885038,0,43.84803,-96.83644,478,0.9813553407475891
06906800,MO,17,4.31880397853066,0.13750096422273114,-1.1009060621028963,0.4103509125078201,-0.3,0.14,-0.503737008781306,12920.221417930718,4.111269956365066,1,16,21394.573103262494,8,27326.410632377832,2,30616.105946777898,2,34207.650990444956,1,36548.88753658387,0,38654.24674670435,0,38.70225,-92.9788333,208,0.9792681784945266
06392950,WY,13,1.6955872206263032,0.29154396479178907,1.083106433959532,0.548364168382468,-0.1,0.3,0.3183721371266657,10.849668044757257,1.0354164507619135,0,13,47.87852402686324,5,86.17294647010317,1,119.60217784538219,1,172.3747640856334,1,220.22328144186395,1,276.1636053743397,0,43.85886727,-104.107158,1371,0.9790709277967581
06091700,MT,16,3.49661747675298,0.2074069277408643,0.04477311399735293,0.4108774823577263,-0.2,0.3,-0.09670240509565949,1019.4584374982409,3.0083695246378346,0,16,3161.9849951865476,8,4699.7954024690625,3,5756.790849704662,2,7124.059984259577,0,8161.078194617106,0,9211.356686422489,0,48.4266358,-112.9898006,1269,0.9769806943563766
06863000,KS,17,2.815881272321743,0.9760905527866645,-1.6877392057103362,0.3045739992097721,-0.2,0.3,-0.9382417409555821,23.0318980310791,1.362329729126117,1,16,925.4730833252115,10,4454.770727116892,3,8479.946197344518,0,14929.429266447403,0,20249.189131261035,0,25664.007075195314,0,38.714735,-99.153709,563,0.9769234628888843
06873460,KS,17,2.8327914555754945,0.6820604838155429,-0.881046634557819,0.43776720456587453,-0.2,0.3,-0.47693558225805177,16.206964910527134,1.2097016918364663,0,17,770.5865548487684,10,2611.0450049627298,3,4620.688530937652,0,8089.630538806961,0,11319.546167161001,0,15057.810462437692,0,39.43973253,-99.10175669,515,0.9769234628888843
06177500,MT,15,1.989945718771938,0.837466543113788,0.6180977487431095,0.5069118142971745,-0.2,0.3,0.10415879439899314,1.100454775720365,0.04157219949394286,0,15,94.49521268765326,6,490.00687890111766,3,1180.612940532135,2,3059.618815746706,1,5705.636570115831,0,10047.933712384684,0,47.414175,-105.5755547,735,0.9760657549858304
06639000,WY,11,2.4901378520725634,0.5934800879360508,-1.6409823829976622,0.495105236841455,-0.1,0.3,-0.6814258207325589,15.504568810725742,1.1904596928096316,0,11,360.6255425452476,7,997.2951182307032,1,1564.5835108126478,0,2387.5966505661495,0,3044.688233127831,0,3717.3268375992798,0,42.48995905,-107.1339449,1794,0.9746681228853056
06356500,SD,17,3.1449378459624966,0.5642731492232975,0.13340908827097303,0.3899237339697355,-0.3,0.3,-0.11154043544326661,63.40813063664673,1.8021449497465547,0,17,1430.2955555120554,8,4194.13492587871,3,7261.231060343282,3,12906.566961686938,0,18611.77358665551,0,25774.295810807187,0,45.64888274,-102.64127028,739,0.973994164257095
06040800,MT,17,3.575928296684501,0.15922867055219658,-0.14202098873515423,0.3906689256837041,-0.2,0.3,-0.17481614890631508,1574.0338343418691,3.197014063416975,0,17,3806.8475112746696,8,5141.75575344823,3,5981.034979398055,3,6996.483979912002,0,7723.807182124524,0,8428.917237007694,0,45.486595,-111.63386,1444,0.973994164257095
06876700,KS,17,2.9749138439877316,0.3523781608413017,-0.182539793407037,0.3946644306797176,-0.2,0.3,-0.19245957940762343,136.88771643785014,2.1363644786481943,0,17,968.747762701629,8,1880.5971324902575,3,2621.9407626984384,3,3697.148139437877,0,4589.310782340675,0,5552.77378537799,0,39.13906876,-97.83695994,384,0.973994164257095
06324970,WY,15,2.7563307365967775,0.5619863031444299,-1.0447065121390353,0.4777273521145498,-0.1,0.3,-0.46441042335870875,28.110236391560854,1.4488644977994996,0,15,630.5038126354917,8,1727.619453387029,4,2772.4072996082737,0,4414.734652931014,0,5839.683739447827,0,7409.260342800895,0,44.92692882,-105.35332679,1037,0.9734084106327693
06340500,ND,17,3.434941754759955,0.5586198188517476,-0.44503730921295587,0.4288310104574766,-0.3,0.3,-0.3596999745339806,127.5269607206667,2.1056020095105756,0,17,2940.1267821625675,8,8168.767372440893,3,13362.818966745788,1,21900.208268868384,1,29639.495500831075,0,38491.784645252854,0,47.28528162,-101.62210934,526,0.9731296333450032
06893578,MO,17,4.062923279092949,0.2463231002077125,-0.20267772791842403,0.39691627389154793,-0.3,0.14,-0.2746233840284514,2997.4479716312235,3.4767516535458443,0,17,11862.738106502129,8,18742.664122365008,3,23467.877345610905,1,29513.243621280617,1,34028.99931273298,0,38532.92446181963,0,39.058338,-94.511898,228,0.9731296333450032
06882510,KS,17,4.155185083075869,0.23186988734586414,-0.19130562231876952,0.3956250174527329,-0.2,0.3,-0.19625040325041732,4012.4308917587464,3.6034075653914215,0,17,14546.71176645993,8,22501.563535650006,3,27992.497890352213,1,35078.287155116435,1,40424.774286760454,0,45807.55460969598,0,39.84206576,-96.66226192,351,0.9731296333450032
06887000,KS,17,4.0742758917751924,0.26452256647048333,-1.3544050849395943,0.3660496869864602,-0.2,0.3,-0.7199634985924385,4842.759525068779,3.685092903998302,1,16,12757.383507618055,8,19996.184168458276,3,24345.21599695581,1,29235.010165922904,1,32450.597548479716,0,35331.597236229645,0,39.2371353,-96.57143066,305,0.9731296333450032
06652000,WY,16,3.7015514218915806,0.17412018298355594,0.7053993022773825,0.47521032902819865,-0.1,0.3,0.21168288351641107,1957.3225515461015,3.29166239991131,0,16,4959.20970095756,6,7014.848827354934,3,8477.515974689944,3,10439.616265544955,1,11983.74051904574,0,13598.510676124266,0,42.65249599,-105.15914341,1415,0.9729497504660028
06023100,MT,17,2.9384640140875016,0.2281597964625345,1.4501238507992302,0.3481517769029833,-0.2,0.3,0.5637673348751264,248.60814188296118,2.39551534762397,0,17,826.2847387490282,6,1323.1916312382184,3,1742.4226708182618,2,2390.61392654288,2,2970.1924402397494,0,3642.1901783261173,0,45.54687,-112.338057,1411,0.9693358038011222
06289000,MT,17,3.085522756177408,0.17144132930985787,-0.42731958448448293,0.42665621213131794,-0.2,0.3,-0.2938488850805019,475.93345093204596,2.6775462302130384,0,17,1241.3899865843675,8,1704.94031255118,4,1991.3001699710871,2,2331.5315628259987,0,2570.769523120912,0,2799.055603031013,0,45.0069097,-107.6150953,1322,0.9678556191075717
06470878,SD,17,3.353117742190189,0.3309345050188202,-0.012356592940817148,0.3841350678605075,-0.3,0.3,-0.17386551841638723,367.7879903070916,2.5655975437478564,0,17,2305.170849041122,8,4305.918198405705,4,5896.457716845966,2,8169.759039777972,0,10035.464867918306,0,12035.166405598335,0,45.936358,-98.174269,392,0.9678556191075717
06708800,CO,17,2.811479501915695,0.3996493560505447,-0.7088384189544434,0.44564822006251753,-0.1,0.3,-0.3449566977723342,72.51695113762496,1.8604395365715665,0,17,682.9918300930408,8,1421.5419893549874,4,2025.9695080162476,2,2894.0963273469,0,3602.642048567897,0,4354.289432914544,0,39.423,-104.904611,1817,0.9678556191075717
06892513,KS,17,3.742089672997733,0.20873393099225884,-0.12837455679738247,0.3895063701975828,-0.2,0.3,-0.16883620820699913,1759.415712145068,3.245368466040716,0,17,5597.071140659373,8,8303.428137807552,4,10128.304488457003,2,12448.28566363171,0,14179.170144490832,0,15908.480306115616,0,39.029167,-94.817222,230,0.9678556191075717
06918740,MO,17,4.0271579739067045,0.3491652190945292,-0.777699481680846,0.4442392261093823,-0.3,0.14,-0.41447010821351027,1571.2829607234914,3.1962544009630305,0,17,11251.62842851115,8,21174.43706658204,4,28595.12139255218,2,38539.524586034924,0,46190.15698802662,0,53945.98253212293,0,37.48285556,-93.48564722,273,0.9678556191075717
06893080,KS,17,3.6325244871747415,0.3735472486388712,-0.19020588576873462,0.3955027992388537,-0.2,0.3,-0.19577538110185155,554.1142776642998,2.7435993406145753,0,17,4412.7172576740995,8,8911.156400900703,4,12668.752254966179,2,18224.28926025028,0,22905.39416102878,0,28017.76505499721,0,38.81252212,-94.67591285,274,0.9678556191075717
06041000,MT,17,3.68228285960414,0.11675159842703099,-0.46387776869751135,0.4310404345767797,-0.2,0.3,-0.3082885800360459,2537.760999929491,3.4044507189015984,0,17,4878.352784634092,8,6051.732762701115,4,6722.416502915866,2,7477.898535963953,0,7986.487716557271,0,8456.678978473761,0,45.49020577,-111.63413821,1436,0.9678556191075717
06353000,ND,17,3.223088511890334,0.505307758818823,-0.5096009684876224,0.43588151864606123,-0.3,0.3,-0.38544893295048277,104.86117695804717,2.0206147279105746,0,17,1800.8511306386101,8,4518.841842268617,4,7018.6110265658945,2,10896.029568819024,0,14248.185401006696,0,17947.887857905982,0,46.09166988,-101.333742,579,0.9678556191075717
06355500,SD,17,2.5956629611342352,0.7270039185570347,0.0972750071699393,0.38724376267257504,-0.3,0.3,-0.12657899769435355,7.3387473458256265,0.8656219363162609,0,17,408.3161456508935,8,1627.6753939717994,4,3288.1312561892096,2,6858.029301992359,0,10938.217539358904,0,16557.231117673848,0,45.80222002,-102.3623795,714,0.9678556191075717
06339500,ND,17,3.2211490678275907,0.5206100916255948,-0.3699958558216524,0.41912722146885933,-0.3,0.3,-0.3292003363516187,95.99763572579184,1.9822605371657522,0,17,1776.9160995226257,8,4629.485595182983,4,7367.317610061872,2,11775.993748645324,0,15718.336928682254,0,20190.397723031565,0,47.15445301,-102.05989206,567,0.9678556191075717
06918440,MO,17,3.8561869715061157,0.41860624477403774,-0.776498932246164,0.44428453132598655,-0.3,0.14,-0.4141735694475264,1442.5703079919983,3.1591369889881533,1,16,7673.7619734394375,8,16376.994326750098,4,23479.242984632492,2,33581.87635126625,0,41726.40734753135,0,50263.14699744954,0,37.44314167,-93.68488333,271,0.9678556191075717
06423500,SD,17,3.9071141098474165,0.298585826146607,-0.19539428932959002,0.3960835792473535,-0.3,0.3,-0.25491674543586457,1572.4382827324553,3.1965736086516556,0,17,8313.570407795663,8,14500.706531396718,4,19085.164144203743,2,25278.334995141216,0,30116.047604515115,0,35103.672604641724,0,44.08109849,-102.40127456,692,0.9678556191075717
06482000,SD,17,3.485689522821246,0.3027976033719617,0.12010408930304894,0.3888508452283166,-0.3,0.3,-0.1170413411496328,582.2725469882674,2.765126314455323,0,17,3101.6655201213384,8,5522.045285763909,4,7408.810466935705,2,10078.608857632154,0,12257.262033490895,0,14586.284611220412,0,43.50136,-96.74894,427,0.9678556191075717
06472000,SD,17,3.309413632134705,0.45547695404785077,-0.010828955085588824,0.3841230028978323,-0.3,0.3,-0.1731933978146341,168.08211921958457,2.225521515121179,0,17,2101.6257150929277,8,4966.855107424116,4,7656.583822743945,2,11995.586448382703,0,15923.001817851717,0,20450.181346533132,0,45.24163936,-98.3914819,395,0.9678556191075717
06345780,ND,17,3.181076187220712,0.6907627884269741,-0.3058126169120965,0.4102664904080058,-0.3,0.3,-0.3024551138159809,34.45701653467891,1.537277671294872,0,17,1643.8015716108728,8,5891.681351255223,4,10988.90215637919,2,20680.815553071843,0,30576.467426521856,0,42967.12817158124,0,46.656951,-102.079328,638,0.9678556191075717
06225500,WY,10,3.8878038047769508,0.17797401757576758,-0.10224989692079049,0.6957737707543887,-0.1,0.3,-0.100677833757085,3204.825116129812,3.505804335517225,0,10,7776.598830364761,5,10924.333373680116,2,12998.17633516292,1,15600.143864681537,0,17524.20800267595,0,19436.351552007767,0,43.24245662,-109.01040481,1748,0.9640986324787455
06934000,MO,17,4.757632123178284,0.2799034377802076,0.18900403956594497,0.3953697849450442,-0.3,0.14,-0.1721247118078212,12346.669969179602,4.09154983945624,0,17,58298.6241736012,6,98909.89239227814,4,129059.54374715648,3,170092.6706373362,1,202456.24989170601,0,236140.90425204582,0,38.38880833,-91.81988889,176,0.9640617895636907
06933500,MO,17,4.749320003515715,0.3122807188778459,-0.4878128208893294,0.4336733381975718,-0.3,0.14,-0.3458340891475256,16661.25148465393,4.221707619667786,1,16,58517.70895864547,6,103752.37024154929,4,136832.1087810222,3,180777.67244359083,1,214491.70214732128,0,248693.545083259,0,37.929925,-91.97733056,201,0.9640617895636907
06477000,SD,17,3.5663831984908585,0.45963879534532953,0.5826786886779179,0.4417747454171988,-0.3,0.3,0.05698654913688253,296.88428259016257,2.472587206134115,0,17,3647.6895621365593,6,8951.522153581525,4,14393.523047202661,3,23988.82610122237,1,33446.72341980929,0,45173.476151548646,0,43.9738721,-98.07091598,371,0.9640617895636907
06889200,KS,17,3.6284556572992783,0.3571135303107562,-0.19923411862355048,0.39652009672303795,-0.2,0.3,-0.19967012522105848,600.6722927403499,2.778637599672515,0,17,4368.50425481858,8,8549.65033229966,5,11961.99816296358,1,16921.70485633199,0,21042.6967311143,0,25496.463737459395,0,39.23833024,-95.88859924,291,0.9617170739580485
06470000,ND,17,3.0461580837054596,0.3260562163269008,-0.5566935025315636,0.4399636510748298,-0.3,0.3,-0.4040700453969752,186.3145107537295,2.2702466804188366,0,17,1169.6675300428412,8,2113.4213086352784,5,2801.4623512941826,1,3708.651532382145,0,4398.1792535601935,0,5091.47766394213,0,46.88972222,-98.68166667,422,0.9617170739580485
06867000,KS,17,3.012257951029799,0.5986568588382498,-0.14032460784935374,0.3905190657339074,-0.2,0.3,-0.1740736808966073,38.693910559977304,1.587642623461131,0,17,1070.5785386421999,8,3315.082040565807,5,5853.928243559026,1,10558.528591726874,0,15316.998877283102,0,21276.74634770897,0,38.96589479,-98.8545193,483,0.9617170739580485
06018500,MT,17,2.7155646125115873,0.17815523613329842,0.20734835534160012,0.3974605155864521,-0.2,0.3,-0.024786487734397844,195.7091346573495,2.2916110966784267,0,17,520.3560155600976,8,734.0311280788525,5,877.8124703868366,1,1061.5331651533359,0,1199.7151446390842,0,1338.9546471265041,0,45.3835347,-112.4527864,1470,0.9617170739580485
06437000,SD,17,3.6708438249499897,0.5988782204039186,-0.15803426929774222,0.39215523562341753,-0.3,0.3,-0.23846796640595053,176.07663359928753,2.245701726369296,0,17,4950.235723005084,8,15154.791159750235,5,26389.306110890135,1,46618.451789684535,0,66517.30844992476,0,90845.47516822095,0,44.51304182,-103.13684639,777,0.9617170739580485
06470800,ND,17,2.635117327980648,0.5861179475099213,-0.26661343099939655,0.40493588760289234,-0.3,0.3,-0.285791657260861,17.391645392590735,1.2403406717737793,0,17,460.2578779841393,8,1363.853260308937,5,2322.999669378095,1,3993.5970075605055,0,5588.212918355356,0,7490.028010643053,0,46.22524393,-98.0717676,397,0.9617170739580485
06208500,MT,17,3.461324754490892,0.5528714993694058,0.07469036798045936,0.38596194002983664,-0.2,0.3,-0.07986635178250061,139.85055829879275,2.1456642044622902,0,17,2942.27569053039,8,8484.955353980382,5,14620.514882218407,1,25933.77399993423,0,37408.09901316147,0,51873.089170677056,0,45.46605917,-108.8437547,1049,0.9617170739580485
06814000,KS,17,3.668169673234021,0.31899484015882895,-0.5578692895149862,0.4400526304090461,-0.2,0.3,-0.3450718265742192,811.0770777071215,2.909062127740467,0,17,4858.284898487692,8,8721.192002131424,5,11571.494420410612,1,15381.68954195775,0,18319.403273800406,0,21310.429054125583,0,39.94777732,-96.10861492,323,0.9617170739580485
06471000,SD,17,3.121355419941155,0.48053024446380593,-0.24971209795772809,0.4027126141113514,-0.3,0.3,-0.2785312369385033,95.02641368844424,1.9778443392330323,0,17,1391.9919181993348,8,3395.4637973180656,5,5261.124654947005,1,8219.122224091127,0,10841.731299327063,0,13805.527542815895,0,45.60357951,-98.3103756,392,0.9617170739580485
06479500,SD,17,2.679655119079783,0.450835276870326,-0.12528816968830106,0.3892573204298182,-0.3,0.3,-0.22395648542285368,40.439775515447906,1.606808736120921,0,17,497.1305719092172,8,1156.5290814263585,5,1760.1052408015187,1,2710.966736909568,0,3552.757813904651,0,4505.292211813376,0,44.94246436,-97.1461856,524,0.9617170739580485
06402500,SD,17,1.6523107602766662,0.45370836180637264,0.7677650429339773,0.44459238235668225,-0.3,0.3,0.1302078834950338,3.7378970640696707,0.5726273374060897,0,17,43.90026780442823,6,107.4009405546006,5,173.66766198044527,4,292.79912903457523,0,412.55523009403845,0,563.6640137503381,0,43.46664953,-103.30603078,973,0.9587877753262589
06386500,WY,16,2.641580432827541,0.9070547822527272,-1.6665151788215646,0.328507640324982,-0.1,0.3,-0.8477308524101159,27.882220384939004,1.4453273555999284,1,15,586.5188254344969,9,2614.525026827733,2,4909.203717072576,1,8658.642310479017,0,11846.181860012666,0,15193.579380265599,0,43.42108409,-104.13160225,1095,0.9561150358924897
06710150,CO,17,2.5601874144429186,0.3589783755672882,-0.5858946080735007,0.44197586640979253,-0.1,0.3,-0.29645973544581905,50.807942791197696,1.7059316107237525,0,17,378.35653535989394,8,735.0379288884378,6,1017.0536586004907,0,1414.3715248138258,0,1734.6656396631483,0,2072.070336684465,0,39.56332,-104.92776,1736,0.9555785288085253
06006000,MT,17,2.164839052693753,0.14958227042221742,-1.0235669969067616,0.4216940409737503,-0.2,0.3,-0.5423474284735226,64.39916294496581,1.8088802224724683,0,17,150.76463103265854,9,196.34346072163598,2,221.70103587414647,2,249.36208537339934,0,267.34802038216014,0,283.4725881903528,0,44.615474,-111.62913,2033,0.9543558974675543
06721000,CO,17,3.7235322398254462,0.16458834723916654,0.24588526566929203,0.402217855287171,-0.1,0.3,0.04776835837982619,2147.156297747256,3.3318636591444664,0,17,5274.993533825864,9,7272.057567367849,2,8615.57988834934,2,10336.236951817276,0,11634.744673993699,0,12947.716841905372,0,40.116094,-104.818583,1485,0.9543558974675543
06917630,MO,17,2.6803982198631355,0.2820569470252968,-0.9042031622861193,0.4356676712133127,-0.3,0.14,-0.4469397135708053,162.29774985017804,2.210312498665262,1,16,502.74216764659957,9,835.215278818365,2,1060.9641204406332,2,1343.5659913758152,0,1549.2543343152993,0,1749.4621568199248,0,37.535361,-94.558083,265,0.9543558974675543
06869500,KS,17,3.2903310935317536,0.3187276940516437,-0.22400197394354676,0.39946165445414006,-0.2,0.3,-0.21029447738444412,340.29790222227297,2.531859271881295,0,17,2002.1419131973657,9,3641.7867132825163,3,4908.520666390734,1,6677.253504717909,0,8099.2255879757395,0,9598.611346742797,0,39.0038312,-97.87379824,390,0.9482173523180313
06936475,MO,17,3.631733186782601,0.18143694630532164,-0.33074522319185024,0.41371945356991385,-0.3,0.14,-0.3077734874928239,1584.7845597246219,3.1999702312968576,0,17,4375.492327353649,9,6116.579040521156,3,7202.098043120017,1,8498.885431719127,0,9414.299974646023,0,10289.974125456796,0,38.818,-90.25125,150,0.9482173523180313
06335500,ND,17,3.6561964724017755,0.6387401663990206,-1.0520927007288419,0.41768736901361386,-0.3,0.3,-0.6143817488786996,807.2210345413793,2.9069924702088183,2,15,5262.8753550147885,9,15985.717566688174,3,26385.064940137654,1,42535.97942647825,0,56209.05986149696,0,70857.88759616169,0,46.29777778,-103.9175,824,0.9482173523180313
06026420,MT,17,3.7389676185437835,0.20595651399364587,-0.16778285495419978,0.39312091146899913,-0.2,0.3,-0.1860556169150116,1773.6004563458225,3.2488557918500307,0,17,5563.535889373143,9,8201.694292061278,3,9964.826703516621,1,12190.21389977317,0,13839.833679231428,0,15479.538897606975,0,45.549648,-112.359725,1414,0.9482173523180313
06819185,IA,17,3.762427531669937,0.17247572897329974,-1.0745850568861508,0.41437752657190124,-0.2,0.25,-0.529099428377301,2249.000020216438,3.3519894593395394,0,17,5992.006839354089,9,8132.138420541438,3,9362.83312080878,1,10735.344008634993,0,11643.896084615279,0,12468.936123874695,0,40.66054333,-94.71663553,333,0.9482173523180313
06875900,KS,17,3.199963362297755,0.3953810972021001,-1.1387581213103966,0.404301650540531,-0.2,0.3,-0.5998676365119662,181.58522673879574,2.259080512649795,0,17,1734.9024162984422,9,3458.4167992123434,3,4726.523722023388,1,6371.561594833074,0,7588.92435915134,0,8778.72667345724,0,39.4737876,-98.28366305,423,0.9482173523180313
06447230,SD,17,3.1083555303942476,0.26508735330104727,-1.5400642546616645,0.3313798885825459,-0.3,0.3,-0.8892162280203227,541.6291117294014,2.7337019989630167,1,16,1403.2931670492312,9,2162.079637503639,3,2588.1293830224154,1,3037.8285014369585,0,3315.6728805703647,0,3551.9647414819033,0,43.75527,-101.22792,625,0.9482173523180313
06907700,MO,17,4.208141639946166,0.23999570069295395,-1.1233167289485786,0.40680377662302664,-0.3,0.14,-0.5107965361260949,6768.780481613093,3.8305104297169943,1,16,16923.581200438406,9,25925.707660889788,3,31594.941727602072,1,38309.38634015993,0,42971.84743841608,0,47351.66484655049,0,38.87001,-93.62216,205,0.9482173523180313
06906200,MO,17,2.6644003728892,0.36770542638361786,-0.7460868348745754,0.44518945932362436,-0.3,0.14,-0.40672126075993265,61.57110230055914,1.7893769287866246,0,17,488.9494531368705,9,952.4942089656605,3,1308.3879095265424,1,1794.3261051586442,0,2173.9023802368633,0,2563.020490475294,0,39.75144722,-92.51895556,236,0.9482173523180313
06026500,MT,17,3.8632251155201125,0.18773117444783444,-0.5450672411416706,0.43904885976461905,-0.2,0.3,-0.34007216298997,2609.058840783536,3.4164838736343115,0,17,7479.060563524288,9,10556.428897411492,3,12472.291928436814,1,14754.190759995348,0,16359.14679990383,0,17889.148349524057,0,45.612426,-112.3305576,1396,0.9482173523180313
06803170,NE,17,3.269480582605869,0.36441865058417366,-1.0713480950232868,0.4148615787199778,-0.3,0.3,-0.6237052254526476,445.73950791857743,2.649081129286105,1,16,2028.3182448136483,9,3818.2825810593586,3,5075.332878156433,1,6652.851874361124,0,7788.920463215672,0,8877.23638578186,0,40.805558,-96.777797,354,0.9482173523180313
06348500,ND,17,2.665795005714588,0.791847607860415,-1.2240961018902783,0.389764877285532,-0.3,0.3,-0.7019178704170567,58.42480813751031,1.7665972948775743,2,15,572.4314958999842,9,2210.177303732527,3,4005.538512531159,1,6980.232858902921,0,9593.23811844766,0,12442.737641111064,0,46.85110718,-101.2531972,586,0.9482173523180313
06921200,MO,17,4.061008703552368,0.29443348979940487,-0.4650569381668542,0.43117487553647926,-0.3,0.14,-0.3404569114172875,2292.711761562969,3.36034945890301,0,17,11958.775035806959,9,20530.978944204217,3,26667.83223888876,1,34705.97441930817,0,40805.40158661028,0,46945.619562186876,0,37.75046667,-93.26618333,273,0.9482173523180313
06608500,IA,17,3.6018659910577164,0.46750477983579286,-0.3557735969552184,0.41718012699697204,-0.2,0.25,-0.25837014272905845,308.56838378362113,2.489351425772104,0,17,4187.718748295701,7,10000.911105788879,3,15366.749806602596,2,23839.772182696237,1,31338.155177976983,0,39808.20509544403,0,41.83054358,-95.93139887,323,0.9444235227741501
06281000,WY,17,3.6828138775960304,0.09556244527131505,0.5075450533830846,0.43568132115531416,-0.1,0.3,0.1477479185263243,2853.6799728152473,3.455405267365373,0,17,4791.389182906579,7,5787.335048153418,3,6407.5805267799005,2,7159.315186141333,1,7701.256819350553,0,8230.929115342396,0,44.41911816,-109.25792925,1659,0.9444235227741501
06430770,SD,17,1.7938887458563397,0.12229922699836066,0.5194467366218384,0.4368157449398414,-0.3,0.3,0.033643821640406246,31.831345118221336,1.502854991278178,0,17,62.115929512955425,7,78.8157963077729,3,89.34195034674156,2,102.18936436293629,1,111.4966540781798,0,120.620521768477,0,44.299151,-103.868814,1616,0.9444235227741501
06605850,IA,17,3.768259168140677,0.4917379397386908,0.07425065776178959,0.3859401416620784,-0.2,0.25,-0.09218692145890711,396.3485669059802,2.598077292235612,0,17,5967.789792816375,7,15281.489654222976,3,24739.693674407084,2,41052.45111142659,1,56714.17195390869,0,75644.77954606836,0,42.89581088,-95.24333032,382,0.9444235227741501
06052500,MT,17,3.7521035846195074,0.09773233983690793,0.1799567394306919,0.39438743353684247,-0.2,0.3,-0.03584521216258488,3307.7395551106065,3.519531306735646,0,17,5658.319236377312,7,6831.606971184567,3,7533.062450207514,2,8355.849454752952,1,8931.769364923495,0,9481.649038431302,0,45.8852061,-111.4382983,1250,0.9444235227741501
06478690,SD,17,3.1353662538359655,0.6785452325072782,-0.866290188113214,0.4389879472329484,-0.3,0.3,-0.5298915118576505,93.97954375316596,1.97303333230256,1,16,1566.8825546902187,7,5208.927604420081,3,9066.493730672713,2,15525.19425365056,1,21367.185502219167,0,27965.238409634145,0,43.41526106,-97.20533611,412,0.9444235227741501
06469400,ND,17,2.8043217402843554,0.6630481999197928,-0.7541445916862218,0.4449955387095677,-0.3,0.3,-0.4828781119170973,16.845163932871255,1.2264752417816662,0,17,720.2700835615098,9,2355.6617884070383,4,4096.821878662387,0,7046.439723857688,0,9752.001302358813,0,12848.801943397088,0,47.16749483,-98.96899981,461,0.9420788071685079
06477500,SD,17,2.5662011373841866,1.0816965066040505,-0.8381465222852843,0.4410518028056793,-0.3,0.3,-0.5178578556510436,4.600187588997055,0.6627755419435681,1,16,456.22799189974336,9,3110.9517924516563,4,7563.767992376994,0,17953.662467225746,0,30033.016230977202,0,46368.183509395734,0,43.7764,-98.24567222,400,0.9420788071685079
06862700,KS,17,2.3621234379119302,1.1797009846956261,-1.2504780065063335,0.3850764678322627,-0.2,0.3,-0.6600120085121085,2.9228480856838313,0.4658062435942698,1,16,309.7575325850063,9,2362.398645090598,4,5838.842143812167,0,13708.61294054772,0,22449.882045926184,0,33712.26514727822,0,38.71223487,-99.38177273,588,0.9420788071685079
06438000,SD,17,3.8803197421588647,0.6673174978611364,-0.6129413057341938,0.4434609199471437,-0.3,0.3,-0.4262775072655234,196.02598971651918,2.2923136552452137,0,17,8464.482150211737,9,28263.987221557196,4,50039.73752376632,0,88142.43798626542,0,124179.92876087445,0,166510.216528093,0,44.36970847,-102.56600064,665,0.9420788071685079
06772775,NE,14,2.0929890997636047,0.7834792896558996,-0.682109388904639,0.5477532291382717,-0.3,0.3,-0.43521955768651477,1.9657919975887885,0.29353756279498544,0,14,141.14248953254696,7,579.9563998106485,4,1131.1330515777477,0,2190.4953984470726,0,3266.2467123159468,0,4595.518212950758,0,41.090833,-98.077778,526,0.9419223283656032
06600100,IA,17,3.3019747452056496,0.8019197054026549,0.13433331009239144,0.39000183200697075,-0.2,0.25,-0.06940142458500417,24.754700342453262,1.3936576735313009,0,17,2047.6221146692178,7,9537.84915104893,4,21063.6529121341,3,48590.0745371567,0,82969.37180508587,0,133813.8119442131,0,42.98193136,-96.00112891,393,0.9391495085367184
06898000,IA,17,4.0003876088299535,0.20859649912072176,0.25367275696362795,0.4032282309240768,-0.2,0.25,-0.026372799166285085,3191.4896956953517,3.5039934465694045,0,17,10030.081878577139,7,15004.065123012706,4,18497.74906510374,3,23103.320797441662,0,26658.537128500542,0,30311.456207152958,0,40.64027956,-93.80827963,277,0.9391495085367184
06601000,NE,17,3.069784710981467,0.5856789115278916,0.3249410529193835,0.4129144703852496,-0.3,0.3,-0.037019903980203855,47.42996700601541,1.676052822541173,0,17,1184.1269543963813,7,3662.08955024188,4,6576.621966900979,3,12235.580802428118,0,18237.376163511646,0,26080.419037699226,0,42.32158056,-96.48768333,340,0.9391495085367184
06195600,MT,17,3.2912551726210872,0.23764871566165272,0.5133430587850126,0.4362414019518693,-0.2,0.3,0.0906694965376233,531.772480082718,2.725725858272961,0,17,1939.3864728694534,7,3091.3367633051903,4,3963.035200667615,3,5183.518775636122,0,6177.359520984518,0,7242.690244607086,0,45.7382686,-110.4799253,1350,0.9391495085367184
06606600,IA,17,3.97870632077293,0.45740791247235596,-0.27349907680468205,0.40585725626913477,-0.2,0.25,-0.22801641519634316,776.6388813190767,2.8902191290887718,0,17,9910.044856871633,7,23326.936654660996,4,35694.48012614295,1,55269.101107277405,1,72658.6890384966,0,92383.2205222836,0,42.47051664,-95.79764861,341,0.9382849776246268
06903400,IA,17,3.5862418897693558,0.2474310406506363,-0.6822512285662703,0.4455293920560422,-0.2,0.25,-0.3733396295233103,994.1083322178099,2.997433713895099,0,17,3995.8176552745986,7,6276.055915162963,4,7794.901744273497,1,9683.863391577894,1,11057.062004383115,0,12396.094106109067,0,40.95189005,-93.25984769,285,0.9382849776246268
06893620,MO,17,3.212812938793087,0.23642261334046685,-0.2726355172974909,0.40574126710556013,-0.3,0.14,-0.29298013947402246,446.8907473840775,2.6502013629359533,0,17,1676.2649512263692,7,2596.5867144570666,4,3216.774154105011,1,3998.8840987844064,1,4575.915133271673,0,5145.998476088733,0,39.11194,-94.47222,235,0.9382849776246268
06872500,KS,17,3.309977828950483,0.5557261843575058,-0.14330396934889944,0.39078325256632407,-0.2,0.3,-0.1753775020860149,97.16817033820872,1.9875240251081365,0,17,2119.405473215856,7,6050.531118314181,4,10254.67209721689,1,17722.98677426369,1,25025.566454448257,0,33942.18274268439,0,39.5550969,-98.69232475,466,0.9382849776246268
06332515,ND,17,2.0306919354490525,0.8437138758169597,-1.3371359934492104,0.36925555115340625,-0.3,0.3,-0.7649058158703919,30.412870352767772,1.4830574105926873,3,14,137.1733162064206,10,566.6732471499755,1,1046.121119105285,1,1838.7158939262874,0,2527.392586497703,0,3268.106522482137,0,47.78723694,-102.76852559,614,0.9347176306780139
06037100,WY,17,2.744650713589719,0.20260583622725897,-0.09299354219770355,0.3869766643579038,-0.1,0.3,-0.09694030751007596,183.02585645009307,2.262512447765212,0,17,559.6592714858324,7,824.2378882549274,5,1004.8635244378453,2,1237.3725541611684,0,1413.0094514276975,0,1590.3570404016493,0,44.640488,-110.861323,2074,0.9330109633871952
06860000,KS,17,2.331147776877703,1.068326911099622,-0.3571454547705585,0.41736876937308076,-0.2,0.3,-0.26571743633663764,0.6149859806389827,-0.21113478438804156,0,17,239.00674081749693,7,1742.885926739741,5,4637.527440368158,2,12596.808282033679,0,23453.48316814697,0,40377.72978284009,0,38.79480487,-100.85847128,804,0.9330109633871952
06713000,CO,10,2.855480007488576,0.3190749927024432,-0.6975526973690073,0.7882396774653315,-0.1,0.3,-0.2647300800759611,148.1236981598881,2.170624546412667,0,10,740.5313040734336,6,1340.5868644016032,1,1795.9109134640157,0,2420.880183157803,0,2915.120793242382,0,3429.118568504535,0,39.65359899,-104.8630326,1676,0.9307135789365265
06426160,WY,10,1.9572302329073907,0.3620019995756046,-2.074136955164161,0.4239502816847446,-0.1,0.3,-0.9180687286577353,NaN,NaN,1,9,102.77210434654506,6,184.6391348783828,1,235.09163421017894,0,291.03518781095795,0,326.72815296854225,0,357.6349151252223,0,44.267758,-105.438606,1359,0.9307135789365265
06426130,WY,10,2.049282640246213,0.5163812603159973,-1.8892883753260656,0.47342451777842215,-0.1,0.3,-0.7940386556915479,NaN,NaN,1,9,130.90161499196742,6,310.0134945608908,1,448.548774298825,0,628.5233482333866,0,759.2288796079388,0,883.6317096790232,0,44.266647,-105.438606,1358,0.9307135789365265
06914100,KS,11,3.8723166834281346,0.17883376543359814,-0.10110269133869541,0.6249986332695336,-0.2,0.3,-0.16792514979884718,3024.710156733453,3.480683764653879,0,11,7539.103431361228,6,10570.611282175962,1,12532.746117174267,1,14956.387917632283,0,16722.434362840253,0,18456.520836406715,0,38.34889,-95.20333,275,0.9303041338212595
06225000,WY,11,3.204105997731136,0.16724387602258836,-0.026942298618343477,0.6202090611838071,-0.1,0.3,-0.07618224886168658,688.4209724888315,2.8378540924768916,0,11,1607.78997903892,6,2215.3663839886167,1,2612.325713520439,1,3107.897253395021,0,3473.057751714234,0,3835.139276241293,0,43.24245665,-109.02290522,1729,0.9303041338212595
06918493,MO,17,3.2269041271941923,0.33690029174327163,-1.9835737154373518,0.2557305500766352,-0.3,0.14,-0.8956080977715386,861.0429134153131,2.935024796744058,2,15,1890.3871396070463,10,3271.4297956666965,2,4108.1915397837,0,5030.372238702405,0,5617.728124408589,0,6126.751886991845,0,37.266389,-93.249472,363,0.9285790855284907
06360500,SD,17,3.8101213888287306,0.5118251435709559,-0.29971115447517155,0.4094257878828771,-0.3,0.3,-0.2998778538094772,390.9653561359942,2.592138275795982,0,17,6849.641884640317,7,17645.38888371124,6,28017.703120246522,1,44794.023691998416,0,59881.67864002922,0,77093.58608656924,0,45.25581712,-100.8429214,509,0.9268724182376721
06078500,MT,14,3.2791598388714527,0.3507590664774302,-2.507654406979149,0.23053425964589871,-0.2,0.3,-1.5049040839621044,971.9437213823783,2.98764111862927,1,13,2309.8180302414744,8,3702.2321260586405,2,4323.765823244182,0,4832.936767042803,0,5072.159946075198,0,5232.477333277312,0,47.64078,-112.86032,1497,0.9255298092312965
06882000,NE,17,4.040327545999277,0.31995252796545676,-1.395379340016888,0.3584043436865099,-0.3,0.3,-0.7991063700538574,3698.235028327452,3.5679945077594,1,16,12092.424184896829,8,20617.299151832725,2,25903.723305620013,1,31898.9704885877,1,35838.3085032563,0,39347.76151721662,0,40.04468611,-96.58733333,364,0.9247852559846095
06923950,MO,17,4.242147119208497,0.3501059820195635,-2.0142807058652767,0.2511022329337713,-0.3,0.14,-0.9136485006000462,6789.903825014576,3.831863622798723,1,16,19712.846376092646,8,34763.207652965175,2,43938.60965041993,1,54056.62366541668,1,60490.08009782654,0,66050.9577375984,0,37.936944,-92.851361,216,0.9247852559846095
06400875,SD,17,1.8378371384847436,1.4752055707208014,-0.893721446495311,0.4366453041388853,-0.3,0.3,-0.5417940261722101,0.17324946851405348,-0.7613280890207319,1,16,93.422573962015,8,1264.5566138032168,3,4190.977366654568,2,13368.843206706957,0,26578.807123180544,0,47371.265861361506,0,43.18803166,-103.22658656,1015,0.9195112417471779
06038500,MT,17,3.339497774990831,0.13676060849351854,-0.06328629957834943,0.38543651484331926,-0.2,0.3,-0.14016351735233948,1032.8814404174686,3.0140504737679352,0,17,2201.362943148775,8,2853.848255457909,3,3255.242796060617,2,3734.213873026724,0,4073.6773586491677,0,4400.409223477429,0,44.86659278,-111.338288,1974,0.9195112417471779
06154400,MT,17,2.4361047881898714,0.7112300687707462,-0.6002003612917653,0.4428076688682444,-0.2,0.3,-0.36163014117834225,5.541158492887786,0.7436005723945498,0,17,301.22275807729767,8,1105.9107329974267,3,2068.3818739421513,2,3876.7821997927863,0,5695.671800017853,0,7939.505759111786,0,48.22360528,-108.7140458,830,0.9195112417471779
06904500,MO,17,4.284538360449141,0.18711745678510594,-0.3300016217358574,0.413616328182306,-0.3,0.14,-0.30758689155143,6906.492966618502,3.839257573874617,0,17,19684.177769686725,8,27807.289194886383,3,32910.62174350449,2,39038.977362805446,0,43383.229494071296,0,47551.47903509638,0,40.23433333,-92.686375,229,0.9195112417471779
06630000,WY,17,3.858309495360792,0.2552457198174014,-0.6228110412047504,0.44390947587591134,-0.1,0.3,-0.3108365566613478,1781.9882542641371,3.2509048371166345,0,17,7438.985013079861,8,11914.27401154876,3,14988.36477799525,2,18911.37616540813,0,21831.157985894974,0,24732.561570308073,0,41.87218127,-107.05754648,1962,0.9195112417471779
06809500,IA,17,4.027443699948651,0.27239440468916565,-1.0176707317829343,0.422493778687054,-0.2,0.25,-0.5039696268191942,4000.0504268602895,3.6020654663202425,1,16,11226.266677676665,8,18229.218755170295,3,22832.640959500866,2,28442.93735742172,0,32427.964552219335,0,36232.075628909726,0,41.0086043,-95.24165816,313,0.9195112417471779
06026210,MT,17,3.810796591028771,0.18543445089275398,-0.35209365356488387,0.41667338148927474,-0.2,0.3,-0.263666514269929,2341.6437841801117,3.369520829962993,0,17,6590.7821107994805,8,9305.925789227078,3,11030.44601224718,2,13122.293477617133,0,14619.63912736576,0,16067.976144688335,0,45.44048,-112.5564,1482,0.9195112417471779
06016000,MT,17,2.9909346807098474,0.04339052753526427,0.7851290999489553,0.44394289483615756,-0.2,0.3,0.19725996717768862,772.1094201654619,2.887678851121617,0,17,976.1329441527125,6,1064.0826715718351,3,1115.2636851394868,3,1174.251436665773,1,1214.9770898383488,0,1253.490915386441,0,45.1163101,-112.7505793,1606,0.9157174122032968
06664400,WY,10,2.1513162119560496,0.768302837982901,0.7792114266705964,0.784407433422526,-0.1,0.3,0.1432327738373283,3.178689479241005,0.5022481044989406,0,10,135.82533111920557,4,619.4556338450006,2,1402.7003842262066,2,3415.7043742757155,0,6131.810360786749,0,10450.409889349094,0,41.844139,-105.221369,1627,0.915298244508295
06868200,KS,17,2.5276108307760836,0.6995221382409272,-0.9191190785407973,0.4342008329473443,-0.2,0.3,-0.4938374813553384,7.29403449742146,0.8629678129953593,0,17,384.56805258587,11,1338.825031829907,0,2393.406215079134,0,4223.835547269551,0,5932.206978809306,0,7910.372813210695,0,38.97639986,-98.48923175,444,0.9150793638884733
06345500,ND,17,3.1946591353209115,0.7161112069754236,-0.37503490090684927,0.41981174307582014,-0.3,0.3,-0.3312727188582191,30.941356053962068,1.49053934342435,0,17,1714.479224097765,8,6396.677325067225,4,12113.293850821514,1,23072.283499113877,0,34301.984601747965,0,48374.14833916091,0,46.74555556,-102.30833333,664,0.9133726965976547
06227600,WY,17,3.8595285908346777,0.1867033621684336,-0.3634410162891257,0.41823233918635516,-0.1,0.3,-0.21003724084085232,2601.556243425255,3.415233219409527,0,17,7346.15484912365,8,10429.485095242475,4,12422.482982381574,1,14876.722167342174,0,16658.317138110127,0,18401.369474226904,0,43.143847,-108.707895,1611,0.9133726965976547
06357800,SD,17,3.755847883730124,0.4990737757581603,-0.9291607106906662,0.43316466917495056,-0.3,0.3,-0.5574431381419446,370.0062173813877,2.5682090217744067,0,17,6338.636951732839,8,15260.013161509027,4,22819.71437707813,1,33645.74649702249,0,42316.51532709105,0,51291.164080756644,0,45.65777405,-100.81819331,500,0.9133726965976547
06921720,MO,17,3.9943542320105023,0.2362160605005894,-1.557017106121067,0.3282456942685579,-0.3,0.14,-0.6758334502826551,4746.304170008599,3.67635556681924,1,16,10489.957862837844,8,15733.511196166404,4,18831.663973523555,1,22297.29659657643,0,24575.515366936826,0,26621.223225592585,0,38.554978,-93.965353,226,0.9133726965976547
06351200,ND,17,3.308852221646726,0.5851794117404201,-0.23800940294161646,0.4012109443376244,-0.3,0.3,-0.27347848137897746,82.47246700540241,1.9163089858424858,0,17,2165.1839341561877,8,6419.527944930766,4,10954.087633592777,1,18889.252210208062,0,26499.14656837073,0,35612.59332821863,0,46.126948,-101.333187,570,0.9133726965976547
06025500,MT,17,3.8079705353493893,0.1753216543662001,-0.2720654996820768,0.40566477140830676,-0.2,0.3,-0.2306372810158517,2459.008637779003,3.3907600542910425,0,17,6526.862800020562,8,9060.337063172243,4,10663.05566306429,1,12605.306891218403,0,13996.019588730542,0,15342.50438801049,0,45.5265933,-112.7016903,1538,0.9133726965976547
06436180,SD,17,2.6818833705288805,0.43483270469818175,-0.5175450350236569,0.4366384971432055,-0.3,0.3,-0.3885963885409176,44.37292768831361,1.6471180840452198,0,17,512.8400091090538,8,1131.3741678760107,4,1651.7227044489994,1,2409.8600156795483,0,3033.7894446897626,0,3698.3167498236585,0,44.44220651,-103.62936057,1122,0.9133726965976547
06746110,CO,17,2.244876715521876,0.15264092135012175,-0.1201296618381476,0.38885281353283746,-0.1,0.3,-0.108766602143168,76.14462577410634,1.8816392566016218,0,17,176.86555820568316,8,236.63715205929915,4,274.55569764528093,1,320.85147757806897,0,354.31477658174276,0,387.0096657755131,0,40.56192642,-105.86390006,2968,0.9133726965976547
06233000,WY,11,2.81424769588303,0.3226993821440305,-0.04617978147390351,0.6209311501757337,-0.1,0.3,-0.0824676735554575,128.10307558637388,2.1075595567092167,0,11,658.6923606113146,4,1221.9433078188238,3,1678.2238099449235,2,2343.8529100248898,0,2901.5729520626596,0,3510.242556106758,0,42.7166259,-108.64344551,1674,0.9068033509281496
06099500,MT,17,3.7830759560197085,0.28970691569315066,0.3644094063473537,0.4183648370655056,-0.2,0.3,0.035705888105386246,1240.6934042755925,3.093664473455171,0,17,6044.382619942209,6,10626.323372987952,5,14303.429131512192,3,19669.986150883582,0,24187.67872356577,0,29149.533615509987,0,48.427205,-111.8897444,945,0.904304852816342
06821080,MO,17,3.581279163048295,0.3863883923544011,-1.870052993192129,0.27358518070304616,-0.3,0.14,-0.8314683148783313,1210.2948050804232,3.082891169180315,1,16,4307.653314591746,9,8163.35296712547,2,10702.409269285357,1,13673.006894360746,0,15663.094565509733,0,17454.160768316826,0,39.567778,-94.407,275,0.8998729749576374
06468170,ND,17,2.786237941310505,0.8616120035746226,-0.8941426818881356,0.4366068774766522,-0.3,0.3,-0.5419781976201958,5.44342126031612,0.7358719451844933,0,17,730.666629569795,9,3346.208082354207,2,6736.887989778566,1,13263.572994128646,0,19812.57221121747,0,27765.181340717118,0,47.5580525,-98.862885,446,0.8998729749576374
06908000,MO,17,4.124845567603376,0.1456244284002409,-1.291365314343793,0.3776787416713324,-0.3,0.14,-0.5681028461011207,7855.3625843138525,3.8951662358091554,1,16,13758.337620560767,9,17768.654849630704,2,19970.509971829273,1,22347.600158601905,0,23878.808368417438,0,25241.453257773217,0,38.99224236,-93.19687131,189,0.8998729749576374
06919500,MO,17,4.019624099719985,0.36762140266101895,-1.1908106052896366,0.39556207412917777,-0.3,0.14,-0.5328646682895402,3981.314069838398,3.600026438678705,2,15,11275.399119855752,9,21607.94006004639,2,29163.125048812726,1,39006.6170080059,0,46354.71276106731,0,53606.63680040441,0,37.83420277,-93.87549183,230,0.8998729749576374
06923940,MO,17,4.185699326687122,0.2954379580804343,-2.052145064122098,0.2455142042625398,-0.3,0.14,-0.9362938285149186,6889.970936055178,3.8382173899283107,1,16,17027.658107956664,9,27404.703605460854,2,33307.356762719326,1,39538.33999091806,0,43368.27736971878,0,46602.3166743806,0,37.86333,-92.89806,225,0.8998729749576374
06876900,KS,17,3.6045775584882858,0.354373152121134,-1.2392972548559211,0.3870725573752368,-0.2,0.3,-0.6537936686743497,1585.766509330778,3.2002392415097876,2,15,4394.78775091749,9,8097.440111846722,3,10635.585772804292,0,13759.814354264654,0,15971.419515386915,0,18061.69271754419,0,38.96904965,-97.4771319,350,0.8937344298081141
06912500,KS,17,3.121444440589942,0.4276023167297481,-1.1555019681977832,0.4015390909546186,-0.2,0.3,-0.6086024487520366,270.433555166324,2.432060577504231,1,16,1460.7356788976388,9,3075.9989842519053,3,4306.118405894323,0,5936.055973514165,0,7160.880239770745,0,8370.023243967089,0,38.6449228,-95.5598009,291,0.8937344298081141
06808500,IA,17,3.9169035990226737,0.32570110632156934,-0.3053451886727099,0.4102019922113644,-0.2,0.25,-0.2398912718817514,1386.2362327557535,3.141837246033395,0,17,8509.706481729483,7,15635.887698122306,3,21137.32935333815,3,28796.695000159372,0,34931.23678834805,0,41375.75172916212,0,40.87305473,-95.58027462,287,0.8908051311763245
06910750,MO,17,4.247706922349367,0.19388013274695814,-0.7656598824278582,0.44466084216202134,-0.3,0.14,-0.41150461744423444,8290.205859301246,3.918565314922837,1,16,18237.703117471276,7,25913.72008185318,3,30624.9318495729,3,36156.018923927346,0,39990.183136742606,0,43600.27887071645,0,38.52903056,-92.19203056,175,0.8908051311763245
06718550,CO,17,2.2018999673850166,0.23394922963022025,0.025303747749017065,0.3843009738603954,-0.1,0.3,-0.045066387802081234,44.17476705531553,1.6451742680405381,0,17,159.8295667765963,7,250.7792700180063,3,316.64055637491174,3,405.34100928122325,0,475.006794056454,0,547.4983590063631,0,39.748877,-105.399716,2125,0.8908051311763245
06928000,MO,17,4.659187654999956,0.2702077666417863,-1.493783950465702,0.3399867165537455,-0.3,0.14,-0.6481966214923038,18944.131137788903,4.277474691388949,1,16,48774.20784307053,7,77770.21096733144,3,95797.7223354457,1,116677.85619043797,1,130799.8283684839,0,143744.98930884,0,37.75920725,-92.4518383,261,0.8899406002642329
06878000,KS,17,3.5100217888615917,0.30932412506249285,-0.5916847645762534,0.44232495131165456,-0.2,0.3,-0.35829378921623106,921.4910914674917,2.9644911410252917,1,16,3376.429855081262,7,5946.482943125155,3,7810.626458790447,1,10270.48250169609,1,12146.283230723206,0,14040.127246531658,0,39.031109,-97.0402922,345,0.8899406002642329
06634620,WY,17,2.7131173889173605,0.330519586620549,-0.9198314170800778,0.43412860339161735,-0.1,0.3,-0.435022261750538,154.52717705540317,2.1890048708627186,1,16,545.774115698484,7,990.6832364208318,4,1313.2130826970556,2,1735.5484660228863,0,2054.2075628811876,0,2372.532278693941,0,41.96107644,-106.20918427,2013,0.8846665860268015
06347000,ND,17,2.535634898707935,0.7841517300492651,-0.10958702916409248,0.3880728312432391,-0.3,0.3,-0.21697987675583935,4.6730457050202805,0.6696000286898458,0,17,366.41442189997,7,1594.0238720192926,4,3315.842236247981,2,7049.53752552927,0,11309.860162715664,0,17136.855346476113,0,46.5452839,-101.6454228,597,0.8846665860268015
06395000,SD,17,3.0477637680331062,0.4566747772143364,-0.23946789322928397,0.4013962111604826,-0.3,0.3,-0.2741093097706229,91.41578817338066,1.9610212080362601,0,17,1171.125722557805,7,2734.762772949945,4,4149.38178947193,2,6347.2914382511435,0,8265.46120354056,0,10408.637985448004,0,43.30552863,-103.82103115,1043,0.8846665860268015
06600500,IA,17,3.647460864789863,0.5885289231522544,-0.2752909578694685,0.4060983117221719,-0.2,0.25,-0.22868890093309324,176.58216762466162,2.246946843673941,0,17,4676.006152358772,7,14066.28058990072,4,24311.843452430086,2,42661.61138914716,0,60649.18724975863,0,82595.25110478306,0,42.57665963,-96.31141563,341,0.8846665860268015
06632400,WY,17,3.0887399444116888,0.21037639241918063,0.05307502089299136,0.3850373987849264,-0.1,0.3,-0.032963504840244226,387.3559176106933,2.5881101950414527,0,17,1229.9733916857308,7,1845.550273084126,4,2278.2154554817503,2,2848.691854235355,0,3289.06183758272,0,3741.481961696739,0,41.58524549,-106.22279085,2375,0.8846665860268015
06609500,IA,17,3.8647211829849035,0.46731773937317195,-0.4740139570624081,0.4321804741867322,-0.2,0.25,-0.30041842570658317,565.7853725072273,2.752651715263932,0,17,7728.373742755516,7,18334.940373947018,4,27962.670375028203,2,42912.67857781552,0,55930.5951659353,0,70434.37356501742,0,41.64249027,-95.7827863,316,0.8846665860268015
06903900,IA,17,3.2318558560420256,0.1995520790880395,-1.1546014413463952,0.4016889139511424,-0.2,0.25,-0.566202884885181,818.7317772278172,2.9131416468777314,1,16,1780.717171112479,7,2528.611693030715,4,2968.0253990290207,2,3463.253354616373,0,3793.075380511947,0,4093.406908506899,0,40.82187224,-92.8912543,268,0.8846665860268015
06348300,ND,17,3.2935913003232486,0.62786193819286,-0.2781181010683293,0.4064796407774327,-0.3,0.3,-0.290708055405139,63.01980502268545,1.7994770551740202,0,17,2108.5003262243195,7,6743.892890731698,4,11916.975194098863,2,21257.509093633467,0,30425.56370557555,0,41583.93396685865,0,46.703333,-101.213611,540,0.8846665860268015
06473000,SD,17,3.2871862787440187,0.42459885074660053,0.11394218303501127,0.3883873393474616,-0.3,0.3,-0.11960351707191622,189.13606573232673,2.27677435092364,0,17,1975.369764175293,7,4433.8596330673845,4,6692.762156981085,2,10298.209258030745,0,13543.675064144667,0,17276.90218766127,0,44.99830768,-98.48092708,383,0.8846665860268015
06130500,MT,17,3.6459754728364735,0.463190259749962,-0.40567825924483497,0.42389020708792974,-0.2,0.3,-0.2852387242834402,349.7261528434832,2.5437281104645724,0,17,4655.525396141533,7,10985.660170694575,4,16735.62204784585,2,25684.095000404035,0,33498.002650372095,0,42227.73146427805,0,46.99471,-107.889,764,0.8846665860268015
06024450,MT,17,3.2929203963920397,0.2609043567727312,-0.4354706491802961,0.4276676327672805,-0.2,0.3,-0.29707892940825775,469.9481661050575,2.6720499591783526,0,17,2022.1881794952155,7,3276.5244068432503,4,4148.493933399158,2,5271.618174786545,0,6114.291275288188,0,6956.906303779735,0,45.618534,-113.457837,1842,0.8846665860268015
06090500,MT,12,3.098603576116591,0.26170477470818665,0.5942414396809295,0.64283629753953,-0.2,0.3,0.05271877262901928,327.54079792195273,2.5152654026754355,0,12,1248.2575793121812,5,2080.4749414102557,2,2725.4244746323,2,3643.1717297597356,0,4399.968983809348,0,5218.498846294127,0,47.2074619,-110.9266164,1304,0.8805996672880037
06339100,ND,17,2.6247649668204405,0.722580673147821,-1.7603366589020328,0.2919145793441694,-0.3,0.3,-1.0401422653856875,92.71710379501741,1.9671598571068851,2,15,559.5271823737364,10,1734.50015591339,1,2714.7260873752216,0,3977.6153311552293,0,4856.378149202959,0,5649.072725324119,0,47.23612594,-102.76990736,664,0.8802347081680969
06804700,NE,17,3.463670520238547,0.23469526724808565,-2.100362672146569,0.23858845102254342,-0.3,0.3,-1.3028228429676516,1940.6066419183608,3.2879375134631075,2,15,3259.495834055441,10,4575.127281703331,1,5167.347893551498,0,5681.743087342221,0,5943.911802524561,0,6133.979466201472,0,41.053611,-96.367778,324,0.8802347081680969
06918060,MO,17,4.094413489841525,0.3130026788351612,-2.847270922465893,0.15595217279044407,-0.3,0.14,-1.5049850007275898,6625.532844841163,3.821220811253159,1,16,14782.509344273749,10,22520.299256083636,1,25865.071757349408,0,28566.285677072763,0,29824.58304436112,0,30664.21954962319,0,37.862028,-94.39925,229,0.8802347081680969
06741510,CO,17,2.9430769698026835,0.2812423489869027,-0.2786149894093701,0.40654678448872833,-0.1,0.3,-0.17583998398858453,187.84883148140227,2.273808497867557,0,17,893.9545900545613,7,1520.0519938642342,5,1985.1582985861173,1,2618.2843771266903,0,3117.647064992767,0,3637.3454135219763,0,40.37859462,-105.06109091,1497,0.8785280408772782
06893100,KS,17,3.6381850859807887,0.3037665724007071,-0.2773149558621205,0.4063711895974856,-0.2,0.3,-0.23283611662000703,822.8412127706895,2.915316035612205,0,17,4466.46096796428,7,7882.576561794843,5,10450.144132235017,1,13959.737637915934,0,16730.22376519183,0,19610.61919829776,0,38.842222,-94.612222,264,0.8785280408772782
393109104464500,CO,17,2.418511121610377,0.44141646402565393,0.17059224509766982,0.3934073512951125,-0.1,0.3,0.01707068489781835,23.338801776515645,1.3680785554280566,0,17,261.36970446683625,7,616.0919815311875,5,966.0724403019567,1,1562.7153596369951,0,2133.5648842079027,0,2824.469231001436,0,39.519156,-104.779698,1769,0.8785280408772782
06318500,WY,11,2.906363278667194,0.2237054694236491,-0.09564474536670779,0.6244669168883749,-0.1,0.3,-0.09858667047341682,260.894303700606,2.416464596929271,0,11,812.9025361458043,5,1246.3223694043036,2,1550.9172508193546,1,1951.2298355571052,0,2258.843110605753,0,2573.422164145331,0,44.33275055,-106.77727353,1586,0.876453302253405
06410000,SD,17,1.5976300148940366,0.2766788530463505,-0.10997695628123713,0.3881005431930927,-0.3,0.3,-0.21715322174999102,8.694031917154003,0.9392212302208658,0,17,40.51693704646951,7,68.06523803545844,6,88.13638813674093,0,115.00641018489003,0,135.87813235176154,0,157.33251623792916,0,44.02914848,-103.7818652,1771,0.8723894957277549
06623800,WY,17,3.1003413943752145,0.15979640733015385,-0.49835485432444143,0.4347653275478407,-0.1,0.3,-0.26264574799162843,524.8994598584186,2.72007612586277,0,17,1280.3513836691375,8,1723.6925784137557,2,1995.7741208461766,2,2318.139216759542,0,2544.537109133927,0,2760.5289060319883,0,41.0235791,-106.824766,2520,0.8711668643867841
06716100,CO,17,2.660735625609223,0.17991517729853584,-1.5625855929233399,0.3272187965847357,-0.1,0.3,-0.7995576029707274,253.76614888672032,2.4044336889478,1,16,483.58252536989454,8,652.7635247747733,2,742.13873386824,2,834.2736972138807,0,890.7011763540291,0,938.7150332679973,0,39.758876,-105.660003,2512,0.8711668643867841
06025250,MT,17,3.80929341075604,0.1699087138724141,-0.408817764836329,0.42429813893074336,-0.2,0.3,-0.286491081619207,2540.7622505092736,3.4049640282449136,0,17,6567.443728514615,8,8997.863548517114,3,10499.437139066638,1,12284.37498768721,0,13540.296448002757,0,14739.492255845098,0,45.701315,-112.735305,1621,0.8650283192372609
06866500,KS,17,3.303200079153586,0.38354363382139434,-0.865351580824466,0.43906242538200235,-0.2,0.3,-0.47007931589022245,245.74612305235448,2.3904866750280775,0,17,2153.5206245216264,8,4281.351930369954,3,5907.596546012072,1,8105.803389289056,0,9801.992355081951,0,11520.72729195951,0,38.71114298,-97.57166817,382,0.8650283192372609
06773500,NE,17,2.59454232610948,0.6045371330391841,-1.1636931971140145,0.40017004717726085,-0.3,0.3,-0.6700643296279232,41.776747989676494,1.6209346303521193,1,16,458.7624172495767,8,1296.3731096162192,3,2056.3419404168435,1,3174.315550763325,0,4077.3656172214546,0,5010.004666499379,0,41.328903,-97.67533,471,0.8650283192372609
06910800,KS,17,3.7313149731293995,0.37152095130198187,-0.1788638967549025,0.3942710934526555,-0.2,0.3,-0.19086692354999849,703.4152473291225,2.8472117779120203,0,17,5535.120545937459,8,11141.415480938973,3,15819.85258015978,1,22734.950952330062,0,28561.838166326583,0,34926.80097256918,0,38.56700524,-95.96163206,324,0.8650283192372609
06910230,MO,17,3.88780782508843,0.21971596110463484,-0.8797046534758947,0.437882056796012,-0.3,0.14,-0.440441549503368,2317.142992100321,3.3649528351555142,0,17,8014.737851501112,8,11907.805272347105,3,14355.005536722681,1,17267.442780057238,0,19305.3339367526,0,21235.03047549613,0,38.92775,-92.3399444,183,0.8650283192372609
06089000,MT,17,3.6226473217443953,0.3572447580240504,-0.3054212824814736,0.4102124910700253,-0.2,0.3,-0.24453087652231084,592.2662473818684,2.7725169833694854,0,17,4337.044875972978,6,8448.217358500819,3,11751.860579468641,2,16482.138937933272,1,20356.23173589332,0,24492.567526938074,0,47.52573556,-111.51184167,1012,0.8612344896933797
06038800,MT,17,3.4420065993110183,0.13935023623227472,-0.6138028046233849,0.44350208088902415,-0.2,0.3,-0.3669677120991741,1289.4271110339898,3.1103967972917768,0,17,2821.7090162123664,8,3639.7494324196405,4,4113.632557877921,0,4650.588408040864,0,5013.091386272629,0,5348.473610969479,0,44.889369,-111.580243,1805,0.8588897740877376
06446500,SD,17,3.8541897683760853,0.309564241297182,-0.9846945495206026,0.42677318132241526,-0.3,0.3,-0.5826306337864942,2066.800197332709,3.315298494338934,1,16,7657.625964447438,8,13168.174029722228,4,16851.16983996512,0,21350.85830473091,0,24536.1087009729,0,27558.467263722636,0,43.693883,-101.932652,701,0.8588897740877376
06913500,KS,17,3.9570183447002565,0.2853871015110541,-0.6761384646577318,0.44544908600545163,-0.2,0.3,-0.3916181025356772,1896.2110075444189,3.2778866633360364,0,17,9453.716057356327,8,15885.543148944174,4,20357.017513429975,0,26072.53164001552,0,30314.65438823815,0,34510.3049398723,0,38.61818614,-95.26821267,268,0.8588897740877376
06414000,SD,17,2.744588690983217,0.23527663887461142,0.2895296644243241,0.40803003841447993,-0.3,0.3,-0.050209892615086696,153.0044896024319,2.184704174483973,0,17,557.9014453834801,6,877.3137133912372,4,1108.7019712409267,3,1420.3340030648917,0,1665.0566516789172,0,1919.653524087598,0,44.0858211,-103.2424041,994,0.8559604754559481
06935997,MO,17,2.837291218667521,0.3086860543097412,-2.6252136632875738,0.1761566840810603,-0.3,0.14,-1.3296474161425504,344.5692163368351,2.537276475165911,1,16,800.9700249136042,9,1246.1206253635557,1,1457.8697292864872,1,1645.5569099091792,0,1741.9561361515773,0,1811.8504812259716,0,38.848472,-90.286083,143,0.8515285975972436
06701620,CO,15,1.371657694975719,0.4657890356225129,-1.1336058884476339,0.46212298623039877,-0.1,0.3,-0.5068657843112854,5.256551113916348,0.7207008917848748,1,14,25.754501816337147,6,58.972748479618964,4,86.62527747207268,1,126.03577115431546,0,157.62585537181872,0,190.441783003259,0,39.167491,-105.122211,2267,0.8465939144942626
06813000,MO,17,3.845186563028096,0.23665968777896776,-1.601434814294026,0.32009476263233777,-0.3,0.14,-0.6960072767591153,3126.1402979762306,3.495008464812287,1,16,7454.758347878742,9,11169.074108008825,2,13348.405180313424,0,15770.262086838002,0,17352.032772627183,0,18764.675792421313,0,40.33918333,-95.40590556,271,0.8453900524477203
06803486,NE,17,3.3432683586129253,0.40951572082116344,-1.5756713201159012,0.32481105394807996,-0.3,0.3,-0.9125074030245497,892.9205928723542,2.950812838943717,2,15,2539.3470465963405,9,4931.566656778629,2,6487.122929375792,0,8268.568327234905,0,9432.494787694597,0,10456.176214597608,0,40.855278,-96.779444,352,0.8453900524477203
06307600,MT,11,1.202038356864888,1.0459984544123262,-0.5599936543091746,0.7035288849489352,-0.2,0.3,-0.30761832361033425,0.08154135794535136,-1.088622060319941,0,11,18.013187636982458,4,124.25868726074327,1,318.7043112484889,1,827.8514350663182,1,1493.1459989520695,0,2493.539428735076,0,45.29915667,-106.5083711,970,0.8402400624653896
06772100,NE,17,2.226755433141126,0.7218604367127534,-0.9911234363107644,0.42596550801100336,-0.3,0.3,-0.585601765655906,11.704130473169862,1.0683391544930125,1,16,198.0797196841762,7,700.6313256481473,3,1244.1891079450106,2,2158.098210333202,0,2982.0546239338832,0,3906.4571425645872,0,40.874722,-98.378333,568,0.8363222086664076
06085800,MT,17,3.5925650623942995,0.41829836648176305,-0.7927752307308735,0.4436094244560405,-0.2,0.3,-0.4391478151979431,793.6110848214348,2.899607725228735,1,16,4198.477674248057,7,8923.173950580293,3,12739.248019245248,2,18113.53850489312,0,22404.74158071902,0,26866.425420977375,0,47.50245,-111.9324942,1087,0.8363222086664076
06079000,MT,14,3.389402457328712,0.36186708301809534,-2.43174156925625,0.24076042685033117,-0.2,0.3,-1.4381129193874642,1197.448166272774,3.078256723264955,1,13,2971.5160384854335,7,4893.542422300544,1,5795.284392993895,1,6566.256727165466,0,6944.232014150581,0,7206.564113943639,0,47.628833,-112.860602,1447,0.8319685024576394
06921070,MO,17,4.154466960371824,0.2753365723033527,-0.7369898488130132,0.4453681947293269,-0.3,0.14,-0.4045129875259292,3156.8386298548116,3.499252382349998,0,17,14893.067456043722,7,24542.79940787981,4,31136.024602508118,1,39456.11730046288,0,45564.75699070166,0,51557.13596522683,0,37.68265278,-93.37033333,292,0.8301836635168844
06803555,NE,17,4.156463931952301,0.25207630402164327,-1.0656679557790119,0.4157048131112342,-0.3,0.3,-0.6209429118342449,5903.723003999976,3.771125972687547,1,16,15219.386078563082,7,23580.261499185843,4,28718.306009559492,1,34643.878684773816,0,38646.45724704914,0,42317.44298771132,0,40.96550556,-96.45436667,334,0.8301836635168844
06932000,MO,17,3.944765448692132,0.32751878919974786,-1.0126313587323093,0.42316922641245447,-0.3,0.14,-0.4771552591004943,3632.4007406992696,3.5601937555631595,2,15,9348.070515307563,7,16796.09942561697,4,22091.84992184464,1,28907.339082426526,0,33966.83407348962,0,38954.123159041315,0,37.90953611,-91.90332222,213,0.8301836635168844
06893890,MO,15,2.4679551856892465,0.3453122640879372,-0.6549201760999646,0.5083297241719401,-0.3,0.14,-0.3766412872978462,46.19373374620202,1.6645830668111166,0,15,308.7347498538915,7,579.5204392975489,3,783.8650748575976,0,1060.4521040618588,0,1275.4262663724317,0,1495.3001480359278,0,39.02556175,-94.34383852,233,0.8243372121327833
06307740,MT,10,1.7053402181445354,0.6742191160121597,-0.11413745498057419,0.6971541065078666,-0.2,0.3,-0.174167720578279,1.8122216606840997,0.2582113170297362,0,10,53.0765394702284,4,189.55193360642218,2,359.6181220666446,1,698.7382016159556,0,1062.346373527789,0,1538.1579424240078,0,45.583889,-106.2552918,890,0.8226772762414359
06928300,MO,17,4.118487919842089,0.27460921515884756,-1.1220438293149102,0.4070079878701925,-0.3,0.14,-0.5103920576227451,2917.4553854321553,3.4650042234119143,0,17,13859.74823121617,8,22580.159601126914,3,28315.182200853753,0,35302.27992291007,0,40261.99200089932,0,44993.065249672916,0,37.601083,-92.233806,300,0.8105453967273438
06923250,MO,17,4.15012936211458,0.3224699169385102,-2.436303051011824,0.19604904379448554,-0.3,0.14,-1.189996364115717,6479.177641896731,3.8115198873134215,1,16,16314.3179557857,8,26445.3478669785,3,31699.499806598422,0,36725.54269309241,0,39509.90239948689,0,41659.19601538241,0,37.684207,-92.92435,280,0.8105453967273438
06905500,MO,17,4.3825983284250825,0.2356579551494754,-1.1576844703326858,0.40117541242785626,-0.3,0.14,-0.5218796772526749,9357.146947092391,3.971143449804929,1,16,25293.624770718645,9,38414.536587749695,1,46601.42016365816,0,56229.77935586347,0,62874.85260317577,0,69087.79752211792,0,39.53994167,-92.79075,196,0.7970456750873265
06660000,WY,11,2.9384787903613914,0.327560771518723,-2.367014122516675,0.32233963464312493,-0.1,0.3,-1.1928184529738366,539.9191139866838,2.732328702451806,1,10,1004.7229648622148,5,1640.4094032034823,2,1971.2561900752387,0,2288.1208992109177,0,2463.716226838892,0,2599.236467244276,0,41.32664414,-105.60804544,2174,0.7922524220108059
06311000,WY,14,2.2301653413540863,0.5485484010561812,-2.6183199522710043,0.2165813321712987,-0.1,0.3,-1.562491845196563,65.98017671316966,1.8194134743716726,1,13,232.653423411409,6,478.7795604657725,2,603.2237413706913,1,708.9094748488237,0,758.8211050715145,0,791.929881010349,0,44.02774228,-107.08089545,2533,0.7896571347971822
06919020,MO,17,3.893589519881357,0.1781306148006974,-1.5752583888462401,0.32488691184294394,-0.3,0.14,-0.6840421614166454,4501.20402209334,3.6533286982664546,1,16,8198.81002399207,7,11124.16839490639,3,12731.828407092651,1,14450.391230335845,0,15541.381331909195,0,16497.967989244375,0,37.735875,-93.77968333,235,0.7818392861564907
06659580,CO,13,1.9450643684390838,0.6296539403698751,-2.4332181688929904,0.26003451662355315,-0.1,0.3,-1.3498612672804298,28.145810005586295,1.4494137516956154,1,12,120.85359355188095,6,295.8718107771866,2,405.5357693477623,0,516.2455075013246,0,577.7170379188219,0,624.0589286097373,0,40.99359,-105.760276,2323,0.7791530926532276
06622900,WY,13,2.5413808120534784,0.6068444729528273,-2.5812234376034713,0.23903567225531855,-0.1,0.3,-1.4809235076532483,128.13152061075976,2.107655980200521,1,12,484.5354164497121,6,1104.0451491246943,2,1451.919862493788,0,1770.8687658895803,0,1932.2138345117546,0,2045.0321766083907,0,41.343856,-106.526416,2477,0.7791530926532276
06050000,MT,10,2.434206585975037,0.23056530795476302,-2.321273617579765,0.366384094717379,-0.2,0.3,-1.1549779028622018,NaN,NaN,1,9,300.3340539033477,5,425.8083607986674,0,486.2283506632827,0,542.2517538019924,0,572.8176744377308,0,596.3051352290729,0,45.56159687,-111.070781,1697,0.7071067811865476
06298000,WY,15,3.0679018092203005,0.4200932905750056,-2.661389299252676,0.19670985236273444,-0.1,0.3,-1.6470133844147061,524.8923840066559,2.7200702713623883,1,14,1504.7262772048127,7,2567.4607473903425,0,3025.1831417676144,0,3377.0751904891495,0,3530.0347786780453,0,3625.5700260475155,0,44.84941233,-107.30452531,1278,0.6599663291074443
06228350,WY,11,3.089933700155612,0.44844456246095493,-2.7418979008863205,0.26079086355097125,-0.1,0.3,-1.5133064958428268,805.9516073750957,2.906308965774184,1,10,1579.0826121381517,4,2880.856340589613,1,3508.1950502842656,0,4038.6099250423586,0,4291.979226959152,0,4462.887156550017,0,42.96828927,-109.03762802,1957,0.5889735149653705
06746095,CO,17,2.0547078189383936,0.3948148395365475,-3.0803689632836733,0.1379036666713811,-0.1,0.3,-2.1417976761452313,84.0943841689668,1.9247669945391368,2,15,152.20560055895334,7,226.25787618428475,0,247.62266294943979,0,258.9918953589186,0,262.3345450192391,0,263.84278678103215,0,40.53998222,-105.88278996,3063,0.5823232315653921
06278300,WY,16,2.811064945950819,0.44811770009094976,-3.4229226235898658,0.12372690409004755,-0.1,0.3,-2.452639819314164,395.12337308180395,2.5967327206463082,1,15,934.1520976825875,4,1357.004572086109,1,1450.3656601862306,1,1488.4880155242854,0,1496.8133003518326,0,1499.7494288430275,0,44.50801953,-107.40368855,2767,0.4628073967054791
